State,District,Disease,Year,Week,Cases,Deaths
Maharashtra,Pune,Dengue,2017,1,31,0
Maharashtra,Pune,Dengue,2017,2,24,0
Maharashtra,Pune,Dengue,2017,3,22,0
Maharashtra,Pune,Dengue,2017,4,13,0
Maharashtra,Pune,Dengue,2017,5,15,0
Maharashtra,Pune,Dengue,2017,6,7,0
Maharashtra,Pune,Dengue,2017,7,4,0
Maharashtra,Pune,Dengue,2017,8,0,0
Maharashtra,Pune,Dengue,2017,9,6,0
Maharashtra,Pune,Dengue,2017,10,0,0
Maharashtra,Pune,Dengue,2017,11,4,1
Maharashtra,Pune,Dengue,2017,12,0,0
Maharashtra,Pune,Dengue,2017,13,8,0
Maharashtra,Pune,Dengue,2017,14,0,0
Maharashtra,Pune,Dengue,2017,15,11,0
Maharashtra,Pune,Dengue,2017,16,20,0
Maharashtra,Pune,Dengue,2017,17,15,0
Maharashtra,Pune,Dengue,2017,18,20,0
Maharashtra,Pune,Dengue,2017,19,26,0
Maharashtra,Pune,Dengue,2017,20,30,0
Maharashtra,Pune,Dengue,2017,21,55,0
Maharashtra,Pune,Dengue,2017,22,52,0
Maharashtra,Pune,Dengue,2017,23,60,0
Maharashtra,Pune,Dengue,2017,24,69,0
Maharashtra,Pune,Dengue,2017,25,78,0
Maharashtra,Pune,Dengue,2017,26,76,0
Maharashtra,Pune,Dengue,2017,27,87,0
Maharashtra,Pune,Dengue,2017,28,99,0
Maharashtra,Pune,Dengue,2017,29,95,0
Maharashtra,Pune,Dengue,2017,30,107,0
Maharashtra,Pune,Dengue,2017,31,117,0
Maharashtra,Pune,Dengue,2017,32,119,0
Maharashtra,Pune,Dengue,2017,33,124,0
Maharashtra,Pune,Dengue,2017,34,0,0
Maharashtra,Pune,Dengue,2017,35,115,0
Maharashtra,Pune,Dengue,2017,36,111,0
Maharashtra,Pune,Dengue,2017,37,102,0
Maharashtra,Pune,Dengue,2017,38,123,0
Maharashtra,Pune,Dengue,2017,39,128,0
Maharashtra,Pune,Dengue,2017,40,105,0
Maharashtra,Pune,Dengue,2017,41,110,0
Maharashtra,Pune,Dengue,2017,42,0,0
Maharashtra,Pune,Dengue,2017,43,116,0
Maharashtra,Pune,Dengue,2017,44,96,0
Maharashtra,Pune,Dengue,2017,45,100,0
Maharashtra,Pune,Dengue,2017,46,69,0
Maharashtra,Pune,Dengue,2017,47,74,0
Maharashtra,Pune,Dengue,2017,48,63,0
Maharashtra,Pune,Dengue,2017,49,55,0
Maharashtra,Pune,Dengue,2017,50,55,0
Maharashtra,Pune,Dengue,2017,51,56,0
Maharashtra,Pune,Dengue,2017,52,38,0
Maharashtra,Pune,Dengue,2018,1,27,0
Maharashtra,Pune,Dengue,2018,2,34,0
Maharashtra,Pune,Dengue,2018,3,22,0
Maharashtra,Pune,Dengue,2018,4,30,0
Maharashtra,Pune,Dengue,2018,5,11,0
Maharashtra,Pune,Dengue,2018,6,10,0
Maharashtra,Pune,Dengue,2018,7,5,0
Maharashtra,Pune,Dengue,2018,8,0,0
Maharashtra,Pune,Dengue,2018,9,0,0
Maharashtra,Pune,Dengue,2018,10,0,0
Maharashtra,Pune,Dengue,2018,11,3,0
Maharashtra,Pune,Dengue,2018,12,0,0
Maharashtra,Pune,Dengue,2018,13,3,0
Maharashtra,Pune,Dengue,2018,14,23,0
Maharashtra,Pune,Dengue,2018,15,24,0
Maharashtra,Pune,Dengue,2018,16,15,0
Maharashtra,Pune,Dengue,2018,17,15,0
Maharashtra,Pune,Dengue,2018,18,26,1
Maharashtra,Pune,Dengue,2018,19,30,0
Maharashtra,Pune,Dengue,2018,20,51,2
Maharashtra,Pune,Dengue,2018,21,34,0
Maharashtra,Pune,Dengue,2018,22,48,0
Maharashtra,Pune,Dengue,2018,23,48,0
Maharashtra,Pune,Dengue,2018,24,64,0
Maharashtra,Pune,Dengue,2018,25,84,0
Maharashtra,Pune,Dengue,2018,26,96,0
Maharashtra,Pune,Dengue,2018,27,88,0
Maharashtra,Pune,Dengue,2018,28,97,0
Maharashtra,Pune,Dengue,2018,29,91,0
Maharashtra,Pune,Dengue,2018,30,109,0
Maharashtra,Pune,Dengue,2018,31,109,0
Maharashtra,Pune,Dengue,2018,32,120,0
Maharashtra,Pune,Dengue,2018,33,123,2
Maharashtra,Pune,Dengue,2018,34,121,0
Maharashtra,Pune,Dengue,2018,35,117,0
Maharashtra,Pune,Dengue,2018,36,136,0
Maharashtra,Pune,Dengue,2018,37,125,1
Maharashtra,Pune,Dengue,2018,38,108,0
Maharashtra,Pune,Dengue,2018,39,118,0
Maharashtra,Pune,Dengue,2018,40,107,0
Maharashtra,Pune,Dengue,2018,41,116,0
Maharashtra,Pune,Dengue,2018,42,110,0
Maharashtra,Pune,Dengue,2018,43,96,0
Maharashtra,Pune,Dengue,2018,44,89,0
Maharashtra,Pune,Dengue,2018,45,0,0
Maharashtra,Pune,Dengue,2018,46,83,0
Maharashtra,Pune,Dengue,2018,47,73,0
Maharashtra,Pune,Dengue,2018,48,58,0
Maharashtra,Pune,Dengue,2018,49,67,0
Maharashtra,Pune,Dengue,2018,50,47,0
Maharashtra,Pune,Dengue,2018,51,40,0
Maharashtra,Pune,Dengue,2018,52,53,0
Maharashtra,Pune,Dengue,2019,1,32,0
Maharashtra,Pune,Dengue,2019,2,29,0
Maharashtra,Pune,Dengue,2019,3,29,1
Maharashtra,Pune,Dengue,2019,4,28,0
Maharashtra,Pune,Dengue,2019,5,22,0
Maharashtra,Pune,Dengue,2019,6,8,0
Maharashtra,Pune,Dengue,2019,7,6,0
Maharashtra,Pune,Dengue,2019,8,0,0
Maharashtra,Pune,Dengue,2019,9,2,0
Maharashtra,Pune,Dengue,2019,10,13,0
Maharashtra,Pune,Dengue,2019,11,5,0
Maharashtra,Pune,Dengue,2019,12,2,0
Maharashtra,Pune,Dengue,2019,13,0,0
Maharashtra,Pune,Dengue,2019,14,1,0
Maharashtra,Pune,Dengue,2019,15,15,0
Maharashtra,Pune,Dengue,2019,16,14,0
Maharashtra,Pune,Dengue,2019,17,19,0
Maharashtra,Pune,Dengue,2019,18,19,0
Maharashtra,Pune,Dengue,2019,19,0,0
Maharashtra,Pune,Dengue,2019,20,50,0
Maharashtra,Pune,Dengue,2019,21,45,0
Maharashtra,Pune,Dengue,2019,22,42,0
Maharashtra,Pune,Dengue,2019,23,54,0
Maharashtra,Pune,Dengue,2019,24,80,0
Maharashtra,Pune,Dengue,2019,25,69,0
Maharashtra,Pune,Dengue,2019,26,84,0
Maharashtra,Pune,Dengue,2019,27,96,0
Maharashtra,Pune,Dengue,2019,28,0,0
Maharashtra,Pune,Dengue,2019,29,91,0
Maharashtra,Pune,Dengue,2019,30,108,0
Maharashtra,Pune,Dengue,2019,31,94,0
Maharashtra,Pune,Dengue,2019,32,115,0
Maharashtra,Pune,Dengue,2019,33,111,0
Maharashtra,Pune,Dengue,2019,34,113,0
Maharashtra,Pune,Dengue,2019,35,120,0
Maharashtra,Pune,Dengue,2019,36,121,0
Maharashtra,Pune,Dengue,2019,37,110,0
Maharashtra,Pune,Dengue,2019,38,123,0
Maharashtra,Pune,Dengue,2019,39,115,0
Maharashtra,Pune,Dengue,2019,40,112,0
Maharashtra,Pune,Dengue,2019,41,117,0
Maharashtra,Pune,Dengue,2019,42,121,0
Maharashtra,Pune,Dengue,2019,43,87,1
Maharashtra,Pune,Dengue,2019,44,97,0
Maharashtra,Pune,Dengue,2019,45,95,0
Maharashtra,Pune,Dengue,2019,46,75,0
Maharashtra,Pune,Dengue,2019,47,83,0
Maharashtra,Pune,Dengue,2019,48,60,0
Maharashtra,Pune,Dengue,2019,49,60,0
Maharashtra,Pune,Dengue,2019,50,44,0
Maharashtra,Pune,Dengue,2019,51,44,0
Maharashtra,Pune,Dengue,2019,52,44,0
Maharashtra,Pune,Dengue,2020,1,31,0
Maharashtra,Pune,Dengue,2020,2,23,0
Maharashtra,Pune,Dengue,2020,3,6,0
Maharashtra,Pune,Dengue,2020,4,22,0
Maharashtra,Pune,Dengue,2020,5,10,0
Maharashtra,Pune,Dengue,2020,6,7,0
Maharashtra,Pune,Dengue,2020,7,0,0
Maharashtra,Pune,Dengue,2020,8,7,0
Maharashtra,Pune,Dengue,2020,9,0,0
Maharashtra,Pune,Dengue,2020,10,0,0
Maharashtra,Pune,Dengue,2020,11,0,0
Maharashtra,Pune,Dengue,2020,12,2,0
Maharashtra,Pune,Dengue,2020,13,14,0
Maharashtra,Pune,Dengue,2020,14,8,0
Maharashtra,Pune,Dengue,2020,15,12,0
Maharashtra,Pune,Dengue,2020,16,21,0
Maharashtra,Pune,Dengue,2020,17,0,0
Maharashtra,Pune,Dengue,2020,18,28,0
Maharashtra,Pune,Dengue,2020,19,24,0
Maharashtra,Pune,Dengue,2020,20,28,0
Maharashtra,Pune,Dengue,2020,21,49,0
Maharashtra,Pune,Dengue,2020,22,53,0
Maharashtra,Pune,Dengue,2020,23,56,0
Maharashtra,Pune,Dengue,2020,24,55,0
Maharashtra,Pune,Dengue,2020,25,82,0
Maharashtra,Pune,Dengue,2020,26,64,0
Maharashtra,Pune,Dengue,2020,27,94,0
Maharashtra,Pune,Dengue,2020,28,92,0
Maharashtra,Pune,Dengue,2020,29,109,0
Maharashtra,Pune,Dengue,2020,30,112,1
Maharashtra,Pune,Dengue,2020,31,110,0
Maharashtra,Pune,Dengue,2020,32,106,0
Maharashtra,Pune,Dengue,2020,33,123,1
Maharashtra,Pune,Dengue,2020,34,107,0
Maharashtra,Pune,Dengue,2020,35,117,1
Maharashtra,Pune,Dengue,2020,36,112,0
Maharashtra,Pune,Dengue,2020,37,111,0
Maharashtra,Pune,Dengue,2020,38,116,0
Maharashtra,Pune,Dengue,2020,39,117,0
Maharashtra,Pune,Dengue,2020,40,110,0
Maharashtra,Pune,Dengue,2020,41,108,0
Maharashtra,Pune,Dengue,2020,42,106,0
Maharashtra,Pune,Dengue,2020,43,91,0
Maharashtra,Pune,Dengue,2020,44,0,0
Maharashtra,Pune,Dengue,2020,45,97,0
Maharashtra,Pune,Dengue,2020,46,87,0
Maharashtra,Pune,Dengue,2020,47,61,0
Maharashtra,Pune,Dengue,2020,48,67,0
Maharashtra,Pune,Dengue,2020,49,52,0
Maharashtra,Pune,Dengue,2020,50,48,0
Maharashtra,Pune,Dengue,2020,51,43,0
Maharashtra,Pune,Dengue,2020,52,33,0
Maharashtra,Pune,Dengue,2021,1,20,0
Maharashtra,Pune,Dengue,2021,2,23,0
Maharashtra,Pune,Dengue,2021,3,28,0
Maharashtra,Pune,Dengue,2021,4,13,0
Maharashtra,Pune,Dengue,2021,5,11,0
Maharashtra,Pune,Dengue,2021,6,7,0
Maharashtra,Pune,Dengue,2021,7,2,0
Maharashtra,Pune,Dengue,2021,8,0,0
Maharashtra,Pune,Dengue,2021,9,0,0
Maharashtra,Pune,Dengue,2021,10,1,0
Maharashtra,Pune,Dengue,2021,11,3,0
Maharashtra,Pune,Dengue,2021,12,0,0
Maharashtra,Pune,Dengue,2021,13,0,0
Maharashtra,Pune,Dengue,2021,14,4,0
Maharashtra,Pune,Dengue,2021,15,11,0
Maharashtra,Pune,Dengue,2021,16,10,0
Maharashtra,Pune,Dengue,2021,17,26,0
Maharashtra,Pune,Dengue,2021,18,25,0
Maharashtra,Pune,Dengue,2021,19,33,0
Maharashtra,Pune,Dengue,2021,20,43,0
Maharashtra,Pune,Dengue,2021,21,53,0
Maharashtra,Pune,Dengue,2021,22,52,0
Maharashtra,Pune,Dengue,2021,23,57,0
Maharashtra,Pune,Dengue,2021,24,59,0
Maharashtra,Pune,Dengue,2021,25,65,0
Maharashtra,Pune,Dengue,2021,26,67,0
Maharashtra,Pune,Dengue,2021,27,89,0
Maharashtra,Pune,Dengue,2021,28,91,0
Maharashtra,Pune,Dengue,2021,29,98,0
Maharashtra,Pune,Dengue,2021,30,108,0
Maharashtra,Pune,Dengue,2021,31,106,0
Maharashtra,Pune,Dengue,2021,32,113,0
Maharashtra,Pune,Dengue,2021,33,131,0
Maharashtra,Pune,Dengue,2021,34,128,2
Maharashtra,Pune,Dengue,2021,35,116,0
Maharashtra,Pune,Dengue,2021,36,114,0
Maharashtra,Pune,Dengue,2021,37,123,0
Maharashtra,Pune,Dengue,2021,38,115,0
Maharashtra,Pune,Dengue,2021,39,112,0
Maharashtra,Pune,Dengue,2021,40,118,0
Maharashtra,Pune,Dengue,2021,41,105,0
Maharashtra,Pune,Dengue,2021,42,121,0
Maharashtra,Pune,Dengue,2021,43,91,0
Maharashtra,Pune,Dengue,2021,44,111,0
Maharashtra,Pune,Dengue,2021,45,80,0
Maharashtra,Pune,Dengue,2021,46,79,0
Maharashtra,Pune,Dengue,2021,47,74,0
Maharashtra,Pune,Dengue,2021,48,62,0
Maharashtra,Pune,Dengue,2021,49,73,0
Maharashtra,Pune,Dengue,2021,50,66,0
Maharashtra,Pune,Dengue,2021,51,42,0
Maharashtra,Pune,Dengue,2021,52,37,0
Maharashtra,Pune,Dengue,2022,1,36,0
Maharashtra,Pune,Dengue,2022,2,18,0
Maharashtra,Pune,Dengue,2022,3,25,0
Maharashtra,Pune,Dengue,2022,4,14,0
Maharashtra,Pune,Dengue,2022,5,21,0
Maharashtra,Pune,Dengue,2022,6,0,0
Maharashtra,Pune,Dengue,2022,7,0,0
Maharashtra,Pune,Dengue,2022,8,1,2
Maharashtra,Pune,Dengue,2022,9,0,0
Maharashtra,Pune,Dengue,2022,10,0,0
Maharashtra,Pune,Dengue,2022,11,0,0
Maharashtra,Pune,Dengue,2022,12,3,0
Maharashtra,Pune,Dengue,2022,13,4,0
Maharashtra,Pune,Dengue,2022,14,4,0
Maharashtra,Pune,Dengue,2022,15,3,0
Maharashtra,Pune,Dengue,2022,16,3,0
Maharashtra,Pune,Dengue,2022,17,7,0
Maharashtra,Pune,Dengue,2022,18,18,0
Maharashtra,Pune,Dengue,2022,19,30,0
Maharashtra,Pune,Dengue,2022,20,31,1
Maharashtra,Pune,Dengue,2022,21,39,0
Maharashtra,Pune,Dengue,2022,22,62,0
Maharashtra,Pune,Dengue,2022,23,55,0
Maharashtra,Pune,Dengue,2022,24,71,0
Maharashtra,Pune,Dengue,2022,25,83,2
Maharashtra,Pune,Dengue,2022,26,85,0
Maharashtra,Pune,Dengue,2022,27,96,0
Maharashtra,Pune,Dengue,2022,28,100,0
Maharashtra,Pune,Dengue,2022,29,112,0
Maharashtra,Pune,Dengue,2022,30,108,0
Maharashtra,Pune,Dengue,2022,31,97,0
Maharashtra,Pune,Dengue,2022,32,107,0
Maharashtra,Pune,Dengue,2022,33,117,0
Maharashtra,Pune,Dengue,2022,34,134,0
Maharashtra,Pune,Dengue,2022,35,132,0
Maharashtra,Pune,Dengue,2022,36,120,0
Maharashtra,Pune,Dengue,2022,37,114,0
Maharashtra,Pune,Dengue,2022,38,126,0
Maharashtra,Pune,Dengue,2022,39,118,0
Maharashtra,Pune,Dengue,2022,40,119,0
Maharashtra,Pune,Dengue,2022,41,115,0
Maharashtra,Pune,Dengue,2022,42,104,0
Maharashtra,Pune,Dengue,2022,43,95,0
Maharashtra,Pune,Dengue,2022,44,83,0
Maharashtra,Pune,Dengue,2022,45,84,0
Maharashtra,Pune,Dengue,2022,46,93,0
Maharashtra,Pune,Dengue,2022,47,69,0
Maharashtra,Pune,Dengue,2022,48,56,0
Maharashtra,Pune,Dengue,2022,49,56,0
Maharashtra,Pune,Dengue,2022,50,47,0
Maharashtra,Pune,Dengue,2022,51,42,0
Maharashtra,Pune,Dengue,2022,52,50,1
Maharashtra,Pune,Dengue,2023,1,16,0
Maharashtra,Pune,Dengue,2023,2,22,0
Maharashtra,Pune,Dengue,2023,3,24,0
Maharashtra,Pune,Dengue,2023,4,3,0
Maharashtra,Pune,Dengue,2023,5,24,1
Maharashtra,Pune,Dengue,2023,6,3,0
Maharashtra,Pune,Dengue,2023,7,0,0
Maharashtra,Pune,Dengue,2023,8,11,0
Maharashtra,Pune,Dengue,2023,9,0,0
Maharashtra,Pune,Dengue,2023,10,0,0
Maharashtra,Pune,Dengue,2023,11,15,0
Maharashtra,Pune,Dengue,2023,12,4,0
Maharashtra,Pune,Dengue,2023,13,10,0
Maharashtra,Pune,Dengue,2023,14,0,0
Maharashtra,Pune,Dengue,2023,15,7,0
Maharashtra,Pune,Dengue,2023,16,22,0
Maharashtra,Pune,Dengue,2023,17,14,0
Maharashtra,Pune,Dengue,2023,18,15,0
Maharashtra,Pune,Dengue,2023,19,29,0
Maharashtra,Pune,Dengue,2023,20,40,0
Maharashtra,Pune,Dengue,2023,21,40,0
Maharashtra,Pune,Dengue,2023,22,58,0
Maharashtra,Pune,Dengue,2023,23,40,0
Maharashtra,Pune,Dengue,2023,24,61,0
Maharashtra,Pune,Dengue,2023,25,78,0
Maharashtra,Pune,Dengue,2023,26,74,0
Maharashtra,Pune,Dengue,2023,27,89,0
Maharashtra,Pune,Dengue,2023,28,88,0
Maharashtra,Pune,Dengue,2023,29,101,0
Maharashtra,Pune,Dengue,2023,30,109,0
Maharashtra,Pune,Dengue,2023,31,123,0
Maharashtra,Pune,Dengue,2023,32,113,0
Maharashtra,Pune,Dengue,2023,33,0,0
Maharashtra,Pune,Dengue,2023,34,116,0
Maharashtra,Pune,Dengue,2023,35,120,0
Maharashtra,Pune,Dengue,2023,36,122,0
Maharashtra,Pune,Dengue,2023,37,121,0
Maharashtra,Pune,Dengue,2023,38,109,0
Maharashtra,Pune,Dengue,2023,39,119,0
Maharashtra,Pune,Dengue,2023,40,98,0
Maharashtra,Pune,Dengue,2023,41,102,0
Maharashtra,Pune,Dengue,2023,42,105,0
Maharashtra,Pune,Dengue,2023,43,108,0
Maharashtra,Pune,Dengue,2023,44,98,0
Maharashtra,Pune,Dengue,2023,45,77,0
Maharashtra,Pune,Dengue,2023,46,102,0
Maharashtra,Pune,Dengue,2023,47,70,0
Maharashtra,Pune,Dengue,2023,48,53,0
Maharashtra,Pune,Dengue,2023,49,55,0
Maharashtra,Pune,Dengue,2023,50,54,0
Maharashtra,Pune,Dengue,2023,51,36,0
Maharashtra,Pune,Dengue,2023,52,43,0
Maharashtra,Pune,Dengue,2024,1,33,0
Maharashtra,Pune,Dengue,2024,2,23,0
Maharashtra,Pune,Dengue,2024,3,12,0
Maharashtra,Pune,Dengue,2024,4,10,0
Maharashtra,Pune,Dengue,2024,5,10,1
Maharashtra,Pune,Dengue,2024,6,0,0
Maharashtra,Pune,Dengue,2024,7,0,0
Maharashtra,Pune,Dengue,2024,8,0,0
Maharashtra,Pune,Dengue,2024,9,0,0
Maharashtra,Pune,Dengue,2024,10,9,1
Maharashtra,Pune,Dengue,2024,11,4,0
Maharashtra,Pune,Dengue,2024,12,0,0
Maharashtra,Pune,Dengue,2024,13,3,0
Maharashtra,Pune,Dengue,2024,14,11,0
Maharashtra,Pune,Dengue,2024,15,16,0
Maharashtra,Pune,Dengue,2024,16,8,0
Maharashtra,Pune,Dengue,2024,17,20,0
Maharashtra,Pune,Dengue,2024,18,20,0
Maharashtra,Pune,Dengue,2024,19,33,0
Maharashtra,Pune,Dengue,2024,20,29,0
Maharashtra,Pune,Dengue,2024,21,43,0
Maharashtra,Pune,Dengue,2024,22,47,0
Maharashtra,Pune,Dengue,2024,23,60,0
Maharashtra,Pune,Dengue,2024,24,63,0
Maharashtra,Pune,Dengue,2024,25,73,0
Maharashtra,Pune,Dengue,2024,26,0,0
Maharashtra,Pune,Dengue,2024,27,88,0
Maharashtra,Pune,Dengue,2024,28,0,0
Maharashtra,Pune,Dengue,2024,29,102,0
Maharashtra,Pune,Dengue,2024,30,111,0
Maharashtra,Pune,Dengue,2024,31,122,0
Maharashtra,Pune,Dengue,2024,32,119,0
Maharashtra,Pune,Dengue,2024,33,107,0
Maharashtra,Pune,Dengue,2024,34,113,0
Maharashtra,Pune,Dengue,2024,35,113,0
Maharashtra,Pune,Dengue,2024,36,131,0
Maharashtra,Pune,Dengue,2024,37,122,0
Maharashtra,Pune,Dengue,2024,38,113,0
Maharashtra,Pune,Dengue,2024,39,112,0
Maharashtra,Pune,Dengue,2024,40,118,0
Maharashtra,Pune,Dengue,2024,41,114,0
Maharashtra,Pune,Dengue,2024,42,101,0
Maharashtra,Pune,Dengue,2024,43,102,0
Maharashtra,Pune,Dengue,2024,44,97,0
Maharashtra,Pune,Dengue,2024,45,89,0
Maharashtra,Pune,Dengue,2024,46,72,0
Maharashtra,Pune,Dengue,2024,47,64,0
Maharashtra,Pune,Dengue,2024,48,63,0
Maharashtra,Pune,Dengue,2024,49,67,0
Maharashtra,Pune,Dengue,2024,50,56,0
Maharashtra,Pune,Dengue,2024,51,42,0
Maharashtra,Pune,Dengue,2024,52,46,0
Maharashtra,Pune,Malaria,2017,1,21,0
Maharashtra,Pune,Malaria,2017,2,11,0
Maharashtra,Pune,Malaria,2017,3,19,0
Maharashtra,Pune,Malaria,2017,4,11,0
Maharashtra,Pune,Malaria,2017,5,15,0
Maharashtra,Pune,Malaria,2017,6,15,0
Maharashtra,Pune,Malaria,2017,7,11,0
Maharashtra,Pune,Malaria,2017,8,14,0
Maharashtra,Pune,Malaria,2017,9,17,0
Maharashtra,Pune,Malaria,2017,10,19,0
Maharashtra,Pune,Malaria,2017,11,19,0
Maharashtra,Pune,Malaria,2017,12,13,0
Maharashtra,Pune,Malaria,2017,13,20,0
Maharashtra,Pune,Malaria,2017,14,17,0
Maharashtra,Pune,Malaria,2017,15,27,0
Maharashtra,Pune,Malaria,2017,16,30,0
Maharashtra,Pune,Malaria,2017,17,33,0
Maharashtra,Pune,Malaria,2017,18,31,0
Maharashtra,Pune,Malaria,2017,19,38,0
Maharashtra,Pune,Malaria,2017,20,31,0
Maharashtra,Pune,Malaria,2017,21,37,0
Maharashtra,Pune,Malaria,2017,22,45,0
Maharashtra,Pune,Malaria,2017,23,45,0
Maharashtra,Pune,Malaria,2017,24,49,0
Maharashtra,Pune,Malaria,2017,25,53,0
Maharashtra,Pune,Malaria,2017,26,43,0
Maharashtra,Pune,Malaria,2017,27,50,0
Maharashtra,Pune,Malaria,2017,28,55,0
Maharashtra,Pune,Malaria,2017,29,50,0
Maharashtra,Pune,Malaria,2017,30,57,0
Maharashtra,Pune,Malaria,2017,31,55,0
Maharashtra,Pune,Malaria,2017,32,51,0
Maharashtra,Pune,Malaria,2017,33,57,1
Maharashtra,Pune,Malaria,2017,34,51,0
Maharashtra,Pune,Malaria,2017,35,50,0
Maharashtra,Pune,Malaria,2017,36,57,0
Maharashtra,Pune,Malaria,2017,37,52,0
Maharashtra,Pune,Malaria,2017,38,56,0
Maharashtra,Pune,Malaria,2017,39,50,0
Maharashtra,Pune,Malaria,2017,40,44,0
Maharashtra,Pune,Malaria,2017,41,35,0
Maharashtra,Pune,Malaria,2017,42,46,0
Maharashtra,Pune,Malaria,2017,43,44,2
Maharashtra,Pune,Malaria,2017,44,39,0
Maharashtra,Pune,Malaria,2017,45,42,0
Maharashtra,Pune,Malaria,2017,46,29,0
Maharashtra,Pune,Malaria,2017,47,33,0
Maharashtra,Pune,Malaria,2017,48,21,0
Maharashtra,Pune,Malaria,2017,49,28,0
Maharashtra,Pune,Malaria,2017,50,24,0
Maharashtra,Pune,Malaria,2017,51,23,0
Maharashtra,Pune,Malaria,2017,52,21,0
Maharashtra,Pune,Malaria,2018,1,15,0
Maharashtra,Pune,Malaria,2018,2,0,0
Maharashtra,Pune,Malaria,2018,3,15,0
Maharashtra,Pune,Malaria,2018,4,16,0
Maharashtra,Pune,Malaria,2018,5,13,0
Maharashtra,Pune,Malaria,2018,6,12,0
Maharashtra,Pune,Malaria,2018,7,19,0
Maharashtra,Pune,Malaria,2018,8,14,1
Maharashtra,Pune,Malaria,2018,9,15,0
Maharashtra,Pune,Malaria,2018,10,17,0
Maharashtra,Pune,Malaria,2018,11,18,0
Maharashtra,Pune,Malaria,2018,12,12,0
Maharashtra,Pune,Malaria,2018,13,24,0
Maharashtra,Pune,Malaria,2018,14,29,0
Maharashtra,Pune,Malaria,2018,15,31,0
Maharashtra,Pune,Malaria,2018,16,30,0
Maharashtra,Pune,Malaria,2018,17,39,1
Maharashtra,Pune,Malaria,2018,18,35,0
Maharashtra,Pune,Malaria,2018,19,35,0
Maharashtra,Pune,Malaria,2018,20,34,0
Maharashtra,Pune,Malaria,2018,21,42,0
Maharashtra,Pune,Malaria,2018,22,45,0
Maharashtra,Pune,Malaria,2018,23,49,0
Maharashtra,Pune,Malaria,2018,24,46,0
Maharashtra,Pune,Malaria,2018,25,48,0
Maharashtra,Pune,Malaria,2018,26,49,0
Maharashtra,Pune,Malaria,2018,27,57,0
Maharashtra,Pune,Malaria,2018,28,56,0
Maharashtra,Pune,Malaria,2018,29,53,0
Maharashtra,Pune,Malaria,2018,30,56,0
Maharashtra,Pune,Malaria,2018,31,65,0
Maharashtra,Pune,Malaria,2018,32,54,0
Maharashtra,Pune,Malaria,2018,33,51,0
Maharashtra,Pune,Malaria,2018,34,46,0
Maharashtra,Pune,Malaria,2018,35,61,0
Maharashtra,Pune,Malaria,2018,36,56,0
Maharashtra,Pune,Malaria,2018,37,47,0
Maharashtra,Pune,Malaria,2018,38,41,0
Maharashtra,Pune,Malaria,2018,39,44,0
Maharashtra,Pune,Malaria,2018,40,50,0
Maharashtra,Pune,Malaria,2018,41,40,0
Maharashtra,Pune,Malaria,2018,42,45,2
Maharashtra,Pune,Malaria,2018,43,37,0
Maharashtra,Pune,Malaria,2018,44,46,0
Maharashtra,Pune,Malaria,2018,45,38,0
Maharashtra,Pune,Malaria,2018,46,29,0
Maharashtra,Pune,Malaria,2018,47,29,0
Maharashtra,Pune,Malaria,2018,48,28,0
Maharashtra,Pune,Malaria,2018,49,30,0
Maharashtra,Pune,Malaria,2018,50,20,0
Maharashtra,Pune,Malaria,2018,51,25,0
Maharashtra,Pune,Malaria,2018,52,24,0
Maharashtra,Pune,Malaria,2019,1,12,0
Maharashtra,Pune,Malaria,2019,2,14,0
Maharashtra,Pune,Malaria,2019,3,8,0
Maharashtra,Pune,Malaria,2019,4,13,0
Maharashtra,Pune,Malaria,2019,5,8,0
Maharashtra,Pune,Malaria,2019,6,15,0
Maharashtra,Pune,Malaria,2019,7,18,0
Maharashtra,Pune,Malaria,2019,8,24,0
Maharashtra,Pune,Malaria,2019,9,16,0
Maharashtra,Pune,Malaria,2019,10,18,0
Maharashtra,Pune,Malaria,2019,11,24,0
Maharashtra,Pune,Malaria,2019,12,14,0
Maharashtra,Pune,Malaria,2019,13,19,0
Maharashtra,Pune,Malaria,2019,14,27,0
Maharashtra,Pune,Malaria,2019,15,21,0
Maharashtra,Pune,Malaria,2019,16,21,0
Maharashtra,Pune,Malaria,2019,17,31,0
Maharashtra,Pune,Malaria,2019,18,32,0
Maharashtra,Pune,Malaria,2019,19,29,0
Maharashtra,Pune,Malaria,2019,20,40,0
Maharashtra,Pune,Malaria,2019,21,32,0
Maharashtra,Pune,Malaria,2019,22,43,0
Maharashtra,Pune,Malaria,2019,23,40,0
Maharashtra,Pune,Malaria,2019,24,48,0
Maharashtra,Pune,Malaria,2019,25,48,0
Maharashtra,Pune,Malaria,2019,26,42,0
Maharashtra,Pune,Malaria,2019,27,50,0
Maharashtra,Pune,Malaria,2019,28,57,0
Maharashtra,Pune,Malaria,2019,29,50,0
Maharashtra,Pune,Malaria,2019,30,59,0
Maharashtra,Pune,Malaria,2019,31,52,0
Maharashtra,Pune,Malaria,2019,32,54,0
Maharashtra,Pune,Malaria,2019,33,55,0
Maharashtra,Pune,Malaria,2019,34,56,0
Maharashtra,Pune,Malaria,2019,35,53,0
Maharashtra,Pune,Malaria,2019,36,54,0
Maharashtra,Pune,Malaria,2019,37,44,0
Maharashtra,Pune,Malaria,2019,38,48,0
Maharashtra,Pune,Malaria,2019,39,46,0
Maharashtra,Pune,Malaria,2019,40,50,0
Maharashtra,Pune,Malaria,2019,41,37,1
Maharashtra,Pune,Malaria,2019,42,42,0
Maharashtra,Pune,Malaria,2019,43,44,0
Maharashtra,Pune,Malaria,2019,44,36,0
Maharashtra,Pune,Malaria,2019,45,36,0
Maharashtra,Pune,Malaria,2019,46,37,0
Maharashtra,Pune,Malaria,2019,47,25,0
Maharashtra,Pune,Malaria,2019,48,28,0
Maharashtra,Pune,Malaria,2019,49,31,0
Maharashtra,Pune,Malaria,2019,50,34,0
Maharashtra,Pune,Malaria,2019,51,14,0
Maharashtra,Pune,Malaria,2019,52,17,0
Maharashtra,Pune,Malaria,2020,1,23,0
Maharashtra,Pune,Malaria,2020,2,15,0
Maharashtra,Pune,Malaria,2020,3,4,0
Maharashtra,Pune,Malaria,2020,4,16,0
Maharashtra,Pune,Malaria,2020,5,11,0
Maharashtra,Pune,Malaria,2020,6,12,0
Maharashtra,Pune,Malaria,2020,7,13,0
Maharashtra,Pune,Malaria,2020,8,0,0
Maharashtra,Pune,Malaria,2020,9,19,0
Maharashtra,Pune,Malaria,2020,10,21,0
Maharashtra,Pune,Malaria,2020,11,17,0
Maharashtra,Pune,Malaria,2020,12,17,0
Maharashtra,Pune,Malaria,2020,13,17,0
Maharashtra,Pune,Malaria,2020,14,22,0
Maharashtra,Pune,Malaria,2020,15,26,0
Maharashtra,Pune,Malaria,2020,16,20,0
Maharashtra,Pune,Malaria,2020,17,30,1
Maharashtra,Pune,Malaria,2020,18,37,0
Maharashtra,Pune,Malaria,2020,19,36,0
Maharashtra,Pune,Malaria,2020,20,43,0
Maharashtra,Pune,Malaria,2020,21,39,0
Maharashtra,Pune,Malaria,2020,22,44,0
Maharashtra,Pune,Malaria,2020,23,52,0
Maharashtra,Pune,Malaria,2020,24,44,0
Maharashtra,Pune,Malaria,2020,25,45,0
Maharashtra,Pune,Malaria,2020,26,51,0
Maharashtra,Pune,Malaria,2020,27,51,0
Maharashtra,Pune,Malaria,2020,28,51,0
Maharashtra,Pune,Malaria,2020,29,48,0
Maharashtra,Pune,Malaria,2020,30,54,0
Maharashtra,Pune,Malaria,2020,31,55,0
Maharashtra,Pune,Malaria,2020,32,55,0
Maharashtra,Pune,Malaria,2020,33,59,1
Maharashtra,Pune,Malaria,2020,34,52,0
Maharashtra,Pune,Malaria,2020,35,56,0
Maharashtra,Pune,Malaria,2020,36,52,0
Maharashtra,Pune,Malaria,2020,37,54,0
Maharashtra,Pune,Malaria,2020,38,49,2
Maharashtra,Pune,Malaria,2020,39,45,1
Maharashtra,Pune,Malaria,2020,40,49,0
Maharashtra,Pune,Malaria,2020,41,50,1
Maharashtra,Pune,Malaria,2020,42,42,1
Maharashtra,Pune,Malaria,2020,43,35,0
Maharashtra,Pune,Malaria,2020,44,36,0
Maharashtra,Pune,Malaria,2020,45,36,0
Maharashtra,Pune,Malaria,2020,46,34,0
Maharashtra,Pune,Malaria,2020,47,31,0
Maharashtra,Pune,Malaria,2020,48,22,0
Maharashtra,Pune,Malaria,2020,49,27,0
Maharashtra,Pune,Malaria,2020,50,18,0
Maharashtra,Pune,Malaria,2020,51,19,0
Maharashtra,Pune,Malaria,2020,52,22,0
Maharashtra,Pune,Malaria,2021,1,0,0
Maharashtra,Pune,Malaria,2021,2,22,0
Maharashtra,Pune,Malaria,2021,3,18,0
Maharashtra,Pune,Malaria,2021,4,17,0
Maharashtra,Pune,Malaria,2021,5,13,0
Maharashtra,Pune,Malaria,2021,6,15,0
Maharashtra,Pune,Malaria,2021,7,15,0
Maharashtra,Pune,Malaria,2021,8,16,0
Maharashtra,Pune,Malaria,2021,9,10,0
Maharashtra,Pune,Malaria,2021,10,17,0
Maharashtra,Pune,Malaria,2021,11,18,0
Maharashtra,Pune,Malaria,2021,12,18,0
Maharashtra,Pune,Malaria,2021,13,25,0
Maharashtra,Pune,Malaria,2021,14,25,0
Maharashtra,Pune,Malaria,2021,15,23,0
Maharashtra,Pune,Malaria,2021,16,27,0
Maharashtra,Pune,Malaria,2021,17,31,0
Maharashtra,Pune,Malaria,2021,18,28,0
Maharashtra,Pune,Malaria,2021,19,37,0
Maharashtra,Pune,Malaria,2021,20,31,0
Maharashtra,Pune,Malaria,2021,21,43,2
Maharashtra,Pune,Malaria,2021,22,43,0
Maharashtra,Pune,Malaria,2021,23,45,0
Maharashtra,Pune,Malaria,2021,24,46,1
Maharashtra,Pune,Malaria,2021,25,46,0
Maharashtra,Pune,Malaria,2021,26,47,0
Maharashtra,Pune,Malaria,2021,27,47,0
Maharashtra,Pune,Malaria,2021,28,58,0
Maharashtra,Pune,Malaria,2021,29,56,0
Maharashtra,Pune,Malaria,2021,30,60,0
Maharashtra,Pune,Malaria,2021,31,59,0
Maharashtra,Pune,Malaria,2021,32,56,0
Maharashtra,Pune,Malaria,2021,33,55,0
Maharashtra,Pune,Malaria,2021,34,59,0
Maharashtra,Pune,Malaria,2021,35,56,0
Maharashtra,Pune,Malaria,2021,36,0,0
Maharashtra,Pune,Malaria,2021,37,53,0
Maharashtra,Pune,Malaria,2021,38,51,0
Maharashtra,Pune,Malaria,2021,39,46,0
Maharashtra,Pune,Malaria,2021,40,48,0
Maharashtra,Pune,Malaria,2021,41,42,0
Maharashtra,Pune,Malaria,2021,42,49,0
Maharashtra,Pune,Malaria,2021,43,38,0
Maharashtra,Pune,Malaria,2021,44,40,0
Maharashtra,Pune,Malaria,2021,45,44,0
Maharashtra,Pune,Malaria,2021,46,36,0
Maharashtra,Pune,Malaria,2021,47,18,0
Maharashtra,Pune,Malaria,2021,48,27,0
Maharashtra,Pune,Malaria,2021,49,23,0
Maharashtra,Pune,Malaria,2021,50,24,0
Maharashtra,Pune,Malaria,2021,51,19,0
Maharashtra,Pune,Malaria,2021,52,25,1
Maharashtra,Pune,Malaria,2022,1,15,0
Maharashtra,Pune,Malaria,2022,2,15,0
Maharashtra,Pune,Malaria,2022,3,16,0
Maharashtra,Pune,Malaria,2022,4,13,0
Maharashtra,Pune,Malaria,2022,5,7,0
Maharashtra,Pune,Malaria,2022,6,8,0
Maharashtra,Pune,Malaria,2022,7,5,0
Maharashtra,Pune,Malaria,2022,8,0,0
Maharashtra,Pune,Malaria,2022,9,17,0
Maharashtra,Pune,Malaria,2022,10,15,0
Maharashtra,Pune,Malaria,2022,11,20,0
Maharashtra,Pune,Malaria,2022,12,28,0
Maharashtra,Pune,Malaria,2022,13,19,0
Maharashtra,Pune,Malaria,2022,14,25,1
Maharashtra,Pune,Malaria,2022,15,17,0
Maharashtra,Pune,Malaria,2022,16,29,0
Maharashtra,Pune,Malaria,2022,17,30,0
Maharashtra,Pune,Malaria,2022,18,34,0
Maharashtra,Pune,Malaria,2022,19,37,0
Maharashtra,Pune,Malaria,2022,20,40,0
Maharashtra,Pune,Malaria,2022,21,38,1
Maharashtra,Pune,Malaria,2022,22,39,0
Maharashtra,Pune,Malaria,2022,23,48,0
Maharashtra,Pune,Malaria,2022,24,53,0
Maharashtra,Pune,Malaria,2022,25,43,0
Maharashtra,Pune,Malaria,2022,26,49,0
Maharashtra,Pune,Malaria,2022,27,48,0
Maharashtra,Pune,Malaria,2022,28,47,0
Maharashtra,Pune,Malaria,2022,29,59,0
Maharashtra,Pune,Malaria,2022,30,55,0
Maharashtra,Pune,Malaria,2022,31,0,0
Maharashtra,Pune,Malaria,2022,32,0,0
Maharashtra,Pune,Malaria,2022,33,0,0
Maharashtra,Pune,Malaria,2022,34,66,0
Maharashtra,Pune,Malaria,2022,35,56,0
Maharashtra,Pune,Malaria,2022,36,52,0
Maharashtra,Pune,Malaria,2022,37,53,0
Maharashtra,Pune,Malaria,2022,38,47,0
Maharashtra,Pune,Malaria,2022,39,51,0
Maharashtra,Pune,Malaria,2022,40,46,0
Maharashtra,Pune,Malaria,2022,41,44,0
Maharashtra,Pune,Malaria,2022,42,40,0
Maharashtra,Pune,Malaria,2022,43,42,0
Maharashtra,Pune,Malaria,2022,44,41,0
Maharashtra,Pune,Malaria,2022,45,39,0
Maharashtra,Pune,Malaria,2022,46,35,0
Maharashtra,Pune,Malaria,2022,47,28,0
Maharashtra,Pune,Malaria,2022,48,27,0
Maharashtra,Pune,Malaria,2022,49,34,1
Maharashtra,Pune,Malaria,2022,50,25,0
Maharashtra,Pune,Malaria,2022,51,20,0
Maharashtra,Pune,Malaria,2022,52,15,0
Maharashtra,Pune,Malaria,2023,1,10,0
Maharashtra,Pune,Malaria,2023,2,22,1
Maharashtra,Pune,Malaria,2023,3,14,0
Maharashtra,Pune,Malaria,2023,4,9,0
Maharashtra,Pune,Malaria,2023,5,10,0
Maharashtra,Pune,Malaria,2023,6,20,0
Maharashtra,Pune,Malaria,2023,7,12,0
Maharashtra,Pune,Malaria,2023,8,27,0
Maharashtra,Pune,Malaria,2023,9,12,0
Maharashtra,Pune,Malaria,2023,10,10,0
Maharashtra,Pune,Malaria,2023,11,19,0
Maharashtra,Pune,Malaria,2023,12,20,0
Maharashtra,Pune,Malaria,2023,13,21,0
Maharashtra,Pune,Malaria,2023,14,23,0
Maharashtra,Pune,Malaria,2023,15,26,0
Maharashtra,Pune,Malaria,2023,16,31,0
Maharashtra,Pune,Malaria,2023,17,34,0
Maharashtra,Pune,Malaria,2023,18,35,0
Maharashtra,Pune,Malaria,2023,19,42,1
Maharashtra,Pune,Malaria,2023,20,42,0
Maharashtra,Pune,Malaria,2023,21,38,0
Maharashtra,Pune,Malaria,2023,22,44,0
Maharashtra,Pune,Malaria,2023,23,40,0
Maharashtra,Pune,Malaria,2023,24,49,0
Maharashtra,Pune,Malaria,2023,25,46,0
Maharashtra,Pune,Malaria,2023,26,49,0
Maharashtra,Pune,Malaria,2023,27,46,0
Maharashtra,Pune,Malaria,2023,28,48,0
Maharashtra,Pune,Malaria,2023,29,56,0
Maharashtra,Pune,Malaria,2023,30,55,0
Maharashtra,Pune,Malaria,2023,31,66,0
Maharashtra,Pune,Malaria,2023,32,53,0
Maharashtra,Pune,Malaria,2023,33,56,0
Maharashtra,Pune,Malaria,2023,34,59,0
Maharashtra,Pune,Malaria,2023,35,50,0
Maharashtra,Pune,Malaria,2023,36,50,0
Maharashtra,Pune,Malaria,2023,37,51,0
Maharashtra,Pune,Malaria,2023,38,46,0
Maharashtra,Pune,Malaria,2023,39,44,0
Maharashtra,Pune,Malaria,2023,40,49,0
Maharashtra,Pune,Malaria,2023,41,45,0
Maharashtra,Pune,Malaria,2023,42,40,0
Maharashtra,Pune,Malaria,2023,43,45,0
Maharashtra,Pune,Malaria,2023,44,34,0
Maharashtra,Pune,Malaria,2023,45,29,0
Maharashtra,Pune,Malaria,2023,46,31,0
Maharashtra,Pune,Malaria,2023,47,29,0
Maharashtra,Pune,Malaria,2023,48,26,0
Maharashtra,Pune,Malaria,2023,49,0,0
Maharashtra,Pune,Malaria,2023,50,22,0
Maharashtra,Pune,Malaria,2023,51,16,0
Maharashtra,Pune,Malaria,2023,52,16,0
Maharashtra,Pune,Malaria,2024,1,13,0
Maharashtra,Pune,Malaria,2024,2,16,1
Maharashtra,Pune,Malaria,2024,3,22,0
Maharashtra,Pune,Malaria,2024,4,21,0
Maharashtra,Pune,Malaria,2024,5,9,0
Maharashtra,Pune,Malaria,2024,6,14,0
Maharashtra,Pune,Malaria,2024,7,14,0
Maharashtra,Pune,Malaria,2024,8,12,0
Maharashtra,Pune,Malaria,2024,9,18,0
Maharashtra,Pune,Malaria,2024,10,16,0
Maharashtra,Pune,Malaria,2024,11,18,0
Maharashtra,Pune,Malaria,2024,12,23,0
Maharashtra,Pune,Malaria,2024,13,18,0
Maharashtra,Pune,Malaria,2024,14,21,0
Maharashtra,Pune,Malaria,2024,15,25,0
Maharashtra,Pune,Malaria,2024,16,19,0
Maharashtra,Pune,Malaria,2024,17,27,0
Maharashtra,Pune,Malaria,2024,18,36,0
Maharashtra,Pune,Malaria,2024,19,30,0
Maharashtra,Pune,Malaria,2024,20,34,0
Maharashtra,Pune,Malaria,2024,21,42,0
Maharashtra,Pune,Malaria,2024,22,36,0
Maharashtra,Pune,Malaria,2024,23,47,0
Maharashtra,Pune,Malaria,2024,24,49,0
Maharashtra,Pune,Malaria,2024,25,51,0
Maharashtra,Pune,Malaria,2024,26,53,0
Maharashtra,Pune,Malaria,2024,27,57,0
Maharashtra,Pune,Malaria,2024,28,53,0
Maharashtra,Pune,Malaria,2024,29,0,0
Maharashtra,Pune,Malaria,2024,30,56,1
Maharashtra,Pune,Malaria,2024,31,50,0
Maharashtra,Pune,Malaria,2024,32,55,0
Maharashtra,Pune,Malaria,2024,33,56,0
Maharashtra,Pune,Malaria,2024,34,55,0
Maharashtra,Pune,Malaria,2024,35,56,0
Maharashtra,Pune,Malaria,2024,36,57,0
Maharashtra,Pune,Malaria,2024,37,57,0
Maharashtra,Pune,Malaria,2024,38,55,0
Maharashtra,Pune,Malaria,2024,39,47,0
Maharashtra,Pune,Malaria,2024,40,41,0
Maharashtra,Pune,Malaria,2024,41,40,0
Maharashtra,Pune,Malaria,2024,42,57,0
Maharashtra,Pune,Malaria,2024,43,47,0
Maharashtra,Pune,Malaria,2024,44,37,0
Maharashtra,Pune,Malaria,2024,45,33,0
Maharashtra,Pune,Malaria,2024,46,26,0
Maharashtra,Pune,Malaria,2024,47,33,0
Maharashtra,Pune,Malaria,2024,48,28,0
Maharashtra,Pune,Malaria,2024,49,24,1
Maharashtra,Pune,Malaria,2024,50,26,0
Maharashtra,Pune,Malaria,2024,51,28,2
Maharashtra,Pune,Malaria,2024,52,17,0
Maharashtra,Pune,Acute Diarrhoeal Disease,2017,1,69,0
Maharashtra,Pune,Acute Diarrhoeal Disease,2017,2,51,0
Maharashtra,Pune,Acute Diarrhoeal Disease,2017,3,37,0
Maharashtra,Pune,Acute Diarrhoeal Disease,2017,4,44,0
Maharashtra,Pune,Acute Diarrhoeal Disease,2017,5,40,0
Maharashtra,Pune,Acute Diarrhoeal Disease,2017,6,29,0
Maharashtra,Pune,Acute Diarrhoeal Disease,2017,7,0,0
Maharashtra,Pune,Acute Diarrhoeal Disease,2017,8,20,0
Maharashtra,Pune,Acute Diarrhoeal Disease,2017,9,6,0
Maharashtra,Pune,Acute Diarrhoeal Disease,2017,10,21,0
Maharashtra,Pune,Acute Diarrhoeal Disease,2017,11,10,0
Maharashtra,Pune,Acute Diarrhoeal Disease,2017,12,18,0
Maharashtra,Pune,Acute Diarrhoeal Disease,2017,13,6,0
Maharashtra,Pune,Acute Diarrhoeal Disease,2017,14,13,0
Maharashtra,Pune,Acute Diarrhoeal Disease,2017,15,22,0
Maharashtra,Pune,Acute Diarrhoeal Disease,2017,16,12,0
Maharashtra,Pune,Acute Diarrhoeal Disease,2017,17,33,0
Maharashtra,Pune,Acute Diarrhoeal Disease,2017,18,30,0
Maharashtra,Pune,Acute Diarrhoeal Disease,2017,19,44,0
Maharashtra,Pune,Acute Diarrhoeal Disease,2017,20,40,0
Maharashtra,Pune,Acute Diarrhoeal Disease,2017,21,55,0
Maharashtra,Pune,Acute Diarrhoeal Disease,2017,22,65,0
Maharashtra,Pune,Acute Diarrhoeal Disease,2017,23,64,0
Maharashtra,Pune,Acute Diarrhoeal Disease,2017,24,71,0
Maharashtra,Pune,Acute Diarrhoeal Disease,2017,25,94,1
Maharashtra,Pune,Acute Diarrhoeal Disease,2017,26,88,0
Maharashtra,Pune,Acute Diarrhoeal Disease,2017,27,103,0
Maharashtra,Pune,Acute Diarrhoeal Disease,2017,28,106,0
Maharashtra,Pune,Acute Diarrhoeal Disease,2017,29,120,0
Maharashtra,Pune,Acute Diarrhoeal Disease,2017,30,128,0
Maharashtra,Pune,Acute Diarrhoeal Disease,2017,31,121,0
Maharashtra,Pune,Acute Diarrhoeal Disease,2017,32,127,0
Maharashtra,Pune,Acute Diarrhoeal Disease,2017,33,138,0
Maharashtra,Pune,Acute Diarrhoeal Disease,2017,34,144,0
Maharashtra,Pune,Acute Diarrhoeal Disease,2017,35,140,1
Maharashtra,Pune,Acute Diarrhoeal Disease,2017,36,129,0
Maharashtra,Pune,Acute Diarrhoeal Disease,2017,37,142,0
Maharashtra,Pune,Acute Diarrhoeal Disease,2017,38,147,0
Maharashtra,Pune,Acute Diarrhoeal Disease,2017,39,136,0
Maharashtra,Pune,Acute Diarrhoeal Disease,2017,40,124,0
Maharashtra,Pune,Acute Diarrhoeal Disease,2017,41,139,0
Maharashtra,Pune,Acute Diarrhoeal Disease,2017,42,128,0
Maharashtra,Pune,Acute Diarrhoeal Disease,2017,43,141,0
Maharashtra,Pune,Acute Diarrhoeal Disease,2017,44,135,1
Maharashtra,Pune,Acute Diarrhoeal Disease,2017,45,127,0
Maharashtra,Pune,Acute Diarrhoeal Disease,2017,46,114,0
Maharashtra,Pune,Acute Diarrhoeal Disease,2017,47,111,0
Maharashtra,Pune,Acute Diarrhoeal Disease,2017,48,78,0
Maharashtra,Pune,Acute Diarrhoeal Disease,2017,49,98,0
Maharashtra,Pune,Acute Diarrhoeal Disease,2017,50,88,0
Maharashtra,Pune,Acute Diarrhoeal Disease,2017,51,67,0
Maharashtra,Pune,Acute Diarrhoeal Disease,2017,52,79,0
Maharashtra,Pune,Acute Diarrhoeal Disease,2018,1,60,0
Maharashtra,Pune,Acute Diarrhoeal Disease,2018,2,67,0
Maharashtra,Pune,Acute Diarrhoeal Disease,2018,3,38,0
Maharashtra,Pune,Acute Diarrhoeal Disease,2018,4,30,0
Maharashtra,Pune,Acute Diarrhoeal Disease,2018,5,39,0
Maharashtra,Pune,Acute Diarrhoeal Disease,2018,6,29,0
Maharashtra,Pune,Acute Diarrhoeal Disease,2018,7,21,0
Maharashtra,Pune,Acute Diarrhoeal Disease,2018,8,38,0
Maharashtra,Pune,Acute Diarrhoeal Disease,2018,9,32,0
Maharashtra,Pune,Acute Diarrhoeal Disease,2018,10,38,0
Maharashtra,Pune,Acute Diarrhoeal Disease,2018,11,28,0
Maharashtra,Pune,Acute Diarrhoeal Disease,2018,12,27,0
Maharashtra,Pune,Acute Diarrhoeal Disease,2018,13,19,0
Maharashtra,Pune,Acute Diarrhoeal Disease,2018,14,10,0
Maharashtra,Pune,Acute Diarrhoeal Disease,2018,15,11,0
Maharashtra,Pune,Acute Diarrhoeal Disease,2018,16,25,0
Maharashtra,Pune,Acute Diarrhoeal Disease,2018,17,37,0
Maharashtra,Pune,Acute Diarrhoeal Disease,2018,18,39,0
Maharashtra,Pune,Acute Diarrhoeal Disease,2018,19,42,0
Maharashtra,Pune,Acute Diarrhoeal Disease,2018,20,38,0
Maharashtra,Pune,Acute Diarrhoeal Disease,2018,21,57,0
Maharashtra,Pune,Acute Diarrhoeal Disease,2018,22,47,0
Maharashtra,Pune,Acute Diarrhoeal Disease,2018,23,51,0
Maharashtra,Pune,Acute Diarrhoeal Disease,2018,24,79,0
Maharashtra,Pune,Acute Diarrhoeal Disease,2018,25,84,1
Maharashtra,Pune,Acute Diarrhoeal Disease,2018,26,84,0
Maharashtra,Pune,Acute Diarrhoeal Disease,2018,27,87,0
Maharashtra,Pune,Acute Diarrhoeal Disease,2018,28,104,0
Maharashtra,Pune,Acute Diarrhoeal Disease,2018,29,113,0
Maharashtra,Pune,Acute Diarrhoeal Disease,2018,30,128,0
Maharashtra,Pune,Acute Diarrhoeal Disease,2018,31,105,0
Maharashtra,Pune,Acute Diarrhoeal Disease,2018,32,128,0
Maharashtra,Pune,Acute Diarrhoeal Disease,2018,33,142,0
Maharashtra,Pune,Acute Diarrhoeal Disease,2018,34,137,0
Maharashtra,Pune,Acute Diarrhoeal Disease,2018,35,140,0
Maharashtra,Pune,Acute Diarrhoeal Disease,2018,36,141,0
Maharashtra,Pune,Acute Diarrhoeal Disease,2018,37,136,0
Maharashtra,Pune,Acute Diarrhoeal Disease,2018,38,142,0
Maharashtra,Pune,Acute Diarrhoeal Disease,2018,39,161,0
Maharashtra,Pune,Acute Diarrhoeal Disease,2018,40,154,0
Maharashtra,Pune,Acute Diarrhoeal Disease,2018,41,143,0
Maharashtra,Pune,Acute Diarrhoeal Disease,2018,42,136,0
Maharashtra,Pune,Acute Diarrhoeal Disease,2018,43,123,0
Maharashtra,Pune,Acute Diarrhoeal Disease,2018,44,123,0
Maharashtra,Pune,Acute Diarrhoeal Disease,2018,45,127,0
Maharashtra,Pune,Acute Diarrhoeal Disease,2018,46,102,0
Maharashtra,Pune,Acute Diarrhoeal Disease,2018,47,114,0
Maharashtra,Pune,Acute Diarrhoeal Disease,2018,48,118,0
Maharashtra,Pune,Acute Diarrhoeal Disease,2018,49,85,0
Maharashtra,Pune,Acute Diarrhoeal Disease,2018,50,94,0
Maharashtra,Pune,Acute Diarrhoeal Disease,2018,51,84,0
Maharashtra,Pune,Acute Diarrhoeal Disease,2018,52,76,0
Maharashtra,Pune,Acute Diarrhoeal Disease,2019,1,69,0
Maharashtra,Pune,Acute Diarrhoeal Disease,2019,2,49,0
Maharashtra,Pune,Acute Diarrhoeal Disease,2019,3,46,0
Maharashtra,Pune,Acute Diarrhoeal Disease,2019,4,36,0
Maharashtra,Pune,Acute Diarrhoeal Disease,2019,5,37,0
Maharashtra,Pune,Acute Diarrhoeal Disease,2019,6,24,0
Maharashtra,Pune,Acute Diarrhoeal Disease,2019,7,40,0
Maharashtra,Pune,Acute Diarrhoeal Disease,2019,8,0,0
Maharashtra,Pune,Acute Diarrhoeal Disease,2019,9,12,0
Maharashtra,Pune,Acute Diarrhoeal Disease,2019,10,7,0
Maharashtra,Pune,Acute Diarrhoeal Disease,2019,11,24,0
Maharashtra,Pune,Acute Diarrhoeal Disease,2019,12,10,0
Maharashtra,Pune,Acute Diarrhoeal Disease,2019,13,26,0
Maharashtra,Pune,Acute Diarrhoeal Disease,2019,14,20,0
Maharashtra,Pune,Acute Diarrhoeal Disease,2019,15,34,0
Maharashtra,Pune,Acute Diarrhoeal Disease,2019,16,26,0
Maharashtra,Pune,Acute Diarrhoeal Disease,2019,17,29,0
Maharashtra,Pune,Acute Diarrhoeal Disease,2019,18,30,0
Maharashtra,Pune,Acute Diarrhoeal Disease,2019,19,34,0
Maharashtra,Pune,Acute Diarrhoeal Disease,2019,20,42,0
Maharashtra,Pune,Acute Diarrhoeal Disease,2019,21,36,0
Maharashtra,Pune,Acute Diarrhoeal Disease,2019,22,55,0
Maharashtra,Pune,Acute Diarrhoeal Disease,2019,23,57,0
Maharashtra,Pune,Acute Diarrhoeal Disease,2019,24,81,0
Maharashtra,Pune,Acute Diarrhoeal Disease,2019,25,83,0
Maharashtra,Pune,Acute Diarrhoeal Disease,2019,26,95,0
Maharashtra,Pune,Acute Diarrhoeal Disease,2019,27,107,2
Maharashtra,Pune,Acute Diarrhoeal Disease,2019,28,102,0
Maharashtra,Pune,Acute Diarrhoeal Disease,2019,29,105,0
Maharashtra,Pune,Acute Diarrhoeal Disease,2019,30,110,2
Maharashtra,Pune,Acute Diarrhoeal Disease,2019,31,125,0
Maharashtra,Pune,Acute Diarrhoeal Disease,2019,32,146,0
Maharashtra,Pune,Acute Diarrhoeal Disease,2019,33,138,0
Maharashtra,Pune,Acute Diarrhoeal Disease,2019,34,148,0
Maharashtra,Pune,Acute Diarrhoeal Disease,2019,35,132,0
Maharashtra,Pune,Acute Diarrhoeal Disease,2019,36,119,1
Maharashtra,Pune,Acute Diarrhoeal Disease,2019,37,151,0
Maharashtra,Pune,Acute Diarrhoeal Disease,2019,38,136,0
Maharashtra,Pune,Acute Diarrhoeal Disease,2019,39,0,0
Maharashtra,Pune,Acute Diarrhoeal Disease,2019,40,153,0
Maharashtra,Pune,Acute Diarrhoeal Disease,2019,41,135,0
Maharashtra,Pune,Acute Diarrhoeal Disease,2019,42,115,0
Maharashtra,Pune,Acute Diarrhoeal Disease,2019,43,147,0
Maharashtra,Pune,Acute Diarrhoeal Disease,2019,44,119,0
Maharashtra,Pune,Acute Diarrhoeal Disease,2019,45,131,0
Maharashtra,Pune,Acute Diarrhoeal Disease,2019,46,112,0
Maharashtra,Pune,Acute Diarrhoeal Disease,2019,47,125,0
Maharashtra,Pune,Acute Diarrhoeal Disease,2019,48,97,1
Maharashtra,Pune,Acute Diarrhoeal Disease,2019,49,87,0
Maharashtra,Pune,Acute Diarrhoeal Disease,2019,50,67,0
Maharashtra,Pune,Acute Diarrhoeal Disease,2019,51,74,0
Maharashtra,Pune,Acute Diarrhoeal Disease,2019,52,86,0
Maharashtra,Pune,Acute Diarrhoeal Disease,2020,1,40,0
Maharashtra,Pune,Acute Diarrhoeal Disease,2020,2,76,0
Maharashtra,Pune,Acute Diarrhoeal Disease,2020,3,56,0
Maharashtra,Pune,Acute Diarrhoeal Disease,2020,4,42,0
Maharashtra,Pune,Acute Diarrhoeal Disease,2020,5,39,0
Maharashtra,Pune,Acute Diarrhoeal Disease,2020,6,59,0
Maharashtra,Pune,Acute Diarrhoeal Disease,2020,7,14,0
Maharashtra,Pune,Acute Diarrhoeal Disease,2020,8,7,0
Maharashtra,Pune,Acute Diarrhoeal Disease,2020,9,0,0
Maharashtra,Pune,Acute Diarrhoeal Disease,2020,10,22,1
Maharashtra,Pune,Acute Diarrhoeal Disease,2020,11,24,0
Maharashtra,Pune,Acute Diarrhoeal Disease,2020,12,8,0
Maharashtra,Pune,Acute Diarrhoeal Disease,2020,13,25,0
Maharashtra,Pune,Acute Diarrhoeal Disease,2020,14,7,0
Maharashtra,Pune,Acute Diarrhoeal Disease,2020,15,17,0
Maharashtra,Pune,Acute Diarrhoeal Disease,2020,16,31,0
Maharashtra,Pune,Acute Diarrhoeal Disease,2020,17,25,0
Maharashtra,Pune,Acute Diarrhoeal Disease,2020,18,20,0
Maharashtra,Pune,Acute Diarrhoeal Disease,2020,19,35,0
Maharashtra,Pune,Acute Diarrhoeal Disease,2020,20,43,0
Maharashtra,Pune,Acute Diarrhoeal Disease,2020,21,55,0
Maharashtra,Pune,Acute Diarrhoeal Disease,2020,22,61,0
Maharashtra,Pune,Acute Diarrhoeal Disease,2020,23,63,0
Maharashtra,Pune,Acute Diarrhoeal Disease,2020,24,80,0
Maharashtra,Pune,Acute Diarrhoeal Disease,2020,25,85,0
Maharashtra,Pune,Acute Diarrhoeal Disease,2020,26,95,0
Maharashtra,Pune,Acute Diarrhoeal Disease,2020,27,95,0
Maharashtra,Pune,Acute Diarrhoeal Disease,2020,28,104,0
Maharashtra,Pune,Acute Diarrhoeal Disease,2020,29,106,0
Maharashtra,Pune,Acute Diarrhoeal Disease,2020,30,125,0
Maharashtra,Pune,Acute Diarrhoeal Disease,2020,31,130,0
Maharashtra,Pune,Acute Diarrhoeal Disease,2020,32,146,0
Maharashtra,Pune,Acute Diarrhoeal Disease,2020,33,133,0
Maharashtra,Pune,Acute Diarrhoeal Disease,2020,34,144,0
Maharashtra,Pune,Acute Diarrhoeal Disease,2020,35,133,0
Maharashtra,Pune,Acute Diarrhoeal Disease,2020,36,152,0
Maharashtra,Pune,Acute Diarrhoeal Disease,2020,37,147,0
Maharashtra,Pune,Acute Diarrhoeal Disease,2020,38,134,0
Maharashtra,Pune,Acute Diarrhoeal Disease,2020,39,139,0
Maharashtra,Pune,Acute Diarrhoeal Disease,2020,40,142,0
Maharashtra,Pune,Acute Diarrhoeal Disease,2020,41,144,0
Maharashtra,Pune,Acute Diarrhoeal Disease,2020,42,122,0
Maharashtra,Pune,Acute Diarrhoeal Disease,2020,43,158,0
Maharashtra,Pune,Acute Diarrhoeal Disease,2020,44,125,1
Maharashtra,Pune,Acute Diarrhoeal Disease,2020,45,92,0
Maharashtra,Pune,Acute Diarrhoeal Disease,2020,46,129,0
Maharashtra,Pune,Acute Diarrhoeal Disease,2020,47,112,0
Maharashtra,Pune,Acute Diarrhoeal Disease,2020,48,100,0
Maharashtra,Pune,Acute Diarrhoeal Disease,2020,49,76,0
Maharashtra,Pune,Acute Diarrhoeal Disease,2020,50,92,0
Maharashtra,Pune,Acute Diarrhoeal Disease,2020,51,75,0
Maharashtra,Pune,Acute Diarrhoeal Disease,2020,52,75,0
Maharashtra,Pune,Acute Diarrhoeal Disease,2021,1,60,0
Maharashtra,Pune,Acute Diarrhoeal Disease,2021,2,55,0
Maharashtra,Pune,Acute Diarrhoeal Disease,2021,3,42,0
Maharashtra,Pune,Acute Diarrhoeal Disease,2021,4,51,0
Maharashtra,Pune,Acute Diarrhoeal Disease,2021,5,26,0
Maharashtra,Pune,Acute Diarrhoeal Disease,2021,6,22,0
Maharashtra,Pune,Acute Diarrhoeal Disease,2021,7,26,0
Maharashtra,Pune,Acute Diarrhoeal Disease,2021,8,1,0
Maharashtra,Pune,Acute Diarrhoeal Disease,2021,9,18,0
Maharashtra,Pune,Acute Diarrhoeal Disease,2021,10,28,0
Maharashtra,Pune,Acute Diarrhoeal Disease,2021,11,26,0
Maharashtra,Pune,Acute Diarrhoeal Disease,2021,12,14,0
Maharashtra,Pune,Acute Diarrhoeal Disease,2021,13,18,0
Maharashtra,Pune,Acute Diarrhoeal Disease,2021,14,23,0
Maharashtra,Pune,Acute Diarrhoeal Disease,2021,15,25,0
Maharashtra,Pune,Acute Diarrhoeal Disease,2021,16,12,0
Maharashtra,Pune,Acute Diarrhoeal Disease,2021,17,39,0
Maharashtra,Pune,Acute Diarrhoeal Disease,2021,18,16,0
Maharashtra,Pune,Acute Diarrhoeal Disease,2021,19,37,0
Maharashtra,Pune,Acute Diarrhoeal Disease,2021,20,54,0
Maharashtra,Pune,Acute Diarrhoeal Disease,2021,21,36,0
Maharashtra,Pune,Acute Diarrhoeal Disease,2021,22,56,0
Maharashtra,Pune,Acute Diarrhoeal Disease,2021,23,73,0
Maharashtra,Pune,Acute Diarrhoeal Disease,2021,24,89,0
Maharashtra,Pune,Acute Diarrhoeal Disease,2021,25,79,0
Maharashtra,Pune,Acute Diarrhoeal Disease,2021,26,73,0
Maharashtra,Pune,Acute Diarrhoeal Disease,2021,27,113,0
Maharashtra,Pune,Acute Diarrhoeal Disease,2021,28,98,0
Maharashtra,Pune,Acute Diarrhoeal Disease,2021,29,126,0
Maharashtra,Pune,Acute Diarrhoeal Disease,2021,30,118,0
Maharashtra,Pune,Acute Diarrhoeal Disease,2021,31,121,0
Maharashtra,Pune,Acute Diarrhoeal Disease,2021,32,127,1
Maharashtra,Pune,Acute Diarrhoeal Disease,2021,33,126,0
Maharashtra,Pune,Acute Diarrhoeal Disease,2021,34,128,0
Maharashtra,Pune,Acute Diarrhoeal Disease,2021,35,131,0
Maharashtra,Pune,Acute Diarrhoeal Disease,2021,36,126,0
Maharashtra,Pune,Acute Diarrhoeal Disease,2021,37,148,0
Maharashtra,Pune,Acute Diarrhoeal Disease,2021,38,136,0
Maharashtra,Pune,Acute Diarrhoeal Disease,2021,39,169,0
Maharashtra,Pune,Acute Diarrhoeal Disease,2021,40,153,0
Maharashtra,Pune,Acute Diarrhoeal Disease,2021,41,146,0
Maharashtra,Pune,Acute Diarrhoeal Disease,2021,42,131,0
Maharashtra,Pune,Acute Diarrhoeal Disease,2021,43,136,0
Maharashtra,Pune,Acute Diarrhoeal Disease,2021,44,115,0
Maharashtra,Pune,Acute Diarrhoeal Disease,2021,45,129,0
Maharashtra,Pune,Acute Diarrhoeal Disease,2021,46,116,0
Maharashtra,Pune,Acute Diarrhoeal Disease,2021,47,104,0
Maharashtra,Pune,Acute Diarrhoeal Disease,2021,48,99,0
Maharashtra,Pune,Acute Diarrhoeal Disease,2021,49,107,0
Maharashtra,Pune,Acute Diarrhoeal Disease,2021,50,79,0
Maharashtra,Pune,Acute Diarrhoeal Disease,2021,51,81,0
Maharashtra,Pune,Acute Diarrhoeal Disease,2021,52,76,0
Maharashtra,Pune,Acute Diarrhoeal Disease,2022,1,70,0
Maharashtra,Pune,Acute Diarrhoeal Disease,2022,2,70,0
Maharashtra,Pune,Acute Diarrhoeal Disease,2022,3,44,0
Maharashtra,Pune,Acute Diarrhoeal Disease,2022,4,59,0
Maharashtra,Pune,Acute Diarrhoeal Disease,2022,5,18,0
Maharashtra,Pune,Acute Diarrhoeal Disease,2022,6,35,0
Maharashtra,Pune,Acute Diarrhoeal Disease,2022,7,8,0
Maharashtra,Pune,Acute Diarrhoeal Disease,2022,8,23,0
Maharashtra,Pune,Acute Diarrhoeal Disease,2022,9,24,0
Maharashtra,Pune,Acute Diarrhoeal Disease,2022,10,22,0
Maharashtra,Pune,Acute Diarrhoeal Disease,2022,11,10,0
Maharashtra,Pune,Acute Diarrhoeal Disease,2022,12,29,0
Maharashtra,Pune,Acute Diarrhoeal Disease,2022,13,15,0
Maharashtra,Pune,Acute Diarrhoeal Disease,2022,14,17,0
Maharashtra,Pune,Acute Diarrhoeal Disease,2022,15,3,0
Maharashtra,Pune,Acute Diarrhoeal Disease,2022,16,24,0
Maharashtra,Pune,Acute Diarrhoeal Disease,2022,17,36,0
Maharashtra,Pune,Acute Diarrhoeal Disease,2022,18,30,0
Maharashtra,Pune,Acute Diarrhoeal Disease,2022,19,29,0
Maharashtra,Pune,Acute Diarrhoeal Disease,2022,20,59,0
Maharashtra,Pune,Acute Diarrhoeal Disease,2022,21,47,0
Maharashtra,Pune,Acute Diarrhoeal Disease,2022,22,49,0
Maharashtra,Pune,Acute Diarrhoeal Disease,2022,23,68,0
Maharashtra,Pune,Acute Diarrhoeal Disease,2022,24,65,0
Maharashtra,Pune,Acute Diarrhoeal Disease,2022,25,104,0
Maharashtra,Pune,Acute Diarrhoeal Disease,2022,26,67,0
Maharashtra,Pune,Acute Diarrhoeal Disease,2022,27,115,0
Maharashtra,Pune,Acute Diarrhoeal Disease,2022,28,95,0
Maharashtra,Pune,Acute Diarrhoeal Disease,2022,29,108,0
Maharashtra,Pune,Acute Diarrhoeal Disease,2022,30,103,0
Maharashtra,Pune,Acute Diarrhoeal Disease,2022,31,127,0
Maharashtra,Pune,Acute Diarrhoeal Disease,2022,32,122,0
Maharashtra,Pune,Acute Diarrhoeal Disease,2022,33,131,0
Maharashtra,Pune,Acute Diarrhoeal Disease,2022,34,135,0
Maharashtra,Pune,Acute Diarrhoeal Disease,2022,35,134,0
Maharashtra,Pune,Acute Diarrhoeal Disease,2022,36,143,0
Maharashtra,Pune,Acute Diarrhoeal Disease,2022,37,139,0
Maharashtra,Pune,Acute Diarrhoeal Disease,2022,38,137,0
Maharashtra,Pune,Acute Diarrhoeal Disease,2022,39,142,0
Maharashtra,Pune,Acute Diarrhoeal Disease,2022,40,137,0
Maharashtra,Pune,Acute Diarrhoeal Disease,2022,41,138,0
Maharashtra,Pune,Acute Diarrhoeal Disease,2022,42,148,0
Maharashtra,Pune,Acute Diarrhoeal Disease,2022,43,126,0
Maharashtra,Pune,Acute Diarrhoeal Disease,2022,44,0,0
Maharashtra,Pune,Acute Diarrhoeal Disease,2022,45,137,0
Maharashtra,Pune,Acute Diarrhoeal Disease,2022,46,106,0
Maharashtra,Pune,Acute Diarrhoeal Disease,2022,47,109,0
Maharashtra,Pune,Acute Diarrhoeal Disease,2022,48,98,0
Maharashtra,Pune,Acute Diarrhoeal Disease,2022,49,91,0
Maharashtra,Pune,Acute Diarrhoeal Disease,2022,50,88,0
Maharashtra,Pune,Acute Diarrhoeal Disease,2022,51,73,0
Maharashtra,Pune,Acute Diarrhoeal Disease,2022,52,86,0
Maharashtra,Pune,Acute Diarrhoeal Disease,2023,1,61,0
Maharashtra,Pune,Acute Diarrhoeal Disease,2023,2,52,0
Maharashtra,Pune,Acute Diarrhoeal Disease,2023,3,64,0
Maharashtra,Pune,Acute Diarrhoeal Disease,2023,4,53,0
Maharashtra,Pune,Acute Diarrhoeal Disease,2023,5,23,0
Maharashtra,Pune,Acute Diarrhoeal Disease,2023,6,44,0
Maharashtra,Pune,Acute Diarrhoeal Disease,2023,7,26,0
Maharashtra,Pune,Acute Diarrhoeal Disease,2023,8,20,0
Maharashtra,Pune,Acute Diarrhoeal Disease,2023,9,24,0
Maharashtra,Pune,Acute Diarrhoeal Disease,2023,10,4,0
Maharashtra,Pune,Acute Diarrhoeal Disease,2023,11,9,0
Maharashtra,Pune,Acute Diarrhoeal Disease,2023,12,0,0
Maharashtra,Pune,Acute Diarrhoeal Disease,2023,13,13,0
Maharashtra,Pune,Acute Diarrhoeal Disease,2023,14,19,0
Maharashtra,Pune,Acute Diarrhoeal Disease,2023,15,21,1
Maharashtra,Pune,Acute Diarrhoeal Disease,2023,16,10,0
Maharashtra,Pune,Acute Diarrhoeal Disease,2023,17,12,0
Maharashtra,Pune,Acute Diarrhoeal Disease,2023,18,29,0
Maharashtra,Pune,Acute Diarrhoeal Disease,2023,19,33,0
Maharashtra,Pune,Acute Diarrhoeal Disease,2023,20,35,0
Maharashtra,Pune,Acute Diarrhoeal Disease,2023,21,46,0
Maharashtra,Pune,Acute Diarrhoeal Disease,2023,22,52,0
Maharashtra,Pune,Acute Diarrhoeal Disease,2023,23,57,0
Maharashtra,Pune,Acute Diarrhoeal Disease,2023,24,72,0
Maharashtra,Pune,Acute Diarrhoeal Disease,2023,25,74,0
Maharashtra,Pune,Acute Diarrhoeal Disease,2023,26,91,0
Maharashtra,Pune,Acute Diarrhoeal Disease,2023,27,90,0
Maharashtra,Pune,Acute Diarrhoeal Disease,2023,28,104,0
Maharashtra,Pune,Acute Diarrhoeal Disease,2023,29,109,0
Maharashtra,Pune,Acute Diarrhoeal Disease,2023,30,116,0
Maharashtra,Pune,Acute Diarrhoeal Disease,2023,31,115,0
Maharashtra,Pune,Acute Diarrhoeal Disease,2023,32,127,0
Maharashtra,Pune,Acute Diarrhoeal Disease,2023,33,134,0
Maharashtra,Pune,Acute Diarrhoeal Disease,2023,34,147,0
Maharashtra,Pune,Acute Diarrhoeal Disease,2023,35,138,0
Maharashtra,Pune,Acute Diarrhoeal Disease,2023,36,137,0
Maharashtra,Pune,Acute Diarrhoeal Disease,2023,37,151,0
Maharashtra,Pune,Acute Diarrhoeal Disease,2023,38,142,0
Maharashtra,Pune,Acute Diarrhoeal Disease,2023,39,153,0
Maharashtra,Pune,Acute Diarrhoeal Disease,2023,40,153,0
Maharashtra,Pune,Acute Diarrhoeal Disease,2023,41,148,0
Maharashtra,Pune,Acute Diarrhoeal Disease,2023,42,132,0
Maharashtra,Pune,Acute Diarrhoeal Disease,2023,43,113,0
Maharashtra,Pune,Acute Diarrhoeal Disease,2023,44,139,0
Maharashtra,Pune,Acute Diarrhoeal Disease,2023,45,109,0
Maharashtra,Pune,Acute Diarrhoeal Disease,2023,46,96,0
Maharashtra,Pune,Acute Diarrhoeal Disease,2023,47,126,0
Maharashtra,Pune,Acute Diarrhoeal Disease,2023,48,95,0
Maharashtra,Pune,Acute Diarrhoeal Disease,2023,49,81,0
Maharashtra,Pune,Acute Diarrhoeal Disease,2023,50,80,0
Maharashtra,Pune,Acute Diarrhoeal Disease,2023,51,70,0
Maharashtra,Pune,Acute Diarrhoeal Disease,2023,52,72,0
Maharashtra,Pune,Acute Diarrhoeal Disease,2024,1,89,0
Maharashtra,Pune,Acute Diarrhoeal Disease,2024,2,51,0
Maharashtra,Pune,Acute Diarrhoeal Disease,2024,3,50,0
Maharashtra,Pune,Acute Diarrhoeal Disease,2024,4,35,0
Maharashtra,Pune,Acute Diarrhoeal Disease,2024,5,33,0
Maharashtra,Pune,Acute Diarrhoeal Disease,2024,6,27,0
Maharashtra,Pune,Acute Diarrhoeal Disease,2024,7,41,0
Maharashtra,Pune,Acute Diarrhoeal Disease,2024,8,21,0
Maharashtra,Pune,Acute Diarrhoeal Disease,2024,9,26,0
Maharashtra,Pune,Acute Diarrhoeal Disease,2024,10,23,0
Maharashtra,Pune,Acute Diarrhoeal Disease,2024,11,16,0
Maharashtra,Pune,Acute Diarrhoeal Disease,2024,12,0,0
Maharashtra,Pune,Acute Diarrhoeal Disease,2024,13,21,0
Maharashtra,Pune,Acute Diarrhoeal Disease,2024,14,18,0
Maharashtra,Pune,Acute Diarrhoeal Disease,2024,15,18,0
Maharashtra,Pune,Acute Diarrhoeal Disease,2024,16,30,0
Maharashtra,Pune,Acute Diarrhoeal Disease,2024,17,44,0
Maharashtra,Pune,Acute Diarrhoeal Disease,2024,18,35,0
Maharashtra,Pune,Acute Diarrhoeal Disease,2024,19,36,0
Maharashtra,Pune,Acute Diarrhoeal Disease,2024,20,31,0
Maharashtra,Pune,Acute Diarrhoeal Disease,2024,21,39,0
Maharashtra,Pune,Acute Diarrhoeal Disease,2024,22,38,0
Maharashtra,Pune,Acute Diarrhoeal Disease,2024,23,63,0
Maharashtra,Pune,Acute Diarrhoeal Disease,2024,24,71,0
Maharashtra,Pune,Acute Diarrhoeal Disease,2024,25,90,0
Maharashtra,Pune,Acute Diarrhoeal Disease,2024,26,69,0
Maharashtra,Pune,Acute Diarrhoeal Disease,2024,27,82,0
Maharashtra,Pune,Acute Diarrhoeal Disease,2024,28,92,0
Maharashtra,Pune,Acute Diarrhoeal Disease,2024,29,112,0
Maharashtra,Pune,Acute Diarrhoeal Disease,2024,30,121,0
Maharashtra,Pune,Acute Diarrhoeal Disease,2024,31,131,0
Maharashtra,Pune,Acute Diarrhoeal Disease,2024,32,137,0
Maharashtra,Pune,Acute Diarrhoeal Disease,2024,33,137,0
Maharashtra,Pune,Acute Diarrhoeal Disease,2024,34,143,0
Maharashtra,Pune,Acute Diarrhoeal Disease,2024,35,127,0
Maharashtra,Pune,Acute Diarrhoeal Disease,2024,36,142,0
Maharashtra,Pune,Acute Diarrhoeal Disease,2024,37,144,0
Maharashtra,Pune,Acute Diarrhoeal Disease,2024,38,147,0
Maharashtra,Pune,Acute Diarrhoeal Disease,2024,39,144,0
Maharashtra,Pune,Acute Diarrhoeal Disease,2024,40,148,0
Maharashtra,Pune,Acute Diarrhoeal Disease,2024,41,108,1
Maharashtra,Pune,Acute Diarrhoeal Disease,2024,42,0,0
Maharashtra,Pune,Acute Diarrhoeal Disease,2024,43,113,0
Maharashtra,Pune,Acute Diarrhoeal Disease,2024,44,134,0
Maharashtra,Pune,Acute Diarrhoeal Disease,2024,45,113,0
Maharashtra,Pune,Acute Diarrhoeal Disease,2024,46,135,0
Maharashtra,Pune,Acute Diarrhoeal Disease,2024,47,124,0
Maharashtra,Pune,Acute Diarrhoeal Disease,2024,48,93,0
Maharashtra,Pune,Acute Diarrhoeal Disease,2024,49,100,0
Maharashtra,Pune,Acute Diarrhoeal Disease,2024,50,83,0
Maharashtra,Pune,Acute Diarrhoeal Disease,2024,51,78,0
Maharashtra,Pune,Acute Diarrhoeal Disease,2024,52,72,0
Maharashtra,Mumbai,Dengue,2017,1,37,0
Maharashtra,Mumbai,Dengue,2017,2,35,0
Maharashtra,Mumbai,Dengue,2017,3,12,0
Maharashtra,Mumbai,Dengue,2017,4,1,0
Maharashtra,Mumbai,Dengue,2017,5,16,0
Maharashtra,Mumbai,Dengue,2017,6,10,0
Maharashtra,Mumbai,Dengue,2017,7,4,0
Maharashtra,Mumbai,Dengue,2017,8,0,0
Maharashtra,Mumbai,Dengue,2017,9,0,0
Maharashtra,Mumbai,Dengue,2017,10,0,0
Maharashtra,Mumbai,Dengue,2017,11,19,0
Maharashtra,Mumbai,Dengue,2017,12,11,0
Maharashtra,Mumbai,Dengue,2017,13,6,0
Maharashtra,Mumbai,Dengue,2017,14,0,0
Maharashtra,Mumbai,Dengue,2017,15,19,0
Maharashtra,Mumbai,Dengue,2017,16,26,0
Maharashtra,Mumbai,Dengue,2017,17,17,0
Maharashtra,Mumbai,Dengue,2017,18,15,0
Maharashtra,Mumbai,Dengue,2017,19,30,0
Maharashtra,Mumbai,Dengue,2017,20,46,0
Maharashtra,Mumbai,Dengue,2017,21,66,0
Maharashtra,Mumbai,Dengue,2017,22,65,0
Maharashtra,Mumbai,Dengue,2017,23,71,0
Maharashtra,Mumbai,Dengue,2017,24,78,0
Maharashtra,Mumbai,Dengue,2017,25,103,0
Maharashtra,Mumbai,Dengue,2017,26,120,2
Maharashtra,Mumbai,Dengue,2017,27,102,0
Maharashtra,Mumbai,Dengue,2017,28,125,0
Maharashtra,Mumbai,Dengue,2017,29,121,0
Maharashtra,Mumbai,Dengue,2017,30,137,0
Maharashtra,Mumbai,Dengue,2017,31,148,0
Maharashtra,Mumbai,Dengue,2017,32,142,0
Maharashtra,Mumbai,Dengue,2017,33,142,0
Maharashtra,Mumbai,Dengue,2017,34,0,0
Maharashtra,Mumbai,Dengue,2017,35,158,0
Maharashtra,Mumbai,Dengue,2017,36,171,0
Maharashtra,Mumbai,Dengue,2017,37,162,0
Maharashtra,Mumbai,Dengue,2017,38,146,0
Maharashtra,Mumbai,Dengue,2017,39,136,0
Maharashtra,Mumbai,Dengue,2017,40,135,0
Maharashtra,Mumbai,Dengue,2017,41,145,0
Maharashtra,Mumbai,Dengue,2017,42,133,0
Maharashtra,Mumbai,Dengue,2017,43,121,0
Maharashtra,Mumbai,Dengue,2017,44,117,0
Maharashtra,Mumbai,Dengue,2017,45,124,0
Maharashtra,Mumbai,Dengue,2017,46,105,0
Maharashtra,Mumbai,Dengue,2017,47,95,0
Maharashtra,Mumbai,Dengue,2017,48,79,0
Maharashtra,Mumbai,Dengue,2017,49,68,0
Maharashtra,Mumbai,Dengue,2017,50,53,0
Maharashtra,Mumbai,Dengue,2017,51,53,0
Maharashtra,Mumbai,Dengue,2017,52,52,0
Maharashtra,Mumbai,Dengue,2018,1,32,0
Maharashtra,Mumbai,Dengue,2018,2,34,0
Maharashtra,Mumbai,Dengue,2018,3,32,0
Maharashtra,Mumbai,Dengue,2018,4,21,0
Maharashtra,Mumbai,Dengue,2018,5,38,0
Maharashtra,Mumbai,Dengue,2018,6,16,0
Maharashtra,Mumbai,Dengue,2018,7,8,0
Maharashtra,Mumbai,Dengue,2018,8,0,0
Maharashtra,Mumbai,Dengue,2018,9,0,0
Maharashtra,Mumbai,Dengue,2018,10,0,0
Maharashtra,Mumbai,Dengue,2018,11,0,0
Maharashtra,Mumbai,Dengue,2018,12,17,0
Maharashtra,Mumbai,Dengue,2018,13,8,0
Maharashtra,Mumbai,Dengue,2018,14,13,0
Maharashtra,Mumbai,Dengue,2018,15,4,0
Maharashtra,Mumbai,Dengue,2018,16,30,0
Maharashtra,Mumbai,Dengue,2018,17,15,0
Maharashtra,Mumbai,Dengue,2018,18,34,0
Maharashtra,Mumbai,Dengue,2018,19,53,0
Maharashtra,Mumbai,Dengue,2018,20,53,0
Maharashtra,Mumbai,Dengue,2018,21,66,0
Maharashtra,Mumbai,Dengue,2018,22,71,0
Maharashtra,Mumbai,Dengue,2018,23,92,0
Maharashtra,Mumbai,Dengue,2018,24,89,0
Maharashtra,Mumbai,Dengue,2018,25,115,0
Maharashtra,Mumbai,Dengue,2018,26,104,0
Maharashtra,Mumbai,Dengue,2018,27,116,0
Maharashtra,Mumbai,Dengue,2018,28,116,0
Maharashtra,Mumbai,Dengue,2018,29,117,0
Maharashtra,Mumbai,Dengue,2018,30,139,0
Maharashtra,Mumbai,Dengue,2018,31,149,0
Maharashtra,Mumbai,Dengue,2018,32,138,0
Maharashtra,Mumbai,Dengue,2018,33,148,0
Maharashtra,Mumbai,Dengue,2018,34,151,0
Maharashtra,Mumbai,Dengue,2018,35,164,0
Maharashtra,Mumbai,Dengue,2018,36,165,0
Maharashtra,Mumbai,Dengue,2018,37,146,0
Maharashtra,Mumbai,Dengue,2018,38,152,0
Maharashtra,Mumbai,Dengue,2018,39,153,0
Maharashtra,Mumbai,Dengue,2018,40,138,0
Maharashtra,Mumbai,Dengue,2018,41,146,0
Maharashtra,Mumbai,Dengue,2018,42,139,0
Maharashtra,Mumbai,Dengue,2018,43,136,0
Maharashtra,Mumbai,Dengue,2018,44,115,0
Maharashtra,Mumbai,Dengue,2018,45,115,0
Maharashtra,Mumbai,Dengue,2018,46,106,0
Maharashtra,Mumbai,Dengue,2018,47,104,0
Maharashtra,Mumbai,Dengue,2018,48,98,0
Maharashtra,Mumbai,Dengue,2018,49,75,0
Maharashtra,Mumbai,Dengue,2018,50,82,0
Maharashtra,Mumbai,Dengue,2018,51,51,0
Maharashtra,Mumbai,Dengue,2018,52,59,0
Maharashtra,Mumbai,Dengue,2019,1,40,0
Maharashtra,Mumbai,Dengue,2019,2,15,0
Maharashtra,Mumbai,Dengue,2019,3,29,0
Maharashtra,Mumbai,Dengue,2019,4,25,0
Maharashtra,Mumbai,Dengue,2019,5,12,0
Maharashtra,Mumbai,Dengue,2019,6,3,0
Maharashtra,Mumbai,Dengue,2019,7,14,0
Maharashtra,Mumbai,Dengue,2019,8,0,0
Maharashtra,Mumbai,Dengue,2019,9,0,0
Maharashtra,Mumbai,Dengue,2019,10,17,0
Maharashtra,Mumbai,Dengue,2019,11,16,0
Maharashtra,Mumbai,Dengue,2019,12,0,0
Maharashtra,Mumbai,Dengue,2019,13,7,0
Maharashtra,Mumbai,Dengue,2019,14,1,0
Maharashtra,Mumbai,Dengue,2019,15,15,0
Maharashtra,Mumbai,Dengue,2019,16,21,2
Maharashtra,Mumbai,Dengue,2019,17,27,0
Maharashtra,Mumbai,Dengue,2019,18,25,0
Maharashtra,Mumbai,Dengue,2019,19,45,0
Maharashtra,Mumbai,Dengue,2019,20,52,0
Maharashtra,Mumbai,Dengue,2019,21,66,0
Maharashtra,Mumbai,Dengue,2019,22,66,0
Maharashtra,Mumbai,Dengue,2019,23,77,0
Maharashtra,Mumbai,Dengue,2019,24,96,0
Maharashtra,Mumbai,Dengue,2019,25,104,0
Maharashtra,Mumbai,Dengue,2019,26,83,0
Maharashtra,Mumbai,Dengue,2019,27,126,0
Maharashtra,Mumbai,Dengue,2019,28,119,0
Maharashtra,Mumbai,Dengue,2019,29,117,0
Maharashtra,Mumbai,Dengue,2019,30,139,0
Maharashtra,Mumbai,Dengue,2019,31,156,0
Maharashtra,Mumbai,Dengue,2019,32,146,0
Maharashtra,Mumbai,Dengue,2019,33,168,0
Maharashtra,Mumbai,Dengue,2019,34,154,0
Maharashtra,Mumbai,Dengue,2019,35,174,0
Maharashtra,Mumbai,Dengue,2019,36,165,0
Maharashtra,Mumbai,Dengue,2019,37,168,0
Maharashtra,Mumbai,Dengue,2019,38,149,0
Maharashtra,Mumbai,Dengue,2019,39,155,0
Maharashtra,Mumbai,Dengue,2019,40,142,0
Maharashtra,Mumbai,Dengue,2019,41,158,0
Maharashtra,Mumbai,Dengue,2019,42,149,0
Maharashtra,Mumbai,Dengue,2019,43,127,0
Maharashtra,Mumbai,Dengue,2019,44,121,1
Maharashtra,Mumbai,Dengue,2019,45,129,1
Maharashtra,Mumbai,Dengue,2019,46,94,0
Maharashtra,Mumbai,Dengue,2019,47,98,0
Maharashtra,Mumbai,Dengue,2019,48,99,0
Maharashtra,Mumbai,Dengue,2019,49,68,0
Maharashtra,Mumbai,Dengue,2019,50,68,0
Maharashtra,Mumbai,Dengue,2019,51,0,0
Maharashtra,Mumbai,Dengue,2019,52,53,0
Maharashtra,Mumbai,Dengue,2020,1,36,0
Maharashtra,Mumbai,Dengue,2020,2,28,0
Maharashtra,Mumbai,Dengue,2020,3,18,0
Maharashtra,Mumbai,Dengue,2020,4,27,0
Maharashtra,Mumbai,Dengue,2020,5,12,0
Maharashtra,Mumbai,Dengue,2020,6,14,0
Maharashtra,Mumbai,Dengue,2020,7,4,0
Maharashtra,Mumbai,Dengue,2020,8,9,0
Maharashtra,Mumbai,Dengue,2020,9,10,0
Maharashtra,Mumbai,Dengue,2020,10,13,0
Maharashtra,Mumbai,Dengue,2020,11,0,0
Maharashtra,Mumbai,Dengue,2020,12,0,0
Maharashtra,Mumbai,Dengue,2020,13,0,0
Maharashtra,Mumbai,Dengue,2020,14,17,0
Maharashtra,Mumbai,Dengue,2020,15,5,0
Maharashtra,Mumbai,Dengue,2020,16,22,0
Maharashtra,Mumbai,Dengue,2020,17,30,1
Maharashtra,Mumbai,Dengue,2020,18,34,0
Maharashtra,Mumbai,Dengue,2020,19,38,0
Maharashtra,Mumbai,Dengue,2020,20,45,0
Maharashtra,Mumbai,Dengue,2020,21,57,0
Maharashtra,Mumbai,Dengue,2020,22,49,0
Maharashtra,Mumbai,Dengue,2020,23,86,0
Maharashtra,Mumbai,Dengue,2020,24,102,0
Maharashtra,Mumbai,Dengue,2020,25,101,0
Maharashtra,Mumbai,Dengue,2020,26,108,0
Maharashtra,Mumbai,Dengue,2020,27,109,0
Maharashtra,Mumbai,Dengue,2020,28,116,0
Maharashtra,Mumbai,Dengue,2020,29,139,0
Maharashtra,Mumbai,Dengue,2020,30,134,0
Maharashtra,Mumbai,Dengue,2020,31,155,0
Maharashtra,Mumbai,Dengue,2020,32,141,0
Maharashtra,Mumbai,Dengue,2020,33,159,0
Maharashtra,Mumbai,Dengue,2020,34,145,0
Maharashtra,Mumbai,Dengue,2020,35,155,0
Maharashtra,Mumbai,Dengue,2020,36,161,0
Maharashtra,Mumbai,Dengue,2020,37,152,0
Maharashtra,Mumbai,Dengue,2020,38,166,0
Maharashtra,Mumbai,Dengue,2020,39,156,1
Maharashtra,Mumbai,Dengue,2020,40,140,0
Maharashtra,Mumbai,Dengue,2020,41,118,0
Maharashtra,Mumbai,Dengue,2020,42,144,0
Maharashtra,Mumbai,Dengue,2020,43,121,0
Maharashtra,Mumbai,Dengue,2020,44,113,0
Maharashtra,Mumbai,Dengue,2020,45,97,0
Maharashtra,Mumbai,Dengue,2020,46,101,0
Maharashtra,Mumbai,Dengue,2020,47,113,0
Maharashtra,Mumbai,Dengue,2020,48,87,0
Maharashtra,Mumbai,Dengue,2020,49,98,0
Maharashtra,Mumbai,Dengue,2020,50,57,0
Maharashtra,Mumbai,Dengue,2020,51,59,0
Maharashtra,Mumbai,Dengue,2020,52,51,0
Maharashtra,Mumbai,Dengue,2021,1,49,0
Maharashtra,Mumbai,Dengue,2021,2,46,0
Maharashtra,Mumbai,Dengue,2021,3,27,0
Maharashtra,Mumbai,Dengue,2021,4,35,0
Maharashtra,Mumbai,Dengue,2021,5,13,0
Maharashtra,Mumbai,Dengue,2021,6,0,0
Maharashtra,Mumbai,Dengue,2021,7,0,0
Maharashtra,Mumbai,Dengue,2021,8,0,0
Maharashtra,Mumbai,Dengue,2021,9,11,0
Maharashtra,Mumbai,Dengue,2021,10,3,0
Maharashtra,Mumbai,Dengue,2021,11,0,0
Maharashtra,Mumbai,Dengue,2021,12,0,0
Maharashtra,Mumbai,Dengue,2021,13,15,0
Maharashtra,Mumbai,Dengue,2021,14,0,0
Maharashtra,Mumbai,Dengue,2021,15,16,0
Maharashtra,Mumbai,Dengue,2021,16,18,0
Maharashtra,Mumbai,Dengue,2021,17,35,0
Maharashtra,Mumbai,Dengue,2021,18,19,0
Maharashtra,Mumbai,Dengue,2021,19,43,0
Maharashtra,Mumbai,Dengue,2021,20,40,0
Maharashtra,Mumbai,Dengue,2021,21,33,0
Maharashtra,Mumbai,Dengue,2021,22,65,0
Maharashtra,Mumbai,Dengue,2021,23,76,0
Maharashtra,Mumbai,Dengue,2021,24,85,0
Maharashtra,Mumbai,Dengue,2021,25,102,0
Maharashtra,Mumbai,Dengue,2021,26,124,0
Maharashtra,Mumbai,Dengue,2021,27,111,0
Maharashtra,Mumbai,Dengue,2021,28,127,0
Maharashtra,Mumbai,Dengue,2021,29,145,0
Maharashtra,Mumbai,Dengue,2021,30,140,0
Maharashtra,Mumbai,Dengue,2021,31,144,0
Maharashtra,Mumbai,Dengue,2021,32,150,0
Maharashtra,Mumbai,Dengue,2021,33,163,0
Maharashtra,Mumbai,Dengue,2021,34,158,0
Maharashtra,Mumbai,Dengue,2021,35,171,0
Maharashtra,Mumbai,Dengue,2021,36,154,0
Maharashtra,Mumbai,Dengue,2021,37,152,0
Maharashtra,Mumbai,Dengue,2021,38,145,0
Maharashtra,Mumbai,Dengue,2021,39,146,0
Maharashtra,Mumbai,Dengue,2021,40,160,0
Maharashtra,Mumbai,Dengue,2021,41,139,0
Maharashtra,Mumbai,Dengue,2021,42,153,0
Maharashtra,Mumbai,Dengue,2021,43,127,0
Maharashtra,Mumbai,Dengue,2021,44,129,0
Maharashtra,Mumbai,Dengue,2021,45,114,0
Maharashtra,Mumbai,Dengue,2021,46,107,0
Maharashtra,Mumbai,Dengue,2021,47,90,0
Maharashtra,Mumbai,Dengue,2021,48,77,0
Maharashtra,Mumbai,Dengue,2021,49,71,0
Maharashtra,Mumbai,Dengue,2021,50,63,0
Maharashtra,Mumbai,Dengue,2021,51,61,0
Maharashtra,Mumbai,Dengue,2021,52,46,0
Maharashtra,Mumbai,Dengue,2022,1,25,0
Maharashtra,Mumbai,Dengue,2022,2,26,0
Maharashtra,Mumbai,Dengue,2022,3,17,0
Maharashtra,Mumbai,Dengue,2022,4,29,0
Maharashtra,Mumbai,Dengue,2022,5,16,0
Maharashtra,Mumbai,Dengue,2022,6,6,0
Maharashtra,Mumbai,Dengue,2022,7,0,0
Maharashtra,Mumbai,Dengue,2022,8,6,0
Maharashtra,Mumbai,Dengue,2022,9,7,1
Maharashtra,Mumbai,Dengue,2022,10,3,0
Maharashtra,Mumbai,Dengue,2022,11,0,0
Maharashtra,Mumbai,Dengue,2022,12,1,0
Maharashtra,Mumbai,Dengue,2022,13,5,0
Maharashtra,Mumbai,Dengue,2022,14,0,0
Maharashtra,Mumbai,Dengue,2022,15,3,0
Maharashtra,Mumbai,Dengue,2022,16,2,0
Maharashtra,Mumbai,Dengue,2022,17,44,0
Maharashtra,Mumbai,Dengue,2022,18,61,2
Maharashtra,Mumbai,Dengue,2022,19,37,0
Maharashtra,Mumbai,Dengue,2022,20,58,0
Maharashtra,Mumbai,Dengue,2022,21,53,0
Maharashtra,Mumbai,Dengue,2022,22,66,1
Maharashtra,Mumbai,Dengue,2022,23,69,1
Maharashtra,Mumbai,Dengue,2022,24,90,0
Maharashtra,Mumbai,Dengue,2022,25,104,0
Maharashtra,Mumbai,Dengue,2022,26,105,0
Maharashtra,Mumbai,Dengue,2022,27,120,0
Maharashtra,Mumbai,Dengue,2022,28,109,0
Maharashtra,Mumbai,Dengue,2022,29,131,0
Maharashtra,Mumbai,Dengue,2022,30,138,0
Maharashtra,Mumbai,Dengue,2022,31,144,0
Maharashtra,Mumbai,Dengue,2022,32,164,0
Maharashtra,Mumbai,Dengue,2022,33,148,0
Maharashtra,Mumbai,Dengue,2022,34,137,0
Maharashtra,Mumbai,Dengue,2022,35,165,0
Maharashtra,Mumbai,Dengue,2022,36,149,0
Maharashtra,Mumbai,Dengue,2022,37,170,0
Maharashtra,Mumbai,Dengue,2022,38,159,0
Maharashtra,Mumbai,Dengue,2022,39,155,0
Maharashtra,Mumbai,Dengue,2022,40,0,0
Maharashtra,Mumbai,Dengue,2022,41,136,0
Maharashtra,Mumbai,Dengue,2022,42,141,0
Maharashtra,Mumbai,Dengue,2022,43,130,0
Maharashtra,Mumbai,Dengue,2022,44,125,0
Maharashtra,Mumbai,Dengue,2022,45,107,0
Maharashtra,Mumbai,Dengue,2022,46,105,0
Maharashtra,Mumbai,Dengue,2022,47,93,0
Maharashtra,Mumbai,Dengue,2022,48,86,0
Maharashtra,Mumbai,Dengue,2022,49,81,0
Maharashtra,Mumbai,Dengue,2022,50,72,0
Maharashtra,Mumbai,Dengue,2022,51,47,0
Maharashtra,Mumbai,Dengue,2022,52,40,0
Maharashtra,Mumbai,Dengue,2023,1,45,0
Maharashtra,Mumbai,Dengue,2023,2,31,0
Maharashtra,Mumbai,Dengue,2023,3,24,1
Maharashtra,Mumbai,Dengue,2023,4,18,2
Maharashtra,Mumbai,Dengue,2023,5,8,0
Maharashtra,Mumbai,Dengue,2023,6,10,0
Maharashtra,Mumbai,Dengue,2023,7,5,0
Maharashtra,Mumbai,Dengue,2023,8,0,0
Maharashtra,Mumbai,Dengue,2023,9,0,0
Maharashtra,Mumbai,Dengue,2023,10,0,0
Maharashtra,Mumbai,Dengue,2023,11,6,0
Maharashtra,Mumbai,Dengue,2023,12,3,0
Maharashtra,Mumbai,Dengue,2023,13,0,0
Maharashtra,Mumbai,Dengue,2023,14,0,0
Maharashtra,Mumbai,Dengue,2023,15,12,0
Maharashtra,Mumbai,Dengue,2023,16,17,0
Maharashtra,Mumbai,Dengue,2023,17,0,0
Maharashtra,Mumbai,Dengue,2023,18,38,0
Maharashtra,Mumbai,Dengue,2023,19,0,0
Maharashtra,Mumbai,Dengue,2023,20,34,0
Maharashtra,Mumbai,Dengue,2023,21,40,0
Maharashtra,Mumbai,Dengue,2023,22,86,0
Maharashtra,Mumbai,Dengue,2023,23,82,0
Maharashtra,Mumbai,Dengue,2023,24,97,0
Maharashtra,Mumbai,Dengue,2023,25,88,0
Maharashtra,Mumbai,Dengue,2023,26,104,0
Maharashtra,Mumbai,Dengue,2023,27,109,0
Maharashtra,Mumbai,Dengue,2023,28,117,0
Maharashtra,Mumbai,Dengue,2023,29,143,0
Maharashtra,Mumbai,Dengue,2023,30,122,0
Maharashtra,Mumbai,Dengue,2023,31,153,0
Maharashtra,Mumbai,Dengue,2023,32,163,1
Maharashtra,Mumbai,Dengue,2023,33,140,0
Maharashtra,Mumbai,Dengue,2023,34,145,1
Maharashtra,Mumbai,Dengue,2023,35,162,0
Maharashtra,Mumbai,Dengue,2023,36,151,0
Maharashtra,Mumbai,Dengue,2023,37,161,0
Maharashtra,Mumbai,Dengue,2023,38,136,0
Maharashtra,Mumbai,Dengue,2023,39,176,0
Maharashtra,Mumbai,Dengue,2023,40,146,0
Maharashtra,Mumbai,Dengue,2023,41,120,0
Maharashtra,Mumbai,Dengue,2023,42,128,0
Maharashtra,Mumbai,Dengue,2023,43,131,0
Maharashtra,Mumbai,Dengue,2023,44,103,0
Maharashtra,Mumbai,Dengue,2023,45,131,0
Maharashtra,Mumbai,Dengue,2023,46,92,0
Maharashtra,Mumbai,Dengue,2023,47,97,0
Maharashtra,Mumbai,Dengue,2023,48,74,0
Maharashtra,Mumbai,Dengue,2023,49,74,0
Maharashtra,Mumbai,Dengue,2023,50,60,0
Maharashtra,Mumbai,Dengue,2023,51,57,0
Maharashtra,Mumbai,Dengue,2023,52,41,0
Maharashtra,Mumbai,Dengue,2024,1,0,0
Maharashtra,Mumbai,Dengue,2024,2,36,0
Maharashtra,Mumbai,Dengue,2024,3,41,0
Maharashtra,Mumbai,Dengue,2024,4,18,0
Maharashtra,Mumbai,Dengue,2024,5,5,0
Maharashtra,Mumbai,Dengue,2024,6,9,0
Maharashtra,Mumbai,Dengue,2024,7,4,0
Maharashtra,Mumbai,Dengue,2024,8,0,0
Maharashtra,Mumbai,Dengue,2024,9,0,0
Maharashtra,Mumbai,Dengue,2024,10,0,0
Maharashtra,Mumbai,Dengue,2024,11,30,0
Maharashtra,Mumbai,Dengue,2024,12,10,0
Maharashtra,Mumbai,Dengue,2024,13,0,0
Maharashtra,Mumbai,Dengue,2024,14,7,0
Maharashtra,Mumbai,Dengue,2024,15,18,0
Maharashtra,Mumbai,Dengue,2024,16,10,0
Maharashtra,Mumbai,Dengue,2024,17,37,0
Maharashtra,Mumbai,Dengue,2024,18,47,0
Maharashtra,Mumbai,Dengue,2024,19,55,0
Maharashtra,Mumbai,Dengue,2024,20,44,0
Maharashtra,Mumbai,Dengue,2024,21,46,0
Maharashtra,Mumbai,Dengue,2024,22,60,0
Maharashtra,Mumbai,Dengue,2024,23,91,0
Maharashtra,Mumbai,Dengue,2024,24,78,0
Maharashtra,Mumbai,Dengue,2024,25,89,0
Maharashtra,Mumbai,Dengue,2024,26,114,0
Maharashtra,Mumbai,Dengue,2024,27,107,0
Maharashtra,Mumbai,Dengue,2024,28,128,0
Maharashtra,Mumbai,Dengue,2024,29,140,0
Maharashtra,Mumbai,Dengue,2024,30,151,0
Maharashtra,Mumbai,Dengue,2024,31,143,0
Maharashtra,Mumbai,Dengue,2024,32,136,0
Maharashtra,Mumbai,Dengue,2024,33,145,0
Maharashtra,Mumbai,Dengue,2024,34,148,0
Maharashtra,Mumbai,Dengue,2024,35,160,0
Maharashtra,Mumbai,Dengue,2024,36,151,0
Maharashtra,Mumbai,Dengue,2024,37,149,0
Maharashtra,Mumbai,Dengue,2024,38,149,0
Maharashtra,Mumbai,Dengue,2024,39,155,0
Maharashtra,Mumbai,Dengue,2024,40,148,0
Maharashtra,Mumbai,Dengue,2024,41,146,0
Maharashtra,Mumbai,Dengue,2024,42,129,0
Maharashtra,Mumbai,Dengue,2024,43,123,0
Maharashtra,Mumbai,Dengue,2024,44,110,0
Maharashtra,Mumbai,Dengue,2024,45,102,0
Maharashtra,Mumbai,Dengue,2024,46,109,0
Maharashtra,Mumbai,Dengue,2024,47,94,0
Maharashtra,Mumbai,Dengue,2024,48,89,0
Maharashtra,Mumbai,Dengue,2024,49,75,0
Maharashtra,Mumbai,Dengue,2024,50,61,0
Maharashtra,Mumbai,Dengue,2024,51,71,1
Maharashtra,Mumbai,Dengue,2024,52,59,0
Maharashtra,Mumbai,Malaria,2017,1,37,0
Maharashtra,Mumbai,Malaria,2017,2,14,0
Maharashtra,Mumbai,Malaria,2017,3,25,0
Maharashtra,Mumbai,Malaria,2017,4,18,0
Maharashtra,Mumbai,Malaria,2017,5,14,0
Maharashtra,Mumbai,Malaria,2017,6,18,0
Maharashtra,Mumbai,Malaria,2017,7,25,0
Maharashtra,Mumbai,Malaria,2017,8,20,2
Maharashtra,Mumbai,Malaria,2017,9,15,0
Maharashtra,Mumbai,Malaria,2017,10,0,0
Maharashtra,Mumbai,Malaria,2017,11,21,0
Maharashtra,Mumbai,Malaria,2017,12,34,0
Maharashtra,Mumbai,Malaria,2017,13,25,0
Maharashtra,Mumbai,Malaria,2017,14,25,0
Maharashtra,Mumbai,Malaria,2017,15,30,0
Maharashtra,Mumbai,Malaria,2017,16,40,0
Maharashtra,Mumbai,Malaria,2017,17,31,0
Maharashtra,Mumbai,Malaria,2017,18,43,0
Maharashtra,Mumbai,Malaria,2017,19,37,0
Maharashtra,Mumbai,Malaria,2017,20,53,0
Maharashtra,Mumbai,Malaria,2017,21,48,0
Maharashtra,Mumbai,Malaria,2017,22,54,0
Maharashtra,Mumbai,Malaria,2017,23,62,1
Maharashtra,Mumbai,Malaria,2017,24,60,0
Maharashtra,Mumbai,Malaria,2017,25,58,0
Maharashtra,Mumbai,Malaria,2017,26,63,0
Maharashtra,Mumbai,Malaria,2017,27,67,0
Maharashtra,Mumbai,Malaria,2017,28,70,0
Maharashtra,Mumbai,Malaria,2017,29,74,0
Maharashtra,Mumbai,Malaria,2017,30,70,0
Maharashtra,Mumbai,Malaria,2017,31,77,0
Maharashtra,Mumbai,Malaria,2017,32,69,0
Maharashtra,Mumbai,Malaria,2017,33,80,0
Maharashtra,Mumbai,Malaria,2017,34,67,0
Maharashtra,Mumbai,Malaria,2017,35,76,0
Maharashtra,Mumbai,Malaria,2017,36,58,0
Maharashtra,Mumbai,Malaria,2017,37,0,0
Maharashtra,Mumbai,Malaria,2017,38,59,0
Maharashtra,Mumbai,Malaria,2017,39,68,0
Maharashtra,Mumbai,Malaria,2017,40,64,0
Maharashtra,Mumbai,Malaria,2017,41,54,0
Maharashtra,Mumbai,Malaria,2017,42,52,0
Maharashtra,Mumbai,Malaria,2017,43,49,0
Maharashtra,Mumbai,Malaria,2017,44,54,0
Maharashtra,Mumbai,Malaria,2017,45,40,0
Maharashtra,Mumbai,Malaria,2017,46,37,0
Maharashtra,Mumbai,Malaria,2017,47,37,0
Maharashtra,Mumbai,Malaria,2017,48,31,0
Maharashtra,Mumbai,Malaria,2017,49,30,0
Maharashtra,Mumbai,Malaria,2017,50,30,0
Maharashtra,Mumbai,Malaria,2017,51,24,0
Maharashtra,Mumbai,Malaria,2017,52,26,0
Maharashtra,Mumbai,Malaria,2018,1,19,0
Maharashtra,Mumbai,Malaria,2018,2,18,0
Maharashtra,Mumbai,Malaria,2018,3,29,0
Maharashtra,Mumbai,Malaria,2018,4,17,0
Maharashtra,Mumbai,Malaria,2018,5,12,0
Maharashtra,Mumbai,Malaria,2018,6,19,0
Maharashtra,Mumbai,Malaria,2018,7,20,0
Maharashtra,Mumbai,Malaria,2018,8,29,0
Maharashtra,Mumbai,Malaria,2018,9,15,0
Maharashtra,Mumbai,Malaria,2018,10,13,0
Maharashtra,Mumbai,Malaria,2018,11,19,0
Maharashtra,Mumbai,Malaria,2018,12,29,0
Maharashtra,Mumbai,Malaria,2018,13,35,0
Maharashtra,Mumbai,Malaria,2018,14,36,0
Maharashtra,Mumbai,Malaria,2018,15,27,0
Maharashtra,Mumbai,Malaria,2018,16,34,1
Maharashtra,Mumbai,Malaria,2018,17,35,0
Maharashtra,Mumbai,Malaria,2018,18,45,0
Maharashtra,Mumbai,Malaria,2018,19,47,0
Maharashtra,Mumbai,Malaria,2018,20,42,0
Maharashtra,Mumbai,Malaria,2018,21,46,0
Maharashtra,Mumbai,Malaria,2018,22,52,0
Maharashtra,Mumbai,Malaria,2018,23,64,0
Maharashtra,Mumbai,Malaria,2018,24,73,0
Maharashtra,Mumbai,Malaria,2018,25,58,0
Maharashtra,Mumbai,Malaria,2018,26,70,0
Maharashtra,Mumbai,Malaria,2018,27,0,0
Maharashtra,Mumbai,Malaria,2018,28,65,0
Maharashtra,Mumbai,Malaria,2018,29,65,0
Maharashtra,Mumbai,Malaria,2018,30,76,0
Maharashtra,Mumbai,Malaria,2018,31,76,0
Maharashtra,Mumbai,Malaria,2018,32,70,0
Maharashtra,Mumbai,Malaria,2018,33,73,0
Maharashtra,Mumbai,Malaria,2018,34,72,0
Maharashtra,Mumbai,Malaria,2018,35,66,0
Maharashtra,Mumbai,Malaria,2018,36,74,0
Maharashtra,Mumbai,Malaria,2018,37,75,0
Maharashtra,Mumbai,Malaria,2018,38,57,0
Maharashtra,Mumbai,Malaria,2018,39,59,0
Maharashtra,Mumbai,Malaria,2018,40,64,0
Maharashtra,Mumbai,Malaria,2018,41,48,0
Maharashtra,Mumbai,Malaria,2018,42,63,0
Maharashtra,Mumbai,Malaria,2018,43,0,0
Maharashtra,Mumbai,Malaria,2018,44,50,0
Maharashtra,Mumbai,Malaria,2018,45,47,0
Maharashtra,Mumbai,Malaria,2018,46,42,0
Maharashtra,Mumbai,Malaria,2018,47,34,0
Maharashtra,Mumbai,Malaria,2018,48,32,0
Maharashtra,Mumbai,Malaria,2018,49,30,0
Maharashtra,Mumbai,Malaria,2018,50,32,0
Maharashtra,Mumbai,Malaria,2018,51,21,0
Maharashtra,Mumbai,Malaria,2018,52,25,0
Maharashtra,Mumbai,Malaria,2019,1,22,0
Maharashtra,Mumbai,Malaria,2019,2,18,0
Maharashtra,Mumbai,Malaria,2019,3,35,0
Maharashtra,Mumbai,Malaria,2019,4,17,0
Maharashtra,Mumbai,Malaria,2019,5,23,1
Maharashtra,Mumbai,Malaria,2019,6,21,0
Maharashtra,Mumbai,Malaria,2019,7,19,0
Maharashtra,Mumbai,Malaria,2019,8,14,0
Maharashtra,Mumbai,Malaria,2019,9,13,0
Maharashtra,Mumbai,Malaria,2019,10,20,0
Maharashtra,Mumbai,Malaria,2019,11,22,0
Maharashtra,Mumbai,Malaria,2019,12,26,0
Maharashtra,Mumbai,Malaria,2019,13,33,0
Maharashtra,Mumbai,Malaria,2019,14,32,0
Maharashtra,Mumbai,Malaria,2019,15,29,0
Maharashtra,Mumbai,Malaria,2019,16,32,0
Maharashtra,Mumbai,Malaria,2019,17,41,0
Maharashtra,Mumbai,Malaria,2019,18,45,0
Maharashtra,Mumbai,Malaria,2019,19,42,0
Maharashtra,Mumbai,Malaria,2019,20,47,0
Maharashtra,Mumbai,Malaria,2019,21,42,0
Maharashtra,Mumbai,Malaria,2019,22,56,0
Maharashtra,Mumbai,Malaria,2019,23,61,2
Maharashtra,Mumbai,Malaria,2019,24,59,0
Maharashtra,Mumbai,Malaria,2019,25,56,0
Maharashtra,Mumbai,Malaria,2019,26,68,0
Maharashtra,Mumbai,Malaria,2019,27,68,0
Maharashtra,Mumbai,Malaria,2019,28,66,0
Maharashtra,Mumbai,Malaria,2019,29,71,0
Maharashtra,Mumbai,Malaria,2019,30,65,0
Maharashtra,Mumbai,Malaria,2019,31,73,0
Maharashtra,Mumbai,Malaria,2019,32,72,1
Maharashtra,Mumbai,Malaria,2019,33,71,0
Maharashtra,Mumbai,Malaria,2019,34,70,0
Maharashtra,Mumbai,Malaria,2019,35,80,0
Maharashtra,Mumbai,Malaria,2019,36,64,0
Maharashtra,Mumbai,Malaria,2019,37,60,0
Maharashtra,Mumbai,Malaria,2019,38,71,0
Maharashtra,Mumbai,Malaria,2019,39,59,0
Maharashtra,Mumbai,Malaria,2019,40,68,0
Maharashtra,Mumbai,Malaria,2019,41,60,0
Maharashtra,Mumbai,Malaria,2019,42,55,0
Maharashtra,Mumbai,Malaria,2019,43,52,0
Maharashtra,Mumbai,Malaria,2019,44,49,0
Maharashtra,Mumbai,Malaria,2019,45,52,0
Maharashtra,Mumbai,Malaria,2019,46,39,0
Maharashtra,Mumbai,Malaria,2019,47,32,1
Maharashtra,Mumbai,Malaria,2019,48,26,0
Maharashtra,Mumbai,Malaria,2019,49,32,0
Maharashtra,Mumbai,Malaria,2019,50,36,0
Maharashtra,Mumbai,Malaria,2019,51,16,0
Maharashtra,Mumbai,Malaria,2019,52,30,0
Maharashtra,Mumbai,Malaria,2020,1,23,0
Maharashtra,Mumbai,Malaria,2020,2,16,0
Maharashtra,Mumbai,Malaria,2020,3,14,0
Maharashtra,Mumbai,Malaria,2020,4,21,0
Maharashtra,Mumbai,Malaria,2020,5,24,0
Maharashtra,Mumbai,Malaria,2020,6,25,0
Maharashtra,Mumbai,Malaria,2020,7,20,0
Maharashtra,Mumbai,Malaria,2020,8,20,0
Maharashtra,Mumbai,Malaria,2020,9,24,0
Maharashtra,Mumbai,Malaria,2020,10,27,0
Maharashtra,Mumbai,Malaria,2020,11,28,0
Maharashtra,Mumbai,Malaria,2020,12,21,0
Maharashtra,Mumbai,Malaria,2020,13,32,0
Maharashtra,Mumbai,Malaria,2020,14,0,0
Maharashtra,Mumbai,Malaria,2020,15,35,0
Maharashtra,Mumbai,Malaria,2020,16,30,0
Maharashtra,Mumbai,Malaria,2020,17,32,0
Maharashtra,Mumbai,Malaria,2020,18,46,1
Maharashtra,Mumbai,Malaria,2020,19,50,0
Maharashtra,Mumbai,Malaria,2020,20,51,0
Maharashtra,Mumbai,Malaria,2020,21,49,0
Maharashtra,Mumbai,Malaria,2020,22,57,0
Maharashtra,Mumbai,Malaria,2020,23,64,0
Maharashtra,Mumbai,Malaria,2020,24,64,0
Maharashtra,Mumbai,Malaria,2020,25,58,0
Maharashtra,Mumbai,Malaria,2020,26,62,0
Maharashtra,Mumbai,Malaria,2020,27,70,0
Maharashtra,Mumbai,Malaria,2020,28,64,0
Maharashtra,Mumbai,Malaria,2020,29,73,0
Maharashtra,Mumbai,Malaria,2020,30,72,0
Maharashtra,Mumbai,Malaria,2020,31,74,0
Maharashtra,Mumbai,Malaria,2020,32,70,0
Maharashtra,Mumbai,Malaria,2020,33,69,0
Maharashtra,Mumbai,Malaria,2020,34,66,0
Maharashtra,Mumbai,Malaria,2020,35,71,0
Maharashtra,Mumbai,Malaria,2020,36,71,0
Maharashtra,Mumbai,Malaria,2020,37,59,0
Maharashtra,Mumbai,Malaria,2020,38,60,0
Maharashtra,Mumbai,Malaria,2020,39,65,1
Maharashtra,Mumbai,Malaria,2020,40,55,0
Maharashtra,Mumbai,Malaria,2020,41,65,0
Maharashtra,Mumbai,Malaria,2020,42,54,0
Maharashtra,Mumbai,Malaria,2020,43,47,0
Maharashtra,Mumbai,Malaria,2020,44,46,0
Maharashtra,Mumbai,Malaria,2020,45,39,0
Maharashtra,Mumbai,Malaria,2020,46,40,0
Maharashtra,Mumbai,Malaria,2020,47,0,0
Maharashtra,Mumbai,Malaria,2020,48,0,0
Maharashtra,Mumbai,Malaria,2020,49,39,0
Maharashtra,Mumbai,Malaria,2020,50,34,0
Maharashtra,Mumbai,Malaria,2020,51,26,0
Maharashtra,Mumbai,Malaria,2020,52,21,0
Maharashtra,Mumbai,Malaria,2021,1,21,0
Maharashtra,Mumbai,Malaria,2021,2,20,0
Maharashtra,Mumbai,Malaria,2021,3,0,0
Maharashtra,Mumbai,Malaria,2021,4,14,0
Maharashtra,Mumbai,Malaria,2021,5,22,0
Maharashtra,Mumbai,Malaria,2021,6,21,0
Maharashtra,Mumbai,Malaria,2021,7,16,0
Maharashtra,Mumbai,Malaria,2021,8,15,1
Maharashtra,Mumbai,Malaria,2021,9,16,0
Maharashtra,Mumbai,Malaria,2021,10,21,0
Maharashtra,Mumbai,Malaria,2021,11,18,0
Maharashtra,Mumbai,Malaria,2021,12,27,0
Maharashtra,Mumbai,Malaria,2021,13,30,0
Maharashtra,Mumbai,Malaria,2021,14,28,0
Maharashtra,Mumbai,Malaria,2021,15,31,0
Maharashtra,Mumbai,Malaria,2021,16,28,0
Maharashtra,Mumbai,Malaria,2021,17,39,0
Maharashtra,Mumbai,Malaria,2021,18,37,0
Maharashtra,Mumbai,Malaria,2021,19,46,0
Maharashtra,Mumbai,Malaria,2021,20,54,0
Maharashtra,Mumbai,Malaria,2021,21,46,0
Maharashtra,Mumbai,Malaria,2021,22,56,1
Maharashtra,Mumbai,Malaria,2021,23,59,0
Maharashtra,Mumbai,Malaria,2021,24,63,0
Maharashtra,Mumbai,Malaria,2021,25,60,0
Maharashtra,Mumbai,Malaria,2021,26,66,0
Maharashtra,Mumbai,Malaria,2021,27,63,1
Maharashtra,Mumbai,Malaria,2021,28,63,0
Maharashtra,Mumbai,Malaria,2021,29,74,0
Maharashtra,Mumbai,Malaria,2021,30,67,0
Maharashtra,Mumbai,Malaria,2021,31,71,0
Maharashtra,Mumbai,Malaria,2021,32,63,0
Maharashtra,Mumbai,Malaria,2021,33,70,0
Maharashtra,Mumbai,Malaria,2021,34,70,0
Maharashtra,Mumbai,Malaria,2021,35,61,0
Maharashtra,Mumbai,Malaria,2021,36,71,0
Maharashtra,Mumbai,Malaria,2021,37,70,0
Maharashtra,Mumbai,Malaria,2021,38,0,0
Maharashtra,Mumbai,Malaria,2021,39,66,0
Maharashtra,Mumbai,Malaria,2021,40,60,0
Maharashtra,Mumbai,Malaria,2021,41,55,0
Maharashtra,Mumbai,Malaria,2021,42,63,0
Maharashtra,Mumbai,Malaria,2021,43,53,0
Maharashtra,Mumbai,Malaria,2021,44,37,0
Maharashtra,Mumbai,Malaria,2021,45,38,0
Maharashtra,Mumbai,Malaria,2021,46,34,0
Maharashtra,Mumbai,Malaria,2021,47,35,0
Maharashtra,Mumbai,Malaria,2021,48,37,0
Maharashtra,Mumbai,Malaria,2021,49,42,0
Maharashtra,Mumbai,Malaria,2021,50,35,0
Maharashtra,Mumbai,Malaria,2021,51,29,0
Maharashtra,Mumbai,Malaria,2021,52,23,0
Maharashtra,Mumbai,Malaria,2022,1,21,0
Maharashtra,Mumbai,Malaria,2022,2,20,0
Maharashtra,Mumbai,Malaria,2022,3,24,0
Maharashtra,Mumbai,Malaria,2022,4,23,0
Maharashtra,Mumbai,Malaria,2022,5,18,0
Maharashtra,Mumbai,Malaria,2022,6,14,0
Maharashtra,Mumbai,Malaria,2022,7,23,0
Maharashtra,Mumbai,Malaria,2022,8,20,0
Maharashtra,Mumbai,Malaria,2022,9,17,0
Maharashtra,Mumbai,Malaria,2022,10,15,0
Maharashtra,Mumbai,Malaria,2022,11,27,0
Maharashtra,Mumbai,Malaria,2022,12,12,0
Maharashtra,Mumbai,Malaria,2022,13,31,0
Maharashtra,Mumbai,Malaria,2022,14,27,0
Maharashtra,Mumbai,Malaria,2022,15,21,0
Maharashtra,Mumbai,Malaria,2022,16,36,1
Maharashtra,Mumbai,Malaria,2022,17,36,0
Maharashtra,Mumbai,Malaria,2022,18,41,0
Maharashtra,Mumbai,Malaria,2022,19,55,0
Maharashtra,Mumbai,Malaria,2022,20,53,0
Maharashtra,Mumbai,Malaria,2022,21,47,0
Maharashtra,Mumbai,Malaria,2022,22,61,0
Maharashtra,Mumbai,Malaria,2022,23,53,0
Maharashtra,Mumbai,Malaria,2022,24,62,0
Maharashtra,Mumbai,Malaria,2022,25,49,0
Maharashtra,Mumbai,Malaria,2022,26,67,0
Maharashtra,Mumbai,Malaria,2022,27,74,0
Maharashtra,Mumbai,Malaria,2022,28,80,0
Maharashtra,Mumbai,Malaria,2022,29,68,0
Maharashtra,Mumbai,Malaria,2022,30,64,0
Maharashtra,Mumbai,Malaria,2022,31,75,0
Maharashtra,Mumbai,Malaria,2022,32,75,0
Maharashtra,Mumbai,Malaria,2022,33,69,0
Maharashtra,Mumbai,Malaria,2022,34,76,0
Maharashtra,Mumbai,Malaria,2022,35,65,0
Maharashtra,Mumbai,Malaria,2022,36,73,0
Maharashtra,Mumbai,Malaria,2022,37,66,0
Maharashtra,Mumbai,Malaria,2022,38,51,0
Maharashtra,Mumbai,Malaria,2022,39,78,0
Maharashtra,Mumbai,Malaria,2022,40,55,0
Maharashtra,Mumbai,Malaria,2022,41,50,0
Maharashtra,Mumbai,Malaria,2022,42,58,0
Maharashtra,Mumbai,Malaria,2022,43,50,0
Maharashtra,Mumbai,Malaria,2022,44,53,0
Maharashtra,Mumbai,Malaria,2022,45,40,0
Maharashtra,Mumbai,Malaria,2022,46,36,0
Maharashtra,Mumbai,Malaria,2022,47,33,0
Maharashtra,Mumbai,Malaria,2022,48,34,0
Maharashtra,Mumbai,Malaria,2022,49,29,0
Maharashtra,Mumbai,Malaria,2022,50,36,0
Maharashtra,Mumbai,Malaria,2022,51,30,0
Maharashtra,Mumbai,Malaria,2022,52,20,1
Maharashtra,Mumbai,Malaria,2023,1,24,0
Maharashtra,Mumbai,Malaria,2023,2,19,0
Maharashtra,Mumbai,Malaria,2023,3,17,0
Maharashtra,Mumbai,Malaria,2023,4,28,0
Maharashtra,Mumbai,Malaria,2023,5,16,0
Maharashtra,Mumbai,Malaria,2023,6,16,1
Maharashtra,Mumbai,Malaria,2023,7,31,0
Maharashtra,Mumbai,Malaria,2023,8,24,0
Maharashtra,Mumbai,Malaria,2023,9,13,0
Maharashtra,Mumbai,Malaria,2023,10,24,0
Maharashtra,Mumbai,Malaria,2023,11,17,0
Maharashtra,Mumbai,Malaria,2023,12,29,0
Maharashtra,Mumbai,Malaria,2023,13,21,0
Maharashtra,Mumbai,Malaria,2023,14,27,0
Maharashtra,Mumbai,Malaria,2023,15,35,0
Maharashtra,Mumbai,Malaria,2023,16,30,0
Maharashtra,Mumbai,Malaria,2023,17,37,0
Maharashtra,Mumbai,Malaria,2023,18,38,0
Maharashtra,Mumbai,Malaria,2023,19,45,0
Maharashtra,Mumbai,Malaria,2023,20,41,0
Maharashtra,Mumbai,Malaria,2023,21,51,0
Maharashtra,Mumbai,Malaria,2023,22,52,0
Maharashtra,Mumbai,Malaria,2023,23,62,0
Maharashtra,Mumbai,Malaria,2023,24,62,0
Maharashtra,Mumbai,Malaria,2023,25,53,0
Maharashtra,Mumbai,Malaria,2023,26,71,0
Maharashtra,Mumbai,Malaria,2023,27,58,0
Maharashtra,Mumbai,Malaria,2023,28,68,0
Maharashtra,Mumbai,Malaria,2023,29,78,0
Maharashtra,Mumbai,Malaria,2023,30,64,0
Maharashtra,Mumbai,Malaria,2023,31,78,0
Maharashtra,Mumbai,Malaria,2023,32,76,0
Maharashtra,Mumbai,Malaria,2023,33,67,0
Maharashtra,Mumbai,Malaria,2023,34,72,0
Maharashtra,Mumbai,Malaria,2023,35,75,0
Maharashtra,Mumbai,Malaria,2023,36,80,0
Maharashtra,Mumbai,Malaria,2023,37,59,0
Maharashtra,Mumbai,Malaria,2023,38,63,0
Maharashtra,Mumbai,Malaria,2023,39,69,0
Maharashtra,Mumbai,Malaria,2023,40,58,0
Maharashtra,Mumbai,Malaria,2023,41,50,0
Maharashtra,Mumbai,Malaria,2023,42,49,0
Maharashtra,Mumbai,Malaria,2023,43,53,0
Maharashtra,Mumbai,Malaria,2023,44,59,0
Maharashtra,Mumbai,Malaria,2023,45,52,0
Maharashtra,Mumbai,Malaria,2023,46,46,0
Maharashtra,Mumbai,Malaria,2023,47,41,0
Maharashtra,Mumbai,Malaria,2023,48,36,0
Maharashtra,Mumbai,Malaria,2023,49,32,0
Maharashtra,Mumbai,Malaria,2023,50,32,0
Maharashtra,Mumbai,Malaria,2023,51,30,0
Maharashtra,Mumbai,Malaria,2023,52,36,0
Maharashtra,Mumbai,Malaria,2024,1,35,0
Maharashtra,Mumbai,Malaria,2024,2,16,0
Maharashtra,Mumbai,Malaria,2024,3,20,0
Maharashtra,Mumbai,Malaria,2024,4,0,0
Maharashtra,Mumbai,Malaria,2024,5,19,0
Maharashtra,Mumbai,Malaria,2024,6,22,0
Maharashtra,Mumbai,Malaria,2024,7,19,0
Maharashtra,Mumbai,Malaria,2024,8,25,0
Maharashtra,Mumbai,Malaria,2024,9,23,0
Maharashtra,Mumbai,Malaria,2024,10,20,0
Maharashtra,Mumbai,Malaria,2024,11,35,0
Maharashtra,Mumbai,Malaria,2024,12,35,0
Maharashtra,Mumbai,Malaria,2024,13,25,0
Maharashtra,Mumbai,Malaria,2024,14,23,0
Maharashtra,Mumbai,Malaria,2024,15,28,0
Maharashtra,Mumbai,Malaria,2024,16,33,0
Maharashtra,Mumbai,Malaria,2024,17,41,0
Maharashtra,Mumbai,Malaria,2024,18,39,0
Maharashtra,Mumbai,Malaria,2024,19,54,0
Maharashtra,Mumbai,Malaria,2024,20,66,0
Maharashtra,Mumbai,Malaria,2024,21,54,0
Maharashtra,Mumbai,Malaria,2024,22,56,0
Maharashtra,Mumbai,Malaria,2024,23,60,0
Maharashtra,Mumbai,Malaria,2024,24,60,2
Maharashtra,Mumbai,Malaria,2024,25,71,0
Maharashtra,Mumbai,Malaria,2024,26,73,0
Maharashtra,Mumbai,Malaria,2024,27,66,0
Maharashtra,Mumbai,Malaria,2024,28,79,0
Maharashtra,Mumbai,Malaria,2024,29,65,0
Maharashtra,Mumbai,Malaria,2024,30,75,0
Maharashtra,Mumbai,Malaria,2024,31,64,0
Maharashtra,Mumbai,Malaria,2024,32,72,0
Maharashtra,Mumbai,Malaria,2024,33,66,0
Maharashtra,Mumbai,Malaria,2024,34,58,0
Maharashtra,Mumbai,Malaria,2024,35,72,0
Maharashtra,Mumbai,Malaria,2024,36,70,0
Maharashtra,Mumbai,Malaria,2024,37,64,0
Maharashtra,Mumbai,Malaria,2024,38,60,0
Maharashtra,Mumbai,Malaria,2024,39,64,0
Maharashtra,Mumbai,Malaria,2024,40,60,0
Maharashtra,Mumbai,Malaria,2024,41,53,0
Maharashtra,Mumbai,Malaria,2024,42,59,0
Maharashtra,Mumbai,Malaria,2024,43,50,0
Maharashtra,Mumbai,Malaria,2024,44,42,0
Maharashtra,Mumbai,Malaria,2024,45,41,0
Maharashtra,Mumbai,Malaria,2024,46,35,0
Maharashtra,Mumbai,Malaria,2024,47,33,1
Maharashtra,Mumbai,Malaria,2024,48,35,0
Maharashtra,Mumbai,Malaria,2024,49,37,0
Maharashtra,Mumbai,Malaria,2024,50,29,0
Maharashtra,Mumbai,Malaria,2024,51,27,0
Maharashtra,Mumbai,Malaria,2024,52,23,0
Maharashtra,Mumbai,Acute Diarrhoeal Disease,2017,1,76,0
Maharashtra,Mumbai,Acute Diarrhoeal Disease,2017,2,83,0
Maharashtra,Mumbai,Acute Diarrhoeal Disease,2017,3,69,0
Maharashtra,Mumbai,Acute Diarrhoeal Disease,2017,4,0,0
Maharashtra,Mumbai,Acute Diarrhoeal Disease,2017,5,24,0
Maharashtra,Mumbai,Acute Diarrhoeal Disease,2017,6,47,0
Maharashtra,Mumbai,Acute Diarrhoeal Disease,2017,7,4,0
Maharashtra,Mumbai,Acute Diarrhoeal Disease,2017,8,11,0
Maharashtra,Mumbai,Acute Diarrhoeal Disease,2017,9,41,0
Maharashtra,Mumbai,Acute Diarrhoeal Disease,2017,10,34,0
Maharashtra,Mumbai,Acute Diarrhoeal Disease,2017,11,12,0
Maharashtra,Mumbai,Acute Diarrhoeal Disease,2017,12,12,0
Maharashtra,Mumbai,Acute Diarrhoeal Disease,2017,13,29,0
Maharashtra,Mumbai,Acute Diarrhoeal Disease,2017,14,10,0
Maharashtra,Mumbai,Acute Diarrhoeal Disease,2017,15,29,0
Maharashtra,Mumbai,Acute Diarrhoeal Disease,2017,16,50,0
Maharashtra,Mumbai,Acute Diarrhoeal Disease,2017,17,55,0
Maharashtra,Mumbai,Acute Diarrhoeal Disease,2017,18,50,0
Maharashtra,Mumbai,Acute Diarrhoeal Disease,2017,19,41,0
Maharashtra,Mumbai,Acute Diarrhoeal Disease,2017,20,78,0
Maharashtra,Mumbai,Acute Diarrhoeal Disease,2017,21,55,0
Maharashtra,Mumbai,Acute Diarrhoeal Disease,2017,22,0,0
Maharashtra,Mumbai,Acute Diarrhoeal Disease,2017,23,94,1
Maharashtra,Mumbai,Acute Diarrhoeal Disease,2017,24,81,0
Maharashtra,Mumbai,Acute Diarrhoeal Disease,2017,25,118,0
Maharashtra,Mumbai,Acute Diarrhoeal Disease,2017,26,108,0
Maharashtra,Mumbai,Acute Diarrhoeal Disease,2017,27,113,0
Maharashtra,Mumbai,Acute Diarrhoeal Disease,2017,28,122,0
Maharashtra,Mumbai,Acute Diarrhoeal Disease,2017,29,138,0
Maharashtra,Mumbai,Acute Diarrhoeal Disease,2017,30,163,0
Maharashtra,Mumbai,Acute Diarrhoeal Disease,2017,31,139,0
Maharashtra,Mumbai,Acute Diarrhoeal Disease,2017,32,178,0
Maharashtra,Mumbai,Acute Diarrhoeal Disease,2017,33,178,0
Maharashtra,Mumbai,Acute Diarrhoeal Disease,2017,34,183,0
Maharashtra,Mumbai,Acute Diarrhoeal Disease,2017,35,165,0
Maharashtra,Mumbai,Acute Diarrhoeal Disease,2017,36,191,0
Maharashtra,Mumbai,Acute Diarrhoeal Disease,2017,37,192,0
Maharashtra,Mumbai,Acute Diarrhoeal Disease,2017,38,169,0
Maharashtra,Mumbai,Acute Diarrhoeal Disease,2017,39,211,0
Maharashtra,Mumbai,Acute Diarrhoeal Disease,2017,40,187,0
Maharashtra,Mumbai,Acute Diarrhoeal Disease,2017,41,171,0
Maharashtra,Mumbai,Acute Diarrhoeal Disease,2017,42,184,0
Maharashtra,Mumbai,Acute Diarrhoeal Disease,2017,43,176,0
Maharashtra,Mumbai,Acute Diarrhoeal Disease,2017,44,170,0
Maharashtra,Mumbai,Acute Diarrhoeal Disease,2017,45,186,0
Maharashtra,Mumbai,Acute Diarrhoeal Disease,2017,46,142,0
Maharashtra,Mumbai,Acute Diarrhoeal Disease,2017,47,146,0
Maharashtra,Mumbai,Acute Diarrhoeal Disease,2017,48,123,0
Maharashtra,Mumbai,Acute Diarrhoeal Disease,2017,49,117,1
Maharashtra,Mumbai,Acute Diarrhoeal Disease,2017,50,117,0
Maharashtra,Mumbai,Acute Diarrhoeal Disease,2017,51,91,0
Maharashtra,Mumbai,Acute Diarrhoeal Disease,2017,52,86,0
Maharashtra,Mumbai,Acute Diarrhoeal Disease,2018,1,70,0
Maharashtra,Mumbai,Acute Diarrhoeal Disease,2018,2,45,0
Maharashtra,Mumbai,Acute Diarrhoeal Disease,2018,3,66,0
Maharashtra,Mumbai,Acute Diarrhoeal Disease,2018,4,54,0
Maharashtra,Mumbai,Acute Diarrhoeal Disease,2018,5,66,0
Maharashtra,Mumbai,Acute Diarrhoeal Disease,2018,6,34,0
Maharashtra,Mumbai,Acute Diarrhoeal Disease,2018,7,46,0
Maharashtra,Mumbai,Acute Diarrhoeal Disease,2018,8,27,0
Maharashtra,Mumbai,Acute Diarrhoeal Disease,2018,9,5,1
Maharashtra,Mumbai,Acute Diarrhoeal Disease,2018,10,40,0
Maharashtra,Mumbai,Acute Diarrhoeal Disease,2018,11,25,0
Maharashtra,Mumbai,Acute Diarrhoeal Disease,2018,12,12,0
Maharashtra,Mumbai,Acute Diarrhoeal Disease,2018,13,36,0
Maharashtra,Mumbai,Acute Diarrhoeal Disease,2018,14,8,0
Maharashtra,Mumbai,Acute Diarrhoeal Disease,2018,15,39,0
Maharashtra,Mumbai,Acute Diarrhoeal Disease,2018,16,25,0
Maharashtra,Mumbai,Acute Diarrhoeal Disease,2018,17,45,0
Maharashtra,Mumbai,Acute Diarrhoeal Disease,2018,18,20,0
Maharashtra,Mumbai,Acute Diarrhoeal Disease,2018,19,56,0
Maharashtra,Mumbai,Acute Diarrhoeal Disease,2018,20,37,0
Maharashtra,Mumbai,Acute Diarrhoeal Disease,2018,21,50,0
Maharashtra,Mumbai,Acute Diarrhoeal Disease,2018,22,58,0
Maharashtra,Mumbai,Acute Diarrhoeal Disease,2018,23,90,1
Maharashtra,Mumbai,Acute Diarrhoeal Disease,2018,24,97,0
Maharashtra,Mumbai,Acute Diarrhoeal Disease,2018,25,114,0
Maharashtra,Mumbai,Acute Diarrhoeal Disease,2018,26,98,0
Maharashtra,Mumbai,Acute Diarrhoeal Disease,2018,27,122,0
Maharashtra,Mumbai,Acute Diarrhoeal Disease,2018,28,152,0
Maharashtra,Mumbai,Acute Diarrhoeal Disease,2018,29,153,0
Maharashtra,Mumbai,Acute Diarrhoeal Disease,2018,30,174,0
Maharashtra,Mumbai,Acute Diarrhoeal Disease,2018,31,175,0
Maharashtra,Mumbai,Acute Diarrhoeal Disease,2018,32,157,0
Maharashtra,Mumbai,Acute Diarrhoeal Disease,2018,33,170,0
Maharashtra,Mumbai,Acute Diarrhoeal Disease,2018,34,170,0
Maharashtra,Mumbai,Acute Diarrhoeal Disease,2018,35,161,0
Maharashtra,Mumbai,Acute Diarrhoeal Disease,2018,36,207,0
Maharashtra,Mumbai,Acute Diarrhoeal Disease,2018,37,168,0
Maharashtra,Mumbai,Acute Diarrhoeal Disease,2018,38,192,0
Maharashtra,Mumbai,Acute Diarrhoeal Disease,2018,39,188,0
Maharashtra,Mumbai,Acute Diarrhoeal Disease,2018,40,174,0
Maharashtra,Mumbai,Acute Diarrhoeal Disease,2018,41,191,0
Maharashtra,Mumbai,Acute Diarrhoeal Disease,2018,42,177,0
Maharashtra,Mumbai,Acute Diarrhoeal Disease,2018,43,170,0
Maharashtra,Mumbai,Acute Diarrhoeal Disease,2018,44,175,0
Maharashtra,Mumbai,Acute Diarrhoeal Disease,2018,45,157,0
Maharashtra,Mumbai,Acute Diarrhoeal Disease,2018,46,151,0
Maharashtra,Mumbai,Acute Diarrhoeal Disease,2018,47,138,0
Maharashtra,Mumbai,Acute Diarrhoeal Disease,2018,48,114,0
Maharashtra,Mumbai,Acute Diarrhoeal Disease,2018,49,119,2
Maharashtra,Mumbai,Acute Diarrhoeal Disease,2018,50,121,1
Maharashtra,Mumbai,Acute Diarrhoeal Disease,2018,51,87,0
Maharashtra,Mumbai,Acute Diarrhoeal Disease,2018,52,81,0
Maharashtra,Mumbai,Acute Diarrhoeal Disease,2019,1,74,0
Maharashtra,Mumbai,Acute Diarrhoeal Disease,2019,2,81,0
Maharashtra,Mumbai,Acute Diarrhoeal Disease,2019,3,36,0
Maharashtra,Mumbai,Acute Diarrhoeal Disease,2019,4,56,0
Maharashtra,Mumbai,Acute Diarrhoeal Disease,2019,5,52,0
Maharashtra,Mumbai,Acute Diarrhoeal Disease,2019,6,46,0
Maharashtra,Mumbai,Acute Diarrhoeal Disease,2019,7,35,0
Maharashtra,Mumbai,Acute Diarrhoeal Disease,2019,8,1,0
Maharashtra,Mumbai,Acute Diarrhoeal Disease,2019,9,25,0
Maharashtra,Mumbai,Acute Diarrhoeal Disease,2019,10,33,0
Maharashtra,Mumbai,Acute Diarrhoeal Disease,2019,11,35,0
Maharashtra,Mumbai,Acute Diarrhoeal Disease,2019,12,40,0
Maharashtra,Mumbai,Acute Diarrhoeal Disease,2019,13,21,0
Maharashtra,Mumbai,Acute Diarrhoeal Disease,2019,14,26,2
Maharashtra,Mumbai,Acute Diarrhoeal Disease,2019,15,29,0
Maharashtra,Mumbai,Acute Diarrhoeal Disease,2019,16,28,0
Maharashtra,Mumbai,Acute Diarrhoeal Disease,2019,17,49,0
Maharashtra,Mumbai,Acute Diarrhoeal Disease,2019,18,21,0
Maharashtra,Mumbai,Acute Diarrhoeal Disease,2019,19,56,0
Maharashtra,Mumbai,Acute Diarrhoeal Disease,2019,20,69,0
Maharashtra,Mumbai,Acute Diarrhoeal Disease,2019,21,80,0
Maharashtra,Mumbai,Acute Diarrhoeal Disease,2019,22,71,0
Maharashtra,Mumbai,Acute Diarrhoeal Disease,2019,23,72,0
Maharashtra,Mumbai,Acute Diarrhoeal Disease,2019,24,70,0
Maharashtra,Mumbai,Acute Diarrhoeal Disease,2019,25,78,0
Maharashtra,Mumbai,Acute Diarrhoeal Disease,2019,26,97,0
Maharashtra,Mumbai,Acute Diarrhoeal Disease,2019,27,116,0
Maharashtra,Mumbai,Acute Diarrhoeal Disease,2019,28,0,0
Maharashtra,Mumbai,Acute Diarrhoeal Disease,2019,29,125,0
Maharashtra,Mumbai,Acute Diarrhoeal Disease,2019,30,125,0
Maharashtra,Mumbai,Acute Diarrhoeal Disease,2019,31,151,0
Maharashtra,Mumbai,Acute Diarrhoeal Disease,2019,32,162,0
Maharashtra,Mumbai,Acute Diarrhoeal Disease,2019,33,200,0
Maharashtra,Mumbai,Acute Diarrhoeal Disease,2019,34,190,1
Maharashtra,Mumbai,Acute Diarrhoeal Disease,2019,35,185,0
Maharashtra,Mumbai,Acute Diarrhoeal Disease,2019,36,180,0
Maharashtra,Mumbai,Acute Diarrhoeal Disease,2019,37,186,0
Maharashtra,Mumbai,Acute Diarrhoeal Disease,2019,38,169,0
Maharashtra,Mumbai,Acute Diarrhoeal Disease,2019,39,179,0
Maharashtra,Mumbai,Acute Diarrhoeal Disease,2019,40,202,0
Maharashtra,Mumbai,Acute Diarrhoeal Disease,2019,41,155,0
Maharashtra,Mumbai,Acute Diarrhoeal Disease,2019,42,179,0
Maharashtra,Mumbai,Acute Diarrhoeal Disease,2019,43,178,0
Maharashtra,Mumbai,Acute Diarrhoeal Disease,2019,44,150,0
Maharashtra,Mumbai,Acute Diarrhoeal Disease,2019,45,150,0
Maharashtra,Mumbai,Acute Diarrhoeal Disease,2019,46,153,0
Maharashtra,Mumbai,Acute Diarrhoeal Disease,2019,47,132,0
Maharashtra,Mumbai,Acute Diarrhoeal Disease,2019,48,131,0
Maharashtra,Mumbai,Acute Diarrhoeal Disease,2019,49,142,0
Maharashtra,Mumbai,Acute Diarrhoeal Disease,2019,50,133,0
Maharashtra,Mumbai,Acute Diarrhoeal Disease,2019,51,107,0
Maharashtra,Mumbai,Acute Diarrhoeal Disease,2019,52,95,0
Maharashtra,Mumbai,Acute Diarrhoeal Disease,2020,1,75,0
Maharashtra,Mumbai,Acute Diarrhoeal Disease,2020,2,70,0
Maharashtra,Mumbai,Acute Diarrhoeal Disease,2020,3,61,0
Maharashtra,Mumbai,Acute Diarrhoeal Disease,2020,4,50,0
Maharashtra,Mumbai,Acute Diarrhoeal Disease,2020,5,43,0
Maharashtra,Mumbai,Acute Diarrhoeal Disease,2020,6,57,0
Maharashtra,Mumbai,Acute Diarrhoeal Disease,2020,7,60,0
Maharashtra,Mumbai,Acute Diarrhoeal Disease,2020,8,25,0
Maharashtra,Mumbai,Acute Diarrhoeal Disease,2020,9,30,0
Maharashtra,Mumbai,Acute Diarrhoeal Disease,2020,10,18,0
Maharashtra,Mumbai,Acute Diarrhoeal Disease,2020,11,2,1
Maharashtra,Mumbai,Acute Diarrhoeal Disease,2020,12,23,0
Maharashtra,Mumbai,Acute Diarrhoeal Disease,2020,13,0,0
Maharashtra,Mumbai,Acute Diarrhoeal Disease,2020,14,0,0
Maharashtra,Mumbai,Acute Diarrhoeal Disease,2020,15,0,0
Maharashtra,Mumbai,Acute Diarrhoeal Disease,2020,16,0,0
Maharashtra,Mumbai,Acute Diarrhoeal Disease,2020,17,40,0
Maharashtra,Mumbai,Acute Diarrhoeal Disease,2020,18,35,0
Maharashtra,Mumbai,Acute Diarrhoeal Disease,2020,19,50,0
Maharashtra,Mumbai,Acute Diarrhoeal Disease,2020,20,48,0
Maharashtra,Mumbai,Acute Diarrhoeal Disease,2020,21,68,1
Maharashtra,Mumbai,Acute Diarrhoeal Disease,2020,22,80,0
Maharashtra,Mumbai,Acute Diarrhoeal Disease,2020,23,76,0
Maharashtra,Mumbai,Acute Diarrhoeal Disease,2020,24,89,0
Maharashtra,Mumbai,Acute Diarrhoeal Disease,2020,25,90,0
Maharashtra,Mumbai,Acute Diarrhoeal Disease,2020,26,99,0
Maharashtra,Mumbai,Acute Diarrhoeal Disease,2020,27,114,0
Maharashtra,Mumbai,Acute Diarrhoeal Disease,2020,28,130,0
Maharashtra,Mumbai,Acute Diarrhoeal Disease,2020,29,132,0
Maharashtra,Mumbai,Acute Diarrhoeal Disease,2020,30,130,0
Maharashtra,Mumbai,Acute Diarrhoeal Disease,2020,31,157,0
Maharashtra,Mumbai,Acute Diarrhoeal Disease,2020,32,170,0
Maharashtra,Mumbai,Acute Diarrhoeal Disease,2020,33,183,0
Maharashtra,Mumbai,Acute Diarrhoeal Disease,2020,34,173,0
Maharashtra,Mumbai,Acute Diarrhoeal Disease,2020,35,176,0
Maharashtra,Mumbai,Acute Diarrhoeal Disease,2020,36,192,0
Maharashtra,Mumbai,Acute Diarrhoeal Disease,2020,37,196,0
Maharashtra,Mumbai,Acute Diarrhoeal Disease,2020,38,171,0
Maharashtra,Mumbai,Acute Diarrhoeal Disease,2020,39,195,0
Maharashtra,Mumbai,Acute Diarrhoeal Disease,2020,40,168,0
Maharashtra,Mumbai,Acute Diarrhoeal Disease,2020,41,174,0
Maharashtra,Mumbai,Acute Diarrhoeal Disease,2020,42,170,0
Maharashtra,Mumbai,Acute Diarrhoeal Disease,2020,43,167,2
Maharashtra,Mumbai,Acute Diarrhoeal Disease,2020,44,162,0
Maharashtra,Mumbai,Acute Diarrhoeal Disease,2020,45,161,0
Maharashtra,Mumbai,Acute Diarrhoeal Disease,2020,46,151,0
Maharashtra,Mumbai,Acute Diarrhoeal Disease,2020,47,145,0
Maharashtra,Mumbai,Acute Diarrhoeal Disease,2020,48,131,0
Maharashtra,Mumbai,Acute Diarrhoeal Disease,2020,49,125,0
Maharashtra,Mumbai,Acute Diarrhoeal Disease,2020,50,123,0
Maharashtra,Mumbai,Acute Diarrhoeal Disease,2020,51,103,0
Maharashtra,Mumbai,Acute Diarrhoeal Disease,2020,52,101,0
Maharashtra,Mumbai,Acute Diarrhoeal Disease,2021,1,96,0
Maharashtra,Mumbai,Acute Diarrhoeal Disease,2021,2,68,0
Maharashtra,Mumbai,Acute Diarrhoeal Disease,2021,3,48,0
Maharashtra,Mumbai,Acute Diarrhoeal Disease,2021,4,42,0
Maharashtra,Mumbai,Acute Diarrhoeal Disease,2021,5,31,0
Maharashtra,Mumbai,Acute Diarrhoeal Disease,2021,6,23,0
Maharashtra,Mumbai,Acute Diarrhoeal Disease,2021,7,15,0
Maharashtra,Mumbai,Acute Diarrhoeal Disease,2021,8,29,0
Maharashtra,Mumbai,Acute Diarrhoeal Disease,2021,9,33,0
Maharashtra,Mumbai,Acute Diarrhoeal Disease,2021,10,12,0
Maharashtra,Mumbai,Acute Diarrhoeal Disease,2021,11,13,0
Maharashtra,Mumbai,Acute Diarrhoeal Disease,2021,12,33,0
Maharashtra,Mumbai,Acute Diarrhoeal Disease,2021,13,17,0
Maharashtra,Mumbai,Acute Diarrhoeal Disease,2021,14,17,0
Maharashtra,Mumbai,Acute Diarrhoeal Disease,2021,15,15,0
Maharashtra,Mumbai,Acute Diarrhoeal Disease,2021,16,36,0
Maharashtra,Mumbai,Acute Diarrhoeal Disease,2021,17,0,0
Maharashtra,Mumbai,Acute Diarrhoeal Disease,2021,18,43,0
Maharashtra,Mumbai,Acute Diarrhoeal Disease,2021,19,34,0
Maharashtra,Mumbai,Acute Diarrhoeal Disease,2021,20,89,0
Maharashtra,Mumbai,Acute Diarrhoeal Disease,2021,21,48,0
Maharashtra,Mumbai,Acute Diarrhoeal Disease,2021,22,53,0
Maharashtra,Mumbai,Acute Diarrhoeal Disease,2021,23,73,0
Maharashtra,Mumbai,Acute Diarrhoeal Disease,2021,24,92,0
Maharashtra,Mumbai,Acute Diarrhoeal Disease,2021,25,0,0
Maharashtra,Mumbai,Acute Diarrhoeal Disease,2021,26,86,0
Maharashtra,Mumbai,Acute Diarrhoeal Disease,2021,27,119,0
Maharashtra,Mumbai,Acute Diarrhoeal Disease,2021,28,120,0
Maharashtra,Mumbai,Acute Diarrhoeal Disease,2021,29,134,0
Maharashtra,Mumbai,Acute Diarrhoeal Disease,2021,30,126,0
Maharashtra,Mumbai,Acute Diarrhoeal Disease,2021,31,170,0
Maharashtra,Mumbai,Acute Diarrhoeal Disease,2021,32,168,2
Maharashtra,Mumbai,Acute Diarrhoeal Disease,2021,33,171,0
Maharashtra,Mumbai,Acute Diarrhoeal Disease,2021,34,183,0
Maharashtra,Mumbai,Acute Diarrhoeal Disease,2021,35,203,0
Maharashtra,Mumbai,Acute Diarrhoeal Disease,2021,36,188,0
Maharashtra,Mumbai,Acute Diarrhoeal Disease,2021,37,192,0
Maharashtra,Mumbai,Acute Diarrhoeal Disease,2021,38,186,0
Maharashtra,Mumbai,Acute Diarrhoeal Disease,2021,39,203,0
Maharashtra,Mumbai,Acute Diarrhoeal Disease,2021,40,190,0
Maharashtra,Mumbai,Acute Diarrhoeal Disease,2021,41,204,0
Maharashtra,Mumbai,Acute Diarrhoeal Disease,2021,42,175,0
Maharashtra,Mumbai,Acute Diarrhoeal Disease,2021,43,156,0
Maharashtra,Mumbai,Acute Diarrhoeal Disease,2021,44,162,0
Maharashtra,Mumbai,Acute Diarrhoeal Disease,2021,45,149,0
Maharashtra,Mumbai,Acute Diarrhoeal Disease,2021,46,133,0
Maharashtra,Mumbai,Acute Diarrhoeal Disease,2021,47,147,0
Maharashtra,Mumbai,Acute Diarrhoeal Disease,2021,48,122,0
Maharashtra,Mumbai,Acute Diarrhoeal Disease,2021,49,148,0
Maharashtra,Mumbai,Acute Diarrhoeal Disease,2021,50,123,0
Maharashtra,Mumbai,Acute Diarrhoeal Disease,2021,51,91,0
Maharashtra,Mumbai,Acute Diarrhoeal Disease,2021,52,86,0
Maharashtra,Mumbai,Acute Diarrhoeal Disease,2022,1,57,1
Maharashtra,Mumbai,Acute Diarrhoeal Disease,2022,2,85,0
Maharashtra,Mumbai,Acute Diarrhoeal Disease,2022,3,79,0
Maharashtra,Mumbai,Acute Diarrhoeal Disease,2022,4,70,0
Maharashtra,Mumbai,Acute Diarrhoeal Disease,2022,5,52,0
Maharashtra,Mumbai,Acute Diarrhoeal Disease,2022,6,55,0
Maharashtra,Mumbai,Acute Diarrhoeal Disease,2022,7,25,0
Maharashtra,Mumbai,Acute Diarrhoeal Disease,2022,8,22,0
Maharashtra,Mumbai,Acute Diarrhoeal Disease,2022,9,0,0
Maharashtra,Mumbai,Acute Diarrhoeal Disease,2022,10,50,0
Maharashtra,Mumbai,Acute Diarrhoeal Disease,2022,11,18,0
Maharashtra,Mumbai,Acute Diarrhoeal Disease,2022,12,18,0
Maharashtra,Mumbai,Acute Diarrhoeal Disease,2022,13,15,0
Maharashtra,Mumbai,Acute Diarrhoeal Disease,2022,14,23,0
Maharashtra,Mumbai,Acute Diarrhoeal Disease,2022,15,1,0
Maharashtra,Mumbai,Acute Diarrhoeal Disease,2022,16,19,0
Maharashtra,Mumbai,Acute Diarrhoeal Disease,2022,17,36,0
Maharashtra,Mumbai,Acute Diarrhoeal Disease,2022,18,26,0
Maharashtra,Mumbai,Acute Diarrhoeal Disease,2022,19,38,0
Maharashtra,Mumbai,Acute Diarrhoeal Disease,2022,20,76,0
Maharashtra,Mumbai,Acute Diarrhoeal Disease,2022,21,34,0
Maharashtra,Mumbai,Acute Diarrhoeal Disease,2022,22,66,0
Maharashtra,Mumbai,Acute Diarrhoeal Disease,2022,23,79,0
Maharashtra,Mumbai,Acute Diarrhoeal Disease,2022,24,78,0
Maharashtra,Mumbai,Acute Diarrhoeal Disease,2022,25,96,0
Maharashtra,Mumbai,Acute Diarrhoeal Disease,2022,26,111,0
Maharashtra,Mumbai,Acute Diarrhoeal Disease,2022,27,129,0
Maharashtra,Mumbai,Acute Diarrhoeal Disease,2022,28,146,0
Maharashtra,Mumbai,Acute Diarrhoeal Disease,2022,29,164,0
Maharashtra,Mumbai,Acute Diarrhoeal Disease,2022,30,153,0
Maharashtra,Mumbai,Acute Diarrhoeal Disease,2022,31,165,0
Maharashtra,Mumbai,Acute Diarrhoeal Disease,2022,32,150,0
Maharashtra,Mumbai,Acute Diarrhoeal Disease,2022,33,160,0
Maharashtra,Mumbai,Acute Diarrhoeal Disease,2022,34,182,0
Maharashtra,Mumbai,Acute Diarrhoeal Disease,2022,35,187,0
Maharashtra,Mumbai,Acute Diarrhoeal Disease,2022,36,189,0
Maharashtra,Mumbai,Acute Diarrhoeal Disease,2022,37,180,0
Maharashtra,Mumbai,Acute Diarrhoeal Disease,2022,38,191,0
Maharashtra,Mumbai,Acute Diarrhoeal Disease,2022,39,178,0
Maharashtra,Mumbai,Acute Diarrhoeal Disease,2022,40,191,0
Maharashtra,Mumbai,Acute Diarrhoeal Disease,2022,41,187,0
Maharashtra,Mumbai,Acute Diarrhoeal Disease,2022,42,183,0
Maharashtra,Mumbai,Acute Diarrhoeal Disease,2022,43,167,0
Maharashtra,Mumbai,Acute Diarrhoeal Disease,2022,44,170,0
Maharashtra,Mumbai,Acute Diarrhoeal Disease,2022,45,151,0
Maharashtra,Mumbai,Acute Diarrhoeal Disease,2022,46,156,0
Maharashtra,Mumbai,Acute Diarrhoeal Disease,2022,47,143,0
Maharashtra,Mumbai,Acute Diarrhoeal Disease,2022,48,149,0
Maharashtra,Mumbai,Acute Diarrhoeal Disease,2022,49,118,0
Maharashtra,Mumbai,Acute Diarrhoeal Disease,2022,50,107,0
Maharashtra,Mumbai,Acute Diarrhoeal Disease,2022,51,91,0
Maharashtra,Mumbai,Acute Diarrhoeal Disease,2022,52,0,0
Maharashtra,Mumbai,Acute Diarrhoeal Disease,2023,1,89,0
Maharashtra,Mumbai,Acute Diarrhoeal Disease,2023,2,65,0
Maharashtra,Mumbai,Acute Diarrhoeal Disease,2023,3,45,0
Maharashtra,Mumbai,Acute Diarrhoeal Disease,2023,4,42,0
Maharashtra,Mumbai,Acute Diarrhoeal Disease,2023,5,45,0
Maharashtra,Mumbai,Acute Diarrhoeal Disease,2023,6,41,0
Maharashtra,Mumbai,Acute Diarrhoeal Disease,2023,7,40,0
Maharashtra,Mumbai,Acute Diarrhoeal Disease,2023,8,35,0
Maharashtra,Mumbai,Acute Diarrhoeal Disease,2023,9,36,0
Maharashtra,Mumbai,Acute Diarrhoeal Disease,2023,10,20,0
Maharashtra,Mumbai,Acute Diarrhoeal Disease,2023,11,12,0
Maharashtra,Mumbai,Acute Diarrhoeal Disease,2023,12,23,0
Maharashtra,Mumbai,Acute Diarrhoeal Disease,2023,13,40,0
Maharashtra,Mumbai,Acute Diarrhoeal Disease,2023,14,25,0
Maharashtra,Mumbai,Acute Diarrhoeal Disease,2023,15,20,0
Maharashtra,Mumbai,Acute Diarrhoeal Disease,2023,16,18,0
Maharashtra,Mumbai,Acute Diarrhoeal Disease,2023,17,39,0
Maharashtra,Mumbai,Acute Diarrhoeal Disease,2023,18,24,0
Maharashtra,Mumbai,Acute Diarrhoeal Disease,2023,19,43,0
Maharashtra,Mumbai,Acute Diarrhoeal Disease,2023,20,46,0
Maharashtra,Mumbai,Acute Diarrhoeal Disease,2023,21,0,0
Maharashtra,Mumbai,Acute Diarrhoeal Disease,2023,22,55,0
Maharashtra,Mumbai,Acute Diarrhoeal Disease,2023,23,84,0
Maharashtra,Mumbai,Acute Diarrhoeal Disease,2023,24,96,0
Maharashtra,Mumbai,Acute Diarrhoeal Disease,2023,25,95,0
Maharashtra,Mumbai,Acute Diarrhoeal Disease,2023,26,107,0
Maharashtra,Mumbai,Acute Diarrhoeal Disease,2023,27,118,0
Maharashtra,Mumbai,Acute Diarrhoeal Disease,2023,28,160,0
Maharashtra,Mumbai,Acute Diarrhoeal Disease,2023,29,122,0
Maharashtra,Mumbai,Acute Diarrhoeal Disease,2023,30,166,0
Maharashtra,Mumbai,Acute Diarrhoeal Disease,2023,31,141,0
Maharashtra,Mumbai,Acute Diarrhoeal Disease,2023,32,158,0
Maharashtra,Mumbai,Acute Diarrhoeal Disease,2023,33,171,0
Maharashtra,Mumbai,Acute Diarrhoeal Disease,2023,34,193,0
Maharashtra,Mumbai,Acute Diarrhoeal Disease,2023,35,164,0
Maharashtra,Mumbai,Acute Diarrhoeal Disease,2023,36,149,0
Maharashtra,Mumbai,Acute Diarrhoeal Disease,2023,37,158,0
Maharashtra,Mumbai,Acute Diarrhoeal Disease,2023,38,195,0
Maharashtra,Mumbai,Acute Diarrhoeal Disease,2023,39,149,0
Maharashtra,Mumbai,Acute Diarrhoeal Disease,2023,40,201,0
Maharashtra,Mumbai,Acute Diarrhoeal Disease,2023,41,183,0
Maharashtra,Mumbai,Acute Diarrhoeal Disease,2023,42,151,0
Maharashtra,Mumbai,Acute Diarrhoeal Disease,2023,43,180,0
Maharashtra,Mumbai,Acute Diarrhoeal Disease,2023,44,166,0
Maharashtra,Mumbai,Acute Diarrhoeal Disease,2023,45,172,0
Maharashtra,Mumbai,Acute Diarrhoeal Disease,2023,46,149,0
Maharashtra,Mumbai,Acute Diarrhoeal Disease,2023,47,138,0
Maharashtra,Mumbai,Acute Diarrhoeal Disease,2023,48,129,0
Maharashtra,Mumbai,Acute Diarrhoeal Disease,2023,49,119,0
Maharashtra,Mumbai,Acute Diarrhoeal Disease,2023,50,122,0
Maharashtra,Mumbai,Acute Diarrhoeal Disease,2023,51,92,0
Maharashtra,Mumbai,Acute Diarrhoeal Disease,2023,52,113,0
Maharashtra,Mumbai,Acute Diarrhoeal Disease,2024,1,72,0
Maharashtra,Mumbai,Acute Diarrhoeal Disease,2024,2,62,0
Maharashtra,Mumbai,Acute Diarrhoeal Disease,2024,3,67,0
Maharashtra,Mumbai,Acute Diarrhoeal Disease,2024,4,52,0
Maharashtra,Mumbai,Acute Diarrhoeal Disease,2024,5,45,0
Maharashtra,Mumbai,Acute Diarrhoeal Disease,2024,6,38,0
Maharashtra,Mumbai,Acute Diarrhoeal Disease,2024,7,52,0
Maharashtra,Mumbai,Acute Diarrhoeal Disease,2024,8,42,0
Maharashtra,Mumbai,Acute Diarrhoeal Disease,2024,9,9,0
Maharashtra,Mumbai,Acute Diarrhoeal Disease,2024,10,38,0
Maharashtra,Mumbai,Acute Diarrhoeal Disease,2024,11,24,0
Maharashtra,Mumbai,Acute Diarrhoeal Disease,2024,12,7,0
Maharashtra,Mumbai,Acute Diarrhoeal Disease,2024,13,41,0
Maharashtra,Mumbai,Acute Diarrhoeal Disease,2024,14,32,0
Maharashtra,Mumbai,Acute Diarrhoeal Disease,2024,15,8,0
Maharashtra,Mumbai,Acute Diarrhoeal Disease,2024,16,39,0
Maharashtra,Mumbai,Acute Diarrhoeal Disease,2024,17,30,0
Maharashtra,Mumbai,Acute Diarrhoeal Disease,2024,18,54,0
Maharashtra,Mumbai,Acute Diarrhoeal Disease,2024,19,49,0
Maharashtra,Mumbai,Acute Diarrhoeal Disease,2024,20,49,0
Maharashtra,Mumbai,Acute Diarrhoeal Disease,2024,21,49,0
Maharashtra,Mumbai,Acute Diarrhoeal Disease,2024,22,64,0
Maharashtra,Mumbai,Acute Diarrhoeal Disease,2024,23,76,0
Maharashtra,Mumbai,Acute Diarrhoeal Disease,2024,24,97,0
Maharashtra,Mumbai,Acute Diarrhoeal Disease,2024,25,94,0
Maharashtra,Mumbai,Acute Diarrhoeal Disease,2024,26,97,0
Maharashtra,Mumbai,Acute Diarrhoeal Disease,2024,27,140,0
Maharashtra,Mumbai,Acute Diarrhoeal Disease,2024,28,129,0
Maharashtra,Mumbai,Acute Diarrhoeal Disease,2024,29,0,0
Maharashtra,Mumbai,Acute Diarrhoeal Disease,2024,30,153,0
Maharashtra,Mumbai,Acute Diarrhoeal Disease,2024,31,160,0
Maharashtra,Mumbai,Acute Diarrhoeal Disease,2024,32,186,0
Maharashtra,Mumbai,Acute Diarrhoeal Disease,2024,33,187,0
Maharashtra,Mumbai,Acute Diarrhoeal Disease,2024,34,212,0
Maharashtra,Mumbai,Acute Diarrhoeal Disease,2024,35,179,0
Maharashtra,Mumbai,Acute Diarrhoeal Disease,2024,36,192,0
Maharashtra,Mumbai,Acute Diarrhoeal Disease,2024,37,189,0
Maharashtra,Mumbai,Acute Diarrhoeal Disease,2024,38,194,0
Maharashtra,Mumbai,Acute Diarrhoeal Disease,2024,39,187,0
Maharashtra,Mumbai,Acute Diarrhoeal Disease,2024,40,187,0
Maharashtra,Mumbai,Acute Diarrhoeal Disease,2024,41,165,0
Maharashtra,Mumbai,Acute Diarrhoeal Disease,2024,42,192,0
Maharashtra,Mumbai,Acute Diarrhoeal Disease,2024,43,179,1
Maharashtra,Mumbai,Acute Diarrhoeal Disease,2024,44,149,0
Maharashtra,Mumbai,Acute Diarrhoeal Disease,2024,45,162,0
Maharashtra,Mumbai,Acute Diarrhoeal Disease,2024,46,148,0
Maharashtra,Mumbai,Acute Diarrhoeal Disease,2024,47,133,1
Maharashtra,Mumbai,Acute Diarrhoeal Disease,2024,48,141,0
Maharashtra,Mumbai,Acute Diarrhoeal Disease,2024,49,117,0
Maharashtra,Mumbai,Acute Diarrhoeal Disease,2024,50,108,0
Maharashtra,Mumbai,Acute Diarrhoeal Disease,2024,51,111,1
Maharashtra,Mumbai,Acute Diarrhoeal Disease,2024,52,69,0
Maharashtra,Nagpur,Dengue,2017,1,21,0
Maharashtra,Nagpur,Dengue,2017,2,16,0
Maharashtra,Nagpur,Dengue,2017,3,8,0
Maharashtra,Nagpur,Dengue,2017,4,4,0
Maharashtra,Nagpur,Dengue,2017,5,3,0
Maharashtra,Nagpur,Dengue,2017,6,0,0
Maharashtra,Nagpur,Dengue,2017,7,1,0
Maharashtra,Nagpur,Dengue,2017,8,0,0
Maharashtra,Nagpur,Dengue,2017,9,0,0
Maharashtra,Nagpur,Dengue,2017,10,7,0
Maharashtra,Nagpur,Dengue,2017,11,1,0
Maharashtra,Nagpur,Dengue,2017,12,2,0
Maharashtra,Nagpur,Dengue,2017,13,0,0
Maharashtra,Nagpur,Dengue,2017,14,0,0
Maharashtra,Nagpur,Dengue,2017,15,4,0
Maharashtra,Nagpur,Dengue,2017,16,9,0
Maharashtra,Nagpur,Dengue,2017,17,13,0
Maharashtra,Nagpur,Dengue,2017,18,10,0
Maharashtra,Nagpur,Dengue,2017,19,18,0
Maharashtra,Nagpur,Dengue,2017,20,21,0
Maharashtra,Nagpur,Dengue,2017,21,27,0
Maharashtra,Nagpur,Dengue,2017,22,23,2
Maharashtra,Nagpur,Dengue,2017,23,33,0
Maharashtra,Nagpur,Dengue,2017,24,30,0
Maharashtra,Nagpur,Dengue,2017,25,41,0
Maharashtra,Nagpur,Dengue,2017,26,40,0
Maharashtra,Nagpur,Dengue,2017,27,41,0
Maharashtra,Nagpur,Dengue,2017,28,51,0
Maharashtra,Nagpur,Dengue,2017,29,50,0
Maharashtra,Nagpur,Dengue,2017,30,58,0
Maharashtra,Nagpur,Dengue,2017,31,61,0
Maharashtra,Nagpur,Dengue,2017,32,58,0
Maharashtra,Nagpur,Dengue,2017,33,59,0
Maharashtra,Nagpur,Dengue,2017,34,66,0
Maharashtra,Nagpur,Dengue,2017,35,72,0
Maharashtra,Nagpur,Dengue,2017,36,66,0
Maharashtra,Nagpur,Dengue,2017,37,60,0
Maharashtra,Nagpur,Dengue,2017,38,68,0
Maharashtra,Nagpur,Dengue,2017,39,65,0
Maharashtra,Nagpur,Dengue,2017,40,61,0
Maharashtra,Nagpur,Dengue,2017,41,53,0
Maharashtra,Nagpur,Dengue,2017,42,52,0
Maharashtra,Nagpur,Dengue,2017,43,55,0
Maharashtra,Nagpur,Dengue,2017,44,53,0
Maharashtra,Nagpur,Dengue,2017,45,52,0
Maharashtra,Nagpur,Dengue,2017,46,47,0
Maharashtra,Nagpur,Dengue,2017,47,50,0
Maharashtra,Nagpur,Dengue,2017,48,41,0
Maharashtra,Nagpur,Dengue,2017,49,37,0
Maharashtra,Nagpur,Dengue,2017,50,30,0
Maharashtra,Nagpur,Dengue,2017,51,28,0
Maharashtra,Nagpur,Dengue,2017,52,24,0
Maharashtra,Nagpur,Dengue,2018,1,19,0
Maharashtra,Nagpur,Dengue,2018,2,16,0
Maharashtra,Nagpur,Dengue,2018,3,16,0
Maharashtra,Nagpur,Dengue,2018,4,6,0
Maharashtra,Nagpur,Dengue,2018,5,6,0
Maharashtra,Nagpur,Dengue,2018,6,4,0
Maharashtra,Nagpur,Dengue,2018,7,5,0
Maharashtra,Nagpur,Dengue,2018,8,0,0
Maharashtra,Nagpur,Dengue,2018,9,0,0
Maharashtra,Nagpur,Dengue,2018,10,1,0
Maharashtra,Nagpur,Dengue,2018,11,1,0
Maharashtra,Nagpur,Dengue,2018,12,3,0
Maharashtra,Nagpur,Dengue,2018,13,4,0
Maharashtra,Nagpur,Dengue,2018,14,8,0
Maharashtra,Nagpur,Dengue,2018,15,5,0
Maharashtra,Nagpur,Dengue,2018,16,13,0
Maharashtra,Nagpur,Dengue,2018,17,12,0
Maharashtra,Nagpur,Dengue,2018,18,18,0
Maharashtra,Nagpur,Dengue,2018,19,22,0
Maharashtra,Nagpur,Dengue,2018,20,25,0
Maharashtra,Nagpur,Dengue,2018,21,23,0
Maharashtra,Nagpur,Dengue,2018,22,29,0
Maharashtra,Nagpur,Dengue,2018,23,0,0
Maharashtra,Nagpur,Dengue,2018,24,33,0
Maharashtra,Nagpur,Dengue,2018,25,40,0
Maharashtra,Nagpur,Dengue,2018,26,40,0
Maharashtra,Nagpur,Dengue,2018,27,53,0
Maharashtra,Nagpur,Dengue,2018,28,0,0
Maharashtra,Nagpur,Dengue,2018,29,53,0
Maharashtra,Nagpur,Dengue,2018,30,62,0
Maharashtra,Nagpur,Dengue,2018,31,62,0
Maharashtra,Nagpur,Dengue,2018,32,65,0
Maharashtra,Nagpur,Dengue,2018,33,61,0
Maharashtra,Nagpur,Dengue,2018,34,57,0
Maharashtra,Nagpur,Dengue,2018,35,63,0
Maharashtra,Nagpur,Dengue,2018,36,68,0
Maharashtra,Nagpur,Dengue,2018,37,69,0
Maharashtra,Nagpur,Dengue,2018,38,63,1
Maharashtra,Nagpur,Dengue,2018,39,62,0
Maharashtra,Nagpur,Dengue,2018,40,64,0
Maharashtra,Nagpur,Dengue,2018,41,61,0
Maharashtra,Nagpur,Dengue,2018,42,55,0
Maharashtra,Nagpur,Dengue,2018,43,52,0
Maharashtra,Nagpur,Dengue,2018,44,50,0
Maharashtra,Nagpur,Dengue,2018,45,49,0
Maharashtra,Nagpur,Dengue,2018,46,48,0
Maharashtra,Nagpur,Dengue,2018,47,39,0
Maharashtra,Nagpur,Dengue,2018,48,37,0
Maharashtra,Nagpur,Dengue,2018,49,33,1
Maharashtra,Nagpur,Dengue,2018,50,32,0
Maharashtra,Nagpur,Dengue,2018,51,32,0
Maharashtra,Nagpur,Dengue,2018,52,20,1
Maharashtra,Nagpur,Dengue,2019,1,15,0
Maharashtra,Nagpur,Dengue,2019,2,8,0
Maharashtra,Nagpur,Dengue,2019,3,13,0
Maharashtra,Nagpur,Dengue,2019,4,5,0
Maharashtra,Nagpur,Dengue,2019,5,2,0
Maharashtra,Nagpur,Dengue,2019,6,1,1
Maharashtra,Nagpur,Dengue,2019,7,2,0
Maharashtra,Nagpur,Dengue,2019,8,6,0
Maharashtra,Nagpur,Dengue,2019,9,0,0
Maharashtra,Nagpur,Dengue,2019,10,0,0
Maharashtra,Nagpur,Dengue,2019,11,8,0
Maharashtra,Nagpur,Dengue,2019,12,3,0
Maharashtra,Nagpur,Dengue,2019,13,1,0
Maharashtra,Nagpur,Dengue,2019,14,9,0
Maharashtra,Nagpur,Dengue,2019,15,5,0
Maharashtra,Nagpur,Dengue,2019,16,9,0
Maharashtra,Nagpur,Dengue,2019,17,15,0
Maharashtra,Nagpur,Dengue,2019,18,11,0
Maharashtra,Nagpur,Dengue,2019,19,15,0
Maharashtra,Nagpur,Dengue,2019,20,23,0
Maharashtra,Nagpur,Dengue,2019,21,27,0
Maharashtra,Nagpur,Dengue,2019,22,34,0
Maharashtra,Nagpur,Dengue,2019,23,37,0
Maharashtra,Nagpur,Dengue,2019,24,28,0
Maharashtra,Nagpur,Dengue,2019,25,40,0
Maharashtra,Nagpur,Dengue,2019,26,41,0
Maharashtra,Nagpur,Dengue,2019,27,46,0
Maharashtra,Nagpur,Dengue,2019,28,49,0
Maharashtra,Nagpur,Dengue,2019,29,56,0
Maharashtra,Nagpur,Dengue,2019,30,61,0
Maharashtra,Nagpur,Dengue,2019,31,60,0
Maharashtra,Nagpur,Dengue,2019,32,61,0
Maharashtra,Nagpur,Dengue,2019,33,61,0
Maharashtra,Nagpur,Dengue,2019,34,63,0
Maharashtra,Nagpur,Dengue,2019,35,61,0
Maharashtra,Nagpur,Dengue,2019,36,69,0
Maharashtra,Nagpur,Dengue,2019,37,65,0
Maharashtra,Nagpur,Dengue,2019,38,65,0
Maharashtra,Nagpur,Dengue,2019,39,73,0
Maharashtra,Nagpur,Dengue,2019,40,58,0
Maharashtra,Nagpur,Dengue,2019,41,59,0
Maharashtra,Nagpur,Dengue,2019,42,58,0
Maharashtra,Nagpur,Dengue,2019,43,52,0
Maharashtra,Nagpur,Dengue,2019,44,52,0
Maharashtra,Nagpur,Dengue,2019,45,46,0
Maharashtra,Nagpur,Dengue,2019,46,39,0
Maharashtra,Nagpur,Dengue,2019,47,47,0
Maharashtra,Nagpur,Dengue,2019,48,38,0
Maharashtra,Nagpur,Dengue,2019,49,32,0
Maharashtra,Nagpur,Dengue,2019,50,33,0
Maharashtra,Nagpur,Dengue,2019,51,25,0
Maharashtra,Nagpur,Dengue,2019,52,20,0
Maharashtra,Nagpur,Dengue,2020,1,10,0
Maharashtra,Nagpur,Dengue,2020,2,9,0
Maharashtra,Nagpur,Dengue,2020,3,11,0
Maharashtra,Nagpur,Dengue,2020,4,11,0
Maharashtra,Nagpur,Dengue,2020,5,0,0
Maharashtra,Nagpur,Dengue,2020,6,8,0
Maharashtra,Nagpur,Dengue,2020,7,0,0
Maharashtra,Nagpur,Dengue,2020,8,2,0
Maharashtra,Nagpur,Dengue,2020,9,0,0
Maharashtra,Nagpur,Dengue,2020,10,0,0
Maharashtra,Nagpur,Dengue,2020,11,0,0
Maharashtra,Nagpur,Dengue,2020,12,0,0
Maharashtra,Nagpur,Dengue,2020,13,6,0
Maharashtra,Nagpur,Dengue,2020,14,12,0
Maharashtra,Nagpur,Dengue,2020,15,8,0
Maharashtra,Nagpur,Dengue,2020,16,14,0
Maharashtra,Nagpur,Dengue,2020,17,5,0
Maharashtra,Nagpur,Dengue,2020,18,8,0
Maharashtra,Nagpur,Dengue,2020,19,14,0
Maharashtra,Nagpur,Dengue,2020,20,25,0
Maharashtra,Nagpur,Dengue,2020,21,25,1
Maharashtra,Nagpur,Dengue,2020,22,28,0
Maharashtra,Nagpur,Dengue,2020,23,38,0
Maharashtra,Nagpur,Dengue,2020,24,37,0
Maharashtra,Nagpur,Dengue,2020,25,38,0
Maharashtra,Nagpur,Dengue,2020,26,48,0
Maharashtra,Nagpur,Dengue,2020,27,53,0
Maharashtra,Nagpur,Dengue,2020,28,49,0
Maharashtra,Nagpur,Dengue,2020,29,58,0
Maharashtra,Nagpur,Dengue,2020,30,60,0
Maharashtra,Nagpur,Dengue,2020,31,53,0
Maharashtra,Nagpur,Dengue,2020,32,57,0
Maharashtra,Nagpur,Dengue,2020,33,59,0
Maharashtra,Nagpur,Dengue,2020,34,61,1
Maharashtra,Nagpur,Dengue,2020,35,0,0
Maharashtra,Nagpur,Dengue,2020,36,64,0
Maharashtra,Nagpur,Dengue,2020,37,63,0
Maharashtra,Nagpur,Dengue,2020,38,68,0
Maharashtra,Nagpur,Dengue,2020,39,55,1
Maharashtra,Nagpur,Dengue,2020,40,66,0
Maharashtra,Nagpur,Dengue,2020,41,59,0
Maharashtra,Nagpur,Dengue,2020,42,54,0
Maharashtra,Nagpur,Dengue,2020,43,57,0
Maharashtra,Nagpur,Dengue,2020,44,48,0
Maharashtra,Nagpur,Dengue,2020,45,40,0
Maharashtra,Nagpur,Dengue,2020,46,42,0
Maharashtra,Nagpur,Dengue,2020,47,41,0
Maharashtra,Nagpur,Dengue,2020,48,39,0
Maharashtra,Nagpur,Dengue,2020,49,32,0
Maharashtra,Nagpur,Dengue,2020,50,26,0
Maharashtra,Nagpur,Dengue,2020,51,24,0
Maharashtra,Nagpur,Dengue,2020,52,25,0
Maharashtra,Nagpur,Dengue,2021,1,17,0
Maharashtra,Nagpur,Dengue,2021,2,12,0
Maharashtra,Nagpur,Dengue,2021,3,6,0
Maharashtra,Nagpur,Dengue,2021,4,4,0
Maharashtra,Nagpur,Dengue,2021,5,2,0
Maharashtra,Nagpur,Dengue,2021,6,0,0
Maharashtra,Nagpur,Dengue,2021,7,3,0
Maharashtra,Nagpur,Dengue,2021,8,1,0
Maharashtra,Nagpur,Dengue,2021,9,0,0
Maharashtra,Nagpur,Dengue,2021,10,0,0
Maharashtra,Nagpur,Dengue,2021,11,0,0
Maharashtra,Nagpur,Dengue,2021,12,0,0
Maharashtra,Nagpur,Dengue,2021,13,3,0
Maharashtra,Nagpur,Dengue,2021,14,0,0
Maharashtra,Nagpur,Dengue,2021,15,3,0
Maharashtra,Nagpur,Dengue,2021,16,8,0
Maharashtra,Nagpur,Dengue,2021,17,9,0
Maharashtra,Nagpur,Dengue,2021,18,12,0
Maharashtra,Nagpur,Dengue,2021,19,13,2
Maharashtra,Nagpur,Dengue,2021,20,32,0
Maharashtra,Nagpur,Dengue,2021,21,27,0
Maharashtra,Nagpur,Dengue,2021,22,24,0
Maharashtra,Nagpur,Dengue,2021,23,34,0
Maharashtra,Nagpur,Dengue,2021,24,34,0
Maharashtra,Nagpur,Dengue,2021,25,42,0
Maharashtra,Nagpur,Dengue,2021,26,42,0
Maharashtra,Nagpur,Dengue,2021,27,55,0
Maharashtra,Nagpur,Dengue,2021,28,41,2
Maharashtra,Nagpur,Dengue,2021,29,55,0
Maharashtra,Nagpur,Dengue,2021,30,53,0
Maharashtra,Nagpur,Dengue,2021,31,62,0
Maharashtra,Nagpur,Dengue,2021,32,59,0
Maharashtra,Nagpur,Dengue,2021,33,67,0
Maharashtra,Nagpur,Dengue,2021,34,59,0
Maharashtra,Nagpur,Dengue,2021,35,65,0
Maharashtra,Nagpur,Dengue,2021,36,68,0
Maharashtra,Nagpur,Dengue,2021,37,64,1
Maharashtra,Nagpur,Dengue,2021,38,59,0
Maharashtra,Nagpur,Dengue,2021,39,57,0
Maharashtra,Nagpur,Dengue,2021,40,65,0
Maharashtra,Nagpur,Dengue,2021,41,70,0
Maharashtra,Nagpur,Dengue,2021,42,61,0
Maharashtra,Nagpur,Dengue,2021,43,54,0
Maharashtra,Nagpur,Dengue,2021,44,52,0
Maharashtra,Nagpur,Dengue,2021,45,46,0
Maharashtra,Nagpur,Dengue,2021,46,41,0
Maharashtra,Nagpur,Dengue,2021,47,44,0
Maharashtra,Nagpur,Dengue,2021,48,32,0
Maharashtra,Nagpur,Dengue,2021,49,36,0
Maharashtra,Nagpur,Dengue,2021,50,31,0
Maharashtra,Nagpur,Dengue,2021,51,22,0
Maharashtra,Nagpur,Dengue,2021,52,19,0
Maharashtra,Nagpur,Dengue,2022,1,15,0
Maharashtra,Nagpur,Dengue,2022,2,10,0
Maharashtra,Nagpur,Dengue,2022,3,11,0
Maharashtra,Nagpur,Dengue,2022,4,5,0
Maharashtra,Nagpur,Dengue,2022,5,7,0
Maharashtra,Nagpur,Dengue,2022,6,0,0
Maharashtra,Nagpur,Dengue,2022,7,6,0
Maharashtra,Nagpur,Dengue,2022,8,5,0
Maharashtra,Nagpur,Dengue,2022,9,2,0
Maharashtra,Nagpur,Dengue,2022,10,4,0
Maharashtra,Nagpur,Dengue,2022,11,2,0
Maharashtra,Nagpur,Dengue,2022,12,5,0
Maharashtra,Nagpur,Dengue,2022,13,0,0
Maharashtra,Nagpur,Dengue,2022,14,0,0
Maharashtra,Nagpur,Dengue,2022,15,10,0
Maharashtra,Nagpur,Dengue,2022,16,6,0
Maharashtra,Nagpur,Dengue,2022,17,9,0
Maharashtra,Nagpur,Dengue,2022,18,9,0
Maharashtra,Nagpur,Dengue,2022,19,23,0
Maharashtra,Nagpur,Dengue,2022,20,25,0
Maharashtra,Nagpur,Dengue,2022,21,30,0
Maharashtra,Nagpur,Dengue,2022,22,27,0
Maharashtra,Nagpur,Dengue,2022,23,35,0
Maharashtra,Nagpur,Dengue,2022,24,38,0
Maharashtra,Nagpur,Dengue,2022,25,40,0
Maharashtra,Nagpur,Dengue,2022,26,48,0
Maharashtra,Nagpur,Dengue,2022,27,54,0
Maharashtra,Nagpur,Dengue,2022,28,51,0
Maharashtra,Nagpur,Dengue,2022,29,51,2
Maharashtra,Nagpur,Dengue,2022,30,55,0
Maharashtra,Nagpur,Dengue,2022,31,58,0
Maharashtra,Nagpur,Dengue,2022,32,61,0
Maharashtra,Nagpur,Dengue,2022,33,61,0
Maharashtra,Nagpur,Dengue,2022,34,62,0
Maharashtra,Nagpur,Dengue,2022,35,69,0
Maharashtra,Nagpur,Dengue,2022,36,66,0
Maharashtra,Nagpur,Dengue,2022,37,68,0
Maharashtra,Nagpur,Dengue,2022,38,70,0
Maharashtra,Nagpur,Dengue,2022,39,61,0
Maharashtra,Nagpur,Dengue,2022,40,54,0
Maharashtra,Nagpur,Dengue,2022,41,63,0
Maharashtra,Nagpur,Dengue,2022,42,56,0
Maharashtra,Nagpur,Dengue,2022,43,48,0
Maharashtra,Nagpur,Dengue,2022,44,0,0
Maharashtra,Nagpur,Dengue,2022,45,49,0
Maharashtra,Nagpur,Dengue,2022,46,46,0
Maharashtra,Nagpur,Dengue,2022,47,47,0
Maharashtra,Nagpur,Dengue,2022,48,35,0
Maharashtra,Nagpur,Dengue,2022,49,40,0
Maharashtra,Nagpur,Dengue,2022,50,28,0
Maharashtra,Nagpur,Dengue,2022,51,30,0
Maharashtra,Nagpur,Dengue,2022,52,16,0
Maharashtra,Nagpur,Dengue,2023,1,17,0
Maharashtra,Nagpur,Dengue,2023,2,15,0
Maharashtra,Nagpur,Dengue,2023,3,17,0
Maharashtra,Nagpur,Dengue,2023,4,10,1
Maharashtra,Nagpur,Dengue,2023,5,1,0
Maharashtra,Nagpur,Dengue,2023,6,5,2
Maharashtra,Nagpur,Dengue,2023,7,6,0
Maharashtra,Nagpur,Dengue,2023,8,0,0
Maharashtra,Nagpur,Dengue,2023,9,0,0
Maharashtra,Nagpur,Dengue,2023,10,0,0
Maharashtra,Nagpur,Dengue,2023,11,3,0
Maharashtra,Nagpur,Dengue,2023,12,0,0
Maharashtra,Nagpur,Dengue,2023,13,0,0
Maharashtra,Nagpur,Dengue,2023,14,0,0
Maharashtra,Nagpur,Dengue,2023,15,0,0
Maharashtra,Nagpur,Dengue,2023,16,7,0
Maharashtra,Nagpur,Dengue,2023,17,13,0
Maharashtra,Nagpur,Dengue,2023,18,12,0
Maharashtra,Nagpur,Dengue,2023,19,16,0
Maharashtra,Nagpur,Dengue,2023,20,23,0
Maharashtra,Nagpur,Dengue,2023,21,30,0
Maharashtra,Nagpur,Dengue,2023,22,26,0
Maharashtra,Nagpur,Dengue,2023,23,29,0
Maharashtra,Nagpur,Dengue,2023,24,37,0
Maharashtra,Nagpur,Dengue,2023,25,42,0
Maharashtra,Nagpur,Dengue,2023,26,43,0
Maharashtra,Nagpur,Dengue,2023,27,46,0
Maharashtra,Nagpur,Dengue,2023,28,51,0
Maharashtra,Nagpur,Dengue,2023,29,55,0
Maharashtra,Nagpur,Dengue,2023,30,61,0
Maharashtra,Nagpur,Dengue,2023,31,63,0
Maharashtra,Nagpur,Dengue,2023,32,64,0
Maharashtra,Nagpur,Dengue,2023,33,58,0
Maharashtra,Nagpur,Dengue,2023,34,71,0
Maharashtra,Nagpur,Dengue,2023,35,65,0
Maharashtra,Nagpur,Dengue,2023,36,57,0
Maharashtra,Nagpur,Dengue,2023,37,65,0
Maharashtra,Nagpur,Dengue,2023,38,69,0
Maharashtra,Nagpur,Dengue,2023,39,64,0
Maharashtra,Nagpur,Dengue,2023,40,54,0
Maharashtra,Nagpur,Dengue,2023,41,61,0
Maharashtra,Nagpur,Dengue,2023,42,58,0
Maharashtra,Nagpur,Dengue,2023,43,55,1
Maharashtra,Nagpur,Dengue,2023,44,57,0
Maharashtra,Nagpur,Dengue,2023,45,47,0
Maharashtra,Nagpur,Dengue,2023,46,49,0
Maharashtra,Nagpur,Dengue,2023,47,40,2
Maharashtra,Nagpur,Dengue,2023,48,43,0
Maharashtra,Nagpur,Dengue,2023,49,34,0
Maharashtra,Nagpur,Dengue,2023,50,34,0
Maharashtra,Nagpur,Dengue,2023,51,30,0
Maharashtra,Nagpur,Dengue,2023,52,21,0
Maharashtra,Nagpur,Dengue,2024,1,26,0
Maharashtra,Nagpur,Dengue,2024,2,13,0
Maharashtra,Nagpur,Dengue,2024,3,8,0
Maharashtra,Nagpur,Dengue,2024,4,10,0
Maharashtra,Nagpur,Dengue,2024,5,0,0
Maharashtra,Nagpur,Dengue,2024,6,3,0
Maharashtra,Nagpur,Dengue,2024,7,0,0
Maharashtra,Nagpur,Dengue,2024,8,2,0
Maharashtra,Nagpur,Dengue,2024,9,1,0
Maharashtra,Nagpur,Dengue,2024,10,4,0
Maharashtra,Nagpur,Dengue,2024,11,0,0
Maharashtra,Nagpur,Dengue,2024,12,3,0
Maharashtra,Nagpur,Dengue,2024,13,0,0
Maharashtra,Nagpur,Dengue,2024,14,9,0
Maharashtra,Nagpur,Dengue,2024,15,4,0
Maharashtra,Nagpur,Dengue,2024,16,6,0
Maharashtra,Nagpur,Dengue,2024,17,14,0
Maharashtra,Nagpur,Dengue,2024,18,17,0
Maharashtra,Nagpur,Dengue,2024,19,19,0
Maharashtra,Nagpur,Dengue,2024,20,20,1
Maharashtra,Nagpur,Dengue,2024,21,26,0
Maharashtra,Nagpur,Dengue,2024,22,35,0
Maharashtra,Nagpur,Dengue,2024,23,38,1
Maharashtra,Nagpur,Dengue,2024,24,31,0
Maharashtra,Nagpur,Dengue,2024,25,39,0
Maharashtra,Nagpur,Dengue,2024,26,36,0
Maharashtra,Nagpur,Dengue,2024,27,53,0
Maharashtra,Nagpur,Dengue,2024,28,52,0
Maharashtra,Nagpur,Dengue,2024,29,56,0
Maharashtra,Nagpur,Dengue,2024,30,51,0
Maharashtra,Nagpur,Dengue,2024,31,62,0
Maharashtra,Nagpur,Dengue,2024,32,61,0
Maharashtra,Nagpur,Dengue,2024,33,63,0
Maharashtra,Nagpur,Dengue,2024,34,67,0
Maharashtra,Nagpur,Dengue,2024,35,66,0
Maharashtra,Nagpur,Dengue,2024,36,61,0
Maharashtra,Nagpur,Dengue,2024,37,64,0
Maharashtra,Nagpur,Dengue,2024,38,60,0
Maharashtra,Nagpur,Dengue,2024,39,68,0
Maharashtra,Nagpur,Dengue,2024,40,68,0
Maharashtra,Nagpur,Dengue,2024,41,60,0
Maharashtra,Nagpur,Dengue,2024,42,65,0
Maharashtra,Nagpur,Dengue,2024,43,53,0
Maharashtra,Nagpur,Dengue,2024,44,52,0
Maharashtra,Nagpur,Dengue,2024,45,45,0
Maharashtra,Nagpur,Dengue,2024,46,42,0
Maharashtra,Nagpur,Dengue,2024,47,43,0
Maharashtra,Nagpur,Dengue,2024,48,36,0
Maharashtra,Nagpur,Dengue,2024,49,33,0
Maharashtra,Nagpur,Dengue,2024,50,27,0
Maharashtra,Nagpur,Dengue,2024,51,21,0
Maharashtra,Nagpur,Dengue,2024,52,17,0
Maharashtra,Nagpur,Malaria,2017,1,11,0
Maharashtra,Nagpur,Malaria,2017,2,5,0
Maharashtra,Nagpur,Malaria,2017,3,9,0
Maharashtra,Nagpur,Malaria,2017,4,7,0
Maharashtra,Nagpur,Malaria,2017,5,4,0
Maharashtra,Nagpur,Malaria,2017,6,7,0
Maharashtra,Nagpur,Malaria,2017,7,5,0
Maharashtra,Nagpur,Malaria,2017,8,9,0
Maharashtra,Nagpur,Malaria,2017,9,9,0
Maharashtra,Nagpur,Malaria,2017,10,8,0
Maharashtra,Nagpur,Malaria,2017,11,9,0
Maharashtra,Nagpur,Malaria,2017,12,10,0
Maharashtra,Nagpur,Malaria,2017,13,11,0
Maharashtra,Nagpur,Malaria,2017,14,0,0
Maharashtra,Nagpur,Malaria,2017,15,14,0
Maharashtra,Nagpur,Malaria,2017,16,14,0
Maharashtra,Nagpur,Malaria,2017,17,13,0
Maharashtra,Nagpur,Malaria,2017,18,18,0
Maharashtra,Nagpur,Malaria,2017,19,22,0
Maharashtra,Nagpur,Malaria,2017,20,21,0
Maharashtra,Nagpur,Malaria,2017,21,21,0
Maharashtra,Nagpur,Malaria,2017,22,25,0
Maharashtra,Nagpur,Malaria,2017,23,23,0
Maharashtra,Nagpur,Malaria,2017,24,26,0
Maharashtra,Nagpur,Malaria,2017,25,30,0
Maharashtra,Nagpur,Malaria,2017,26,25,0
Maharashtra,Nagpur,Malaria,2017,27,30,0
Maharashtra,Nagpur,Malaria,2017,28,28,0
Maharashtra,Nagpur,Malaria,2017,29,32,0
Maharashtra,Nagpur,Malaria,2017,30,28,0
Maharashtra,Nagpur,Malaria,2017,31,32,0
Maharashtra,Nagpur,Malaria,2017,32,33,0
Maharashtra,Nagpur,Malaria,2017,33,33,0
Maharashtra,Nagpur,Malaria,2017,34,28,0
Maharashtra,Nagpur,Malaria,2017,35,35,0
Maharashtra,Nagpur,Malaria,2017,36,29,0
Maharashtra,Nagpur,Malaria,2017,37,28,0
Maharashtra,Nagpur,Malaria,2017,38,23,0
Maharashtra,Nagpur,Malaria,2017,39,26,0
Maharashtra,Nagpur,Malaria,2017,40,26,0
Maharashtra,Nagpur,Malaria,2017,41,21,0
Maharashtra,Nagpur,Malaria,2017,42,24,0
Maharashtra,Nagpur,Malaria,2017,43,21,0
Maharashtra,Nagpur,Malaria,2017,44,19,0
Maharashtra,Nagpur,Malaria,2017,45,20,0
Maharashtra,Nagpur,Malaria,2017,46,15,0
Maharashtra,Nagpur,Malaria,2017,47,16,0
Maharashtra,Nagpur,Malaria,2017,48,11,0
Maharashtra,Nagpur,Malaria,2017,49,8,0
Maharashtra,Nagpur,Malaria,2017,50,10,0
Maharashtra,Nagpur,Malaria,2017,51,14,0
Maharashtra,Nagpur,Malaria,2017,52,7,1
Maharashtra,Nagpur,Malaria,2018,1,11,0
Maharashtra,Nagpur,Malaria,2018,2,8,1
Maharashtra,Nagpur,Malaria,2018,3,7,1
Maharashtra,Nagpur,Malaria,2018,4,5,0
Maharashtra,Nagpur,Malaria,2018,5,7,0
Maharashtra,Nagpur,Malaria,2018,6,6,0
Maharashtra,Nagpur,Malaria,2018,7,8,0
Maharashtra,Nagpur,Malaria,2018,8,8,0
Maharashtra,Nagpur,Malaria,2018,9,8,0
Maharashtra,Nagpur,Malaria,2018,10,5,0
Maharashtra,Nagpur,Malaria,2018,11,10,0
Maharashtra,Nagpur,Malaria,2018,12,7,0
Maharashtra,Nagpur,Malaria,2018,13,0,0
Maharashtra,Nagpur,Malaria,2018,14,9,0
Maharashtra,Nagpur,Malaria,2018,15,9,0
Maharashtra,Nagpur,Malaria,2018,16,13,0
Maharashtra,Nagpur,Malaria,2018,17,19,1
Maharashtra,Nagpur,Malaria,2018,18,23,0
Maharashtra,Nagpur,Malaria,2018,19,18,0
Maharashtra,Nagpur,Malaria,2018,20,19,0
Maharashtra,Nagpur,Malaria,2018,21,23,0
Maharashtra,Nagpur,Malaria,2018,22,20,0
Maharashtra,Nagpur,Malaria,2018,23,25,0
Maharashtra,Nagpur,Malaria,2018,24,22,0
Maharashtra,Nagpur,Malaria,2018,25,27,0
Maharashtra,Nagpur,Malaria,2018,26,27,0
Maharashtra,Nagpur,Malaria,2018,27,28,0
Maharashtra,Nagpur,Malaria,2018,28,27,0
Maharashtra,Nagpur,Malaria,2018,29,32,0
Maharashtra,Nagpur,Malaria,2018,30,30,0
Maharashtra,Nagpur,Malaria,2018,31,30,0
Maharashtra,Nagpur,Malaria,2018,32,30,0
Maharashtra,Nagpur,Malaria,2018,33,30,0
Maharashtra,Nagpur,Malaria,2018,34,26,0
Maharashtra,Nagpur,Malaria,2018,35,29,0
Maharashtra,Nagpur,Malaria,2018,36,28,0
Maharashtra,Nagpur,Malaria,2018,37,24,0
Maharashtra,Nagpur,Malaria,2018,38,25,0
Maharashtra,Nagpur,Malaria,2018,39,29,0
Maharashtra,Nagpur,Malaria,2018,40,27,0
Maharashtra,Nagpur,Malaria,2018,41,27,0
Maharashtra,Nagpur,Malaria,2018,42,28,0
Maharashtra,Nagpur,Malaria,2018,43,19,0
Maharashtra,Nagpur,Malaria,2018,44,24,0
Maharashtra,Nagpur,Malaria,2018,45,22,0
Maharashtra,Nagpur,Malaria,2018,46,15,0
Maharashtra,Nagpur,Malaria,2018,47,18,0
Maharashtra,Nagpur,Malaria,2018,48,17,0
Maharashtra,Nagpur,Malaria,2018,49,8,0
Maharashtra,Nagpur,Malaria,2018,50,10,0
Maharashtra,Nagpur,Malaria,2018,51,12,0
Maharashtra,Nagpur,Malaria,2018,52,10,0
Maharashtra,Nagpur,Malaria,2019,1,9,0
Maharashtra,Nagpur,Malaria,2019,2,7,0
Maharashtra,Nagpur,Malaria,2019,3,9,0
Maharashtra,Nagpur,Malaria,2019,4,8,0
Maharashtra,Nagpur,Malaria,2019,5,10,0
Maharashtra,Nagpur,Malaria,2019,6,3,0
Maharashtra,Nagpur,Malaria,2019,7,5,0
Maharashtra,Nagpur,Malaria,2019,8,10,0
Maharashtra,Nagpur,Malaria,2019,9,6,0
Maharashtra,Nagpur,Malaria,2019,10,6,0
Maharashtra,Nagpur,Malaria,2019,11,10,0
Maharashtra,Nagpur,Malaria,2019,12,9,0
Maharashtra,Nagpur,Malaria,2019,13,10,0
Maharashtra,Nagpur,Malaria,2019,14,12,0
Maharashtra,Nagpur,Malaria,2019,15,17,0
Maharashtra,Nagpur,Malaria,2019,16,17,0
Maharashtra,Nagpur,Malaria,2019,17,15,0
Maharashtra,Nagpur,Malaria,2019,18,19,0
Maharashtra,Nagpur,Malaria,2019,19,19,0
Maharashtra,Nagpur,Malaria,2019,20,21,0
Maharashtra,Nagpur,Malaria,2019,21,25,0
Maharashtra,Nagpur,Malaria,2019,22,23,0
Maharashtra,Nagpur,Malaria,2019,23,23,0
Maharashtra,Nagpur,Malaria,2019,24,25,0
Maharashtra,Nagpur,Malaria,2019,25,26,0
Maharashtra,Nagpur,Malaria,2019,26,27,0
Maharashtra,Nagpur,Malaria,2019,27,30,0
Maharashtra,Nagpur,Malaria,2019,28,27,0
Maharashtra,Nagpur,Malaria,2019,29,31,0
Maharashtra,Nagpur,Malaria,2019,30,29,0
Maharashtra,Nagpur,Malaria,2019,31,27,0
Maharashtra,Nagpur,Malaria,2019,32,31,0
Maharashtra,Nagpur,Malaria,2019,33,30,0
Maharashtra,Nagpur,Malaria,2019,34,30,0
Maharashtra,Nagpur,Malaria,2019,35,28,0
Maharashtra,Nagpur,Malaria,2019,36,28,0
Maharashtra,Nagpur,Malaria,2019,37,28,0
Maharashtra,Nagpur,Malaria,2019,38,29,0
Maharashtra,Nagpur,Malaria,2019,39,29,0
Maharashtra,Nagpur,Malaria,2019,40,25,0
Maharashtra,Nagpur,Malaria,2019,41,26,0
Maharashtra,Nagpur,Malaria,2019,42,25,1
Maharashtra,Nagpur,Malaria,2019,43,19,0
Maharashtra,Nagpur,Malaria,2019,44,22,0
Maharashtra,Nagpur,Malaria,2019,45,0,0
Maharashtra,Nagpur,Malaria,2019,46,0,0
Maharashtra,Nagpur,Malaria,2019,47,11,0
Maharashtra,Nagpur,Malaria,2019,48,15,0
Maharashtra,Nagpur,Malaria,2019,49,12,0
Maharashtra,Nagpur,Malaria,2019,50,15,0
Maharashtra,Nagpur,Malaria,2019,51,10,0
Maharashtra,Nagpur,Malaria,2019,52,11,0
Maharashtra,Nagpur,Malaria,2020,1,8,0
Maharashtra,Nagpur,Malaria,2020,2,6,0
Maharashtra,Nagpur,Malaria,2020,3,12,0
Maharashtra,Nagpur,Malaria,2020,4,7,0
Maharashtra,Nagpur,Malaria,2020,5,3,0
Maharashtra,Nagpur,Malaria,2020,6,7,0
Maharashtra,Nagpur,Malaria,2020,7,9,0
Maharashtra,Nagpur,Malaria,2020,8,8,0
Maharashtra,Nagpur,Malaria,2020,9,9,1
Maharashtra,Nagpur,Malaria,2020,10,11,0
Maharashtra,Nagpur,Malaria,2020,11,11,0
Maharashtra,Nagpur,Malaria,2020,12,7,0
Maharashtra,Nagpur,Malaria,2020,13,10,0
Maharashtra,Nagpur,Malaria,2020,14,17,0
Maharashtra,Nagpur,Malaria,2020,15,14,0
Maharashtra,Nagpur,Malaria,2020,16,20,0
Maharashtra,Nagpur,Malaria,2020,17,18,0
Maharashtra,Nagpur,Malaria,2020,18,13,2
Maharashtra,Nagpur,Malaria,2020,19,19,0
Maharashtra,Nagpur,Malaria,2020,20,26,0
Maharashtra,Nagpur,Malaria,2020,21,20,1
Maharashtra,Nagpur,Malaria,2020,22,22,0
Maharashtra,Nagpur,Malaria,2020,23,22,0
Maharashtra,Nagpur,Malaria,2020,24,25,0
Maharashtra,Nagpur,Malaria,2020,25,27,0
Maharashtra,Nagpur,Malaria,2020,26,23,0
Maharashtra,Nagpur,Malaria,2020,27,29,0
Maharashtra,Nagpur,Malaria,2020,28,30,0
Maharashtra,Nagpur,Malaria,2020,29,28,0
Maharashtra,Nagpur,Malaria,2020,30,25,0
Maharashtra,Nagpur,Malaria,2020,31,27,0
Maharashtra,Nagpur,Malaria,2020,32,31,0
Maharashtra,Nagpur,Malaria,2020,33,29,0
Maharashtra,Nagpur,Malaria,2020,34,30,0
Maharashtra,Nagpur,Malaria,2020,35,29,0
Maharashtra,Nagpur,Malaria,2020,36,34,0
Maharashtra,Nagpur,Malaria,2020,37,25,0
Maharashtra,Nagpur,Malaria,2020,38,28,0
Maharashtra,Nagpur,Malaria,2020,39,24,0
Maharashtra,Nagpur,Malaria,2020,40,25,0
Maharashtra,Nagpur,Malaria,2020,41,29,0
Maharashtra,Nagpur,Malaria,2020,42,25,0
Maharashtra,Nagpur,Malaria,2020,43,25,0
Maharashtra,Nagpur,Malaria,2020,44,18,0
Maharashtra,Nagpur,Malaria,2020,45,18,2
Maharashtra,Nagpur,Malaria,2020,46,17,0
Maharashtra,Nagpur,Malaria,2020,47,15,0
Maharashtra,Nagpur,Malaria,2020,48,14,0
Maharashtra,Nagpur,Malaria,2020,49,16,0
Maharashtra,Nagpur,Malaria,2020,50,13,0
Maharashtra,Nagpur,Malaria,2020,51,10,0
Maharashtra,Nagpur,Malaria,2020,52,12,0
Maharashtra,Nagpur,Malaria,2021,1,11,0
Maharashtra,Nagpur,Malaria,2021,2,8,0
Maharashtra,Nagpur,Malaria,2021,3,6,0
Maharashtra,Nagpur,Malaria,2021,4,7,0
Maharashtra,Nagpur,Malaria,2021,5,7,0
Maharashtra,Nagpur,Malaria,2021,6,9,0
Maharashtra,Nagpur,Malaria,2021,7,10,0
Maharashtra,Nagpur,Malaria,2021,8,7,0
Maharashtra,Nagpur,Malaria,2021,9,6,0
Maharashtra,Nagpur,Malaria,2021,10,6,0
Maharashtra,Nagpur,Malaria,2021,11,11,0
Maharashtra,Nagpur,Malaria,2021,12,11,0
Maharashtra,Nagpur,Malaria,2021,13,13,0
Maharashtra,Nagpur,Malaria,2021,14,9,0
Maharashtra,Nagpur,Malaria,2021,15,12,0
Maharashtra,Nagpur,Malaria,2021,16,18,0
Maharashtra,Nagpur,Malaria,2021,17,16,0
Maharashtra,Nagpur,Malaria,2021,18,16,0
Maharashtra,Nagpur,Malaria,2021,19,20,0
Maharashtra,Nagpur,Malaria,2021,20,15,0
Maharashtra,Nagpur,Malaria,2021,21,23,0
Maharashtra,Nagpur,Malaria,2021,22,24,0
Maharashtra,Nagpur,Malaria,2021,23,26,0
Maharashtra,Nagpur,Malaria,2021,24,24,0
Maharashtra,Nagpur,Malaria,2021,25,27,0
Maharashtra,Nagpur,Malaria,2021,26,25,0
Maharashtra,Nagpur,Malaria,2021,27,27,0
Maharashtra,Nagpur,Malaria,2021,28,31,0
Maharashtra,Nagpur,Malaria,2021,29,35,0
Maharashtra,Nagpur,Malaria,2021,30,30,0
Maharashtra,Nagpur,Malaria,2021,31,31,0
Maharashtra,Nagpur,Malaria,2021,32,30,0
Maharashtra,Nagpur,Malaria,2021,33,30,0
Maharashtra,Nagpur,Malaria,2021,34,28,0
Maharashtra,Nagpur,Malaria,2021,35,28,0
Maharashtra,Nagpur,Malaria,2021,36,27,1
Maharashtra,Nagpur,Malaria,2021,37,30,0
Maharashtra,Nagpur,Malaria,2021,38,29,0
Maharashtra,Nagpur,Malaria,2021,39,28,0
Maharashtra,Nagpur,Malaria,2021,40,27,0
Maharashtra,Nagpur,Malaria,2021,41,26,1
Maharashtra,Nagpur,Malaria,2021,42,22,0
Maharashtra,Nagpur,Malaria,2021,43,21,0
Maharashtra,Nagpur,Malaria,2021,44,24,0
Maharashtra,Nagpur,Malaria,2021,45,16,0
Maharashtra,Nagpur,Malaria,2021,46,15,0
Maharashtra,Nagpur,Malaria,2021,47,19,0
Maharashtra,Nagpur,Malaria,2021,48,18,0
Maharashtra,Nagpur,Malaria,2021,49,12,0
Maharashtra,Nagpur,Malaria,2021,50,13,1
Maharashtra,Nagpur,Malaria,2021,51,9,0
Maharashtra,Nagpur,Malaria,2021,52,13,0
Maharashtra,Nagpur,Malaria,2022,1,5,0
Maharashtra,Nagpur,Malaria,2022,2,7,0
Maharashtra,Nagpur,Malaria,2022,3,0,0
Maharashtra,Nagpur,Malaria,2022,4,7,0
Maharashtra,Nagpur,Malaria,2022,5,9,0
Maharashtra,Nagpur,Malaria,2022,6,8,0
Maharashtra,Nagpur,Malaria,2022,7,6,0
Maharashtra,Nagpur,Malaria,2022,8,10,0
Maharashtra,Nagpur,Malaria,2022,9,4,0
Maharashtra,Nagpur,Malaria,2022,10,13,0
Maharashtra,Nagpur,Malaria,2022,11,9,0
Maharashtra,Nagpur,Malaria,2022,12,11,0
Maharashtra,Nagpur,Malaria,2022,13,14,0
Maharashtra,Nagpur,Malaria,2022,14,10,0
Maharashtra,Nagpur,Malaria,2022,15,12,0
Maharashtra,Nagpur,Malaria,2022,16,12,0
Maharashtra,Nagpur,Malaria,2022,17,18,0
Maharashtra,Nagpur,Malaria,2022,18,20,0
Maharashtra,Nagpur,Malaria,2022,19,17,0
Maharashtra,Nagpur,Malaria,2022,20,17,0
Maharashtra,Nagpur,Malaria,2022,21,19,0
Maharashtra,Nagpur,Malaria,2022,22,22,0
Maharashtra,Nagpur,Malaria,2022,23,24,0
Maharashtra,Nagpur,Malaria,2022,24,26,0
Maharashtra,Nagpur,Malaria,2022,25,27,0
Maharashtra,Nagpur,Malaria,2022,26,31,0
Maharashtra,Nagpur,Malaria,2022,27,30,0
Maharashtra,Nagpur,Malaria,2022,28,28,0
Maharashtra,Nagpur,Malaria,2022,29,26,0
Maharashtra,Nagpur,Malaria,2022,30,28,0
Maharashtra,Nagpur,Malaria,2022,31,29,0
Maharashtra,Nagpur,Malaria,2022,32,35,0
Maharashtra,Nagpur,Malaria,2022,33,0,0
Maharashtra,Nagpur,Malaria,2022,34,29,0
Maharashtra,Nagpur,Malaria,2022,35,29,0
Maharashtra,Nagpur,Malaria,2022,36,30,1
Maharashtra,Nagpur,Malaria,2022,37,26,0
Maharashtra,Nagpur,Malaria,2022,38,26,0
Maharashtra,Nagpur,Malaria,2022,39,31,0
Maharashtra,Nagpur,Malaria,2022,40,25,0
Maharashtra,Nagpur,Malaria,2022,41,23,0
Maharashtra,Nagpur,Malaria,2022,42,26,0
Maharashtra,Nagpur,Malaria,2022,43,0,0
Maharashtra,Nagpur,Malaria,2022,44,20,0
Maharashtra,Nagpur,Malaria,2022,45,19,0
Maharashtra,Nagpur,Malaria,2022,46,13,0
Maharashtra,Nagpur,Malaria,2022,47,16,0
Maharashtra,Nagpur,Malaria,2022,48,14,0
Maharashtra,Nagpur,Malaria,2022,49,12,1
Maharashtra,Nagpur,Malaria,2022,50,12,0
Maharashtra,Nagpur,Malaria,2022,51,13,1
Maharashtra,Nagpur,Malaria,2022,52,15,0
Maharashtra,Nagpur,Malaria,2023,1,11,0
Maharashtra,Nagpur,Malaria,2023,2,7,0
Maharashtra,Nagpur,Malaria,2023,3,10,2
Maharashtra,Nagpur,Malaria,2023,4,6,0
Maharashtra,Nagpur,Malaria,2023,5,5,0
Maharashtra,Nagpur,Malaria,2023,6,7,1
Maharashtra,Nagpur,Malaria,2023,7,8,0
Maharashtra,Nagpur,Malaria,2023,8,6,0
Maharashtra,Nagpur,Malaria,2023,9,11,0
Maharashtra,Nagpur,Malaria,2023,10,13,0
Maharashtra,Nagpur,Malaria,2023,11,9,0
Maharashtra,Nagpur,Malaria,2023,12,10,0
Maharashtra,Nagpur,Malaria,2023,13,10,0
Maharashtra,Nagpur,Malaria,2023,14,14,0
Maharashtra,Nagpur,Malaria,2023,15,12,0
Maharashtra,Nagpur,Malaria,2023,16,19,0
Maharashtra,Nagpur,Malaria,2023,17,15,0
Maharashtra,Nagpur,Malaria,2023,18,25,0
Maharashtra,Nagpur,Malaria,2023,19,17,0
Maharashtra,Nagpur,Malaria,2023,20,21,1
Maharashtra,Nagpur,Malaria,2023,21,23,0
Maharashtra,Nagpur,Malaria,2023,22,24,0
Maharashtra,Nagpur,Malaria,2023,23,23,0
Maharashtra,Nagpur,Malaria,2023,24,28,0
Maharashtra,Nagpur,Malaria,2023,25,26,0
Maharashtra,Nagpur,Malaria,2023,26,28,0
Maharashtra,Nagpur,Malaria,2023,27,30,0
Maharashtra,Nagpur,Malaria,2023,28,27,0
Maharashtra,Nagpur,Malaria,2023,29,29,0
Maharashtra,Nagpur,Malaria,2023,30,27,0
Maharashtra,Nagpur,Malaria,2023,31,25,0
Maharashtra,Nagpur,Malaria,2023,32,28,0
Maharashtra,Nagpur,Malaria,2023,33,30,0
Maharashtra,Nagpur,Malaria,2023,34,33,0
Maharashtra,Nagpur,Malaria,2023,35,30,0
Maharashtra,Nagpur,Malaria,2023,36,27,0
Maharashtra,Nagpur,Malaria,2023,37,28,0
Maharashtra,Nagpur,Malaria,2023,38,28,0
Maharashtra,Nagpur,Malaria,2023,39,28,0
Maharashtra,Nagpur,Malaria,2023,40,26,0
Maharashtra,Nagpur,Malaria,2023,41,22,0
Maharashtra,Nagpur,Malaria,2023,42,19,0
Maharashtra,Nagpur,Malaria,2023,43,20,0
Maharashtra,Nagpur,Malaria,2023,44,20,0
Maharashtra,Nagpur,Malaria,2023,45,19,0
Maharashtra,Nagpur,Malaria,2023,46,17,0
Maharashtra,Nagpur,Malaria,2023,47,15,0
Maharashtra,Nagpur,Malaria,2023,48,14,0
Maharashtra,Nagpur,Malaria,2023,49,13,0
Maharashtra,Nagpur,Malaria,2023,50,12,0
Maharashtra,Nagpur,Malaria,2023,51,13,0
Maharashtra,Nagpur,Malaria,2023,52,8,0
Maharashtra,Nagpur,Malaria,2024,1,6,0
Maharashtra,Nagpur,Malaria,2024,2,10,0
Maharashtra,Nagpur,Malaria,2024,3,8,0
Maharashtra,Nagpur,Malaria,2024,4,5,0
Maharashtra,Nagpur,Malaria,2024,5,4,0
Maharashtra,Nagpur,Malaria,2024,6,7,0
Maharashtra,Nagpur,Malaria,2024,7,7,0
Maharashtra,Nagpur,Malaria,2024,8,0,0
Maharashtra,Nagpur,Malaria,2024,9,5,0
Maharashtra,Nagpur,Malaria,2024,10,5,1
Maharashtra,Nagpur,Malaria,2024,11,6,1
Maharashtra,Nagpur,Malaria,2024,12,11,0
Maharashtra,Nagpur,Malaria,2024,13,9,0
Maharashtra,Nagpur,Malaria,2024,14,12,0
Maharashtra,Nagpur,Malaria,2024,15,11,0
Maharashtra,Nagpur,Malaria,2024,16,18,0
Maharashtra,Nagpur,Malaria,2024,17,16,0
Maharashtra,Nagpur,Malaria,2024,18,15,0
Maharashtra,Nagpur,Malaria,2024,19,15,0
Maharashtra,Nagpur,Malaria,2024,20,21,0
Maharashtra,Nagpur,Malaria,2024,21,23,0
Maharashtra,Nagpur,Malaria,2024,22,24,0
Maharashtra,Nagpur,Malaria,2024,23,28,0
Maharashtra,Nagpur,Malaria,2024,24,27,0
Maharashtra,Nagpur,Malaria,2024,25,23,0
Maharashtra,Nagpur,Malaria,2024,26,28,0
Maharashtra,Nagpur,Malaria,2024,27,29,0
Maharashtra,Nagpur,Malaria,2024,28,28,0
Maharashtra,Nagpur,Malaria,2024,29,29,0
Maharashtra,Nagpur,Malaria,2024,30,29,0
Maharashtra,Nagpur,Malaria,2024,31,33,0
Maharashtra,Nagpur,Malaria,2024,32,26,1
Maharashtra,Nagpur,Malaria,2024,33,29,0
Maharashtra,Nagpur,Malaria,2024,34,29,0
Maharashtra,Nagpur,Malaria,2024,35,32,0
Maharashtra,Nagpur,Malaria,2024,36,33,0
Maharashtra,Nagpur,Malaria,2024,37,27,0
Maharashtra,Nagpur,Malaria,2024,38,26,0
Maharashtra,Nagpur,Malaria,2024,39,26,0
Maharashtra,Nagpur,Malaria,2024,40,25,0
Maharashtra,Nagpur,Malaria,2024,41,20,0
Maharashtra,Nagpur,Malaria,2024,42,23,0
Maharashtra,Nagpur,Malaria,2024,43,20,0
Maharashtra,Nagpur,Malaria,2024,44,20,0
Maharashtra,Nagpur,Malaria,2024,45,22,0
Maharashtra,Nagpur,Malaria,2024,46,19,0
Maharashtra,Nagpur,Malaria,2024,47,15,0
Maharashtra,Nagpur,Malaria,2024,48,16,0
Maharashtra,Nagpur,Malaria,2024,49,18,0
Maharashtra,Nagpur,Malaria,2024,50,14,0
Maharashtra,Nagpur,Malaria,2024,51,14,0
Maharashtra,Nagpur,Malaria,2024,52,9,0
Maharashtra,Nagpur,Acute Diarrhoeal Disease,2017,1,23,0
Maharashtra,Nagpur,Acute Diarrhoeal Disease,2017,2,33,0
Maharashtra,Nagpur,Acute Diarrhoeal Disease,2017,3,23,0
Maharashtra,Nagpur,Acute Diarrhoeal Disease,2017,4,31,0
Maharashtra,Nagpur,Acute Diarrhoeal Disease,2017,5,15,0
Maharashtra,Nagpur,Acute Diarrhoeal Disease,2017,6,8,0
Maharashtra,Nagpur,Acute Diarrhoeal Disease,2017,7,12,1
Maharashtra,Nagpur,Acute Diarrhoeal Disease,2017,8,4,0
Maharashtra,Nagpur,Acute Diarrhoeal Disease,2017,9,9,0
Maharashtra,Nagpur,Acute Diarrhoeal Disease,2017,10,8,0
Maharashtra,Nagpur,Acute Diarrhoeal Disease,2017,11,15,0
Maharashtra,Nagpur,Acute Diarrhoeal Disease,2017,12,10,0
Maharashtra,Nagpur,Acute Diarrhoeal Disease,2017,13,10,0
Maharashtra,Nagpur,Acute Diarrhoeal Disease,2017,14,9,0
Maharashtra,Nagpur,Acute Diarrhoeal Disease,2017,15,16,0
Maharashtra,Nagpur,Acute Diarrhoeal Disease,2017,16,6,0
Maharashtra,Nagpur,Acute Diarrhoeal Disease,2017,17,13,0
Maharashtra,Nagpur,Acute Diarrhoeal Disease,2017,18,12,0
Maharashtra,Nagpur,Acute Diarrhoeal Disease,2017,19,25,0
Maharashtra,Nagpur,Acute Diarrhoeal Disease,2017,20,23,0
Maharashtra,Nagpur,Acute Diarrhoeal Disease,2017,21,24,0
Maharashtra,Nagpur,Acute Diarrhoeal Disease,2017,22,29,0
Maharashtra,Nagpur,Acute Diarrhoeal Disease,2017,23,36,0
Maharashtra,Nagpur,Acute Diarrhoeal Disease,2017,24,39,0
Maharashtra,Nagpur,Acute Diarrhoeal Disease,2017,25,44,0
Maharashtra,Nagpur,Acute Diarrhoeal Disease,2017,26,49,0
Maharashtra,Nagpur,Acute Diarrhoeal Disease,2017,27,47,0
Maharashtra,Nagpur,Acute Diarrhoeal Disease,2017,28,52,0
Maharashtra,Nagpur,Acute Diarrhoeal Disease,2017,29,51,0
Maharashtra,Nagpur,Acute Diarrhoeal Disease,2017,30,64,0
Maharashtra,Nagpur,Acute Diarrhoeal Disease,2017,31,75,0
Maharashtra,Nagpur,Acute Diarrhoeal Disease,2017,32,67,0
Maharashtra,Nagpur,Acute Diarrhoeal Disease,2017,33,70,0
Maharashtra,Nagpur,Acute Diarrhoeal Disease,2017,34,69,0
Maharashtra,Nagpur,Acute Diarrhoeal Disease,2017,35,76,1
Maharashtra,Nagpur,Acute Diarrhoeal Disease,2017,36,81,0
Maharashtra,Nagpur,Acute Diarrhoeal Disease,2017,37,80,0
Maharashtra,Nagpur,Acute Diarrhoeal Disease,2017,38,84,0
Maharashtra,Nagpur,Acute Diarrhoeal Disease,2017,39,75,0
Maharashtra,Nagpur,Acute Diarrhoeal Disease,2017,40,73,0
Maharashtra,Nagpur,Acute Diarrhoeal Disease,2017,41,69,0
Maharashtra,Nagpur,Acute Diarrhoeal Disease,2017,42,81,0
Maharashtra,Nagpur,Acute Diarrhoeal Disease,2017,43,76,0
Maharashtra,Nagpur,Acute Diarrhoeal Disease,2017,44,66,0
Maharashtra,Nagpur,Acute Diarrhoeal Disease,2017,45,71,0
Maharashtra,Nagpur,Acute Diarrhoeal Disease,2017,46,65,0
Maharashtra,Nagpur,Acute Diarrhoeal Disease,2017,47,69,0
Maharashtra,Nagpur,Acute Diarrhoeal Disease,2017,48,49,0
Maharashtra,Nagpur,Acute Diarrhoeal Disease,2017,49,47,0
Maharashtra,Nagpur,Acute Diarrhoeal Disease,2017,50,56,0
Maharashtra,Nagpur,Acute Diarrhoeal Disease,2017,51,46,0
Maharashtra,Nagpur,Acute Diarrhoeal Disease,2017,52,40,0
Maharashtra,Nagpur,Acute Diarrhoeal Disease,2018,1,41,0
Maharashtra,Nagpur,Acute Diarrhoeal Disease,2018,2,29,0
Maharashtra,Nagpur,Acute Diarrhoeal Disease,2018,3,21,0
Maharashtra,Nagpur,Acute Diarrhoeal Disease,2018,4,0,0
Maharashtra,Nagpur,Acute Diarrhoeal Disease,2018,5,22,0
Maharashtra,Nagpur,Acute Diarrhoeal Disease,2018,6,16,0
Maharashtra,Nagpur,Acute Diarrhoeal Disease,2018,7,11,0
Maharashtra,Nagpur,Acute Diarrhoeal Disease,2018,8,9,0
Maharashtra,Nagpur,Acute Diarrhoeal Disease,2018,9,15,0
Maharashtra,Nagpur,Acute Diarrhoeal Disease,2018,10,14,0
Maharashtra,Nagpur,Acute Diarrhoeal Disease,2018,11,3,0
Maharashtra,Nagpur,Acute Diarrhoeal Disease,2018,12,10,0
Maharashtra,Nagpur,Acute Diarrhoeal Disease,2018,13,20,0
Maharashtra,Nagpur,Acute Diarrhoeal Disease,2018,14,14,0
Maharashtra,Nagpur,Acute Diarrhoeal Disease,2018,15,14,0
Maharashtra,Nagpur,Acute Diarrhoeal Disease,2018,16,20,0
Maharashtra,Nagpur,Acute Diarrhoeal Disease,2018,17,19,0
Maharashtra,Nagpur,Acute Diarrhoeal Disease,2018,18,23,0
Maharashtra,Nagpur,Acute Diarrhoeal Disease,2018,19,25,0
Maharashtra,Nagpur,Acute Diarrhoeal Disease,2018,20,18,0
Maharashtra,Nagpur,Acute Diarrhoeal Disease,2018,21,27,0
Maharashtra,Nagpur,Acute Diarrhoeal Disease,2018,22,35,0
Maharashtra,Nagpur,Acute Diarrhoeal Disease,2018,23,31,0
Maharashtra,Nagpur,Acute Diarrhoeal Disease,2018,24,36,0
Maharashtra,Nagpur,Acute Diarrhoeal Disease,2018,25,41,0
Maharashtra,Nagpur,Acute Diarrhoeal Disease,2018,26,52,0
Maharashtra,Nagpur,Acute Diarrhoeal Disease,2018,27,55,0
Maharashtra,Nagpur,Acute Diarrhoeal Disease,2018,28,60,0
Maharashtra,Nagpur,Acute Diarrhoeal Disease,2018,29,46,0
Maharashtra,Nagpur,Acute Diarrhoeal Disease,2018,30,66,0
Maharashtra,Nagpur,Acute Diarrhoeal Disease,2018,31,68,0
Maharashtra,Nagpur,Acute Diarrhoeal Disease,2018,32,69,0
Maharashtra,Nagpur,Acute Diarrhoeal Disease,2018,33,66,0
Maharashtra,Nagpur,Acute Diarrhoeal Disease,2018,34,74,0
Maharashtra,Nagpur,Acute Diarrhoeal Disease,2018,35,76,0
Maharashtra,Nagpur,Acute Diarrhoeal Disease,2018,36,73,0
Maharashtra,Nagpur,Acute Diarrhoeal Disease,2018,37,79,0
Maharashtra,Nagpur,Acute Diarrhoeal Disease,2018,38,85,0
Maharashtra,Nagpur,Acute Diarrhoeal Disease,2018,39,82,0
Maharashtra,Nagpur,Acute Diarrhoeal Disease,2018,40,72,0
Maharashtra,Nagpur,Acute Diarrhoeal Disease,2018,41,75,0
Maharashtra,Nagpur,Acute Diarrhoeal Disease,2018,42,85,0
Maharashtra,Nagpur,Acute Diarrhoeal Disease,2018,43,69,0
Maharashtra,Nagpur,Acute Diarrhoeal Disease,2018,44,74,0
Maharashtra,Nagpur,Acute Diarrhoeal Disease,2018,45,70,0
Maharashtra,Nagpur,Acute Diarrhoeal Disease,2018,46,60,0
Maharashtra,Nagpur,Acute Diarrhoeal Disease,2018,47,55,0
Maharashtra,Nagpur,Acute Diarrhoeal Disease,2018,48,52,0
Maharashtra,Nagpur,Acute Diarrhoeal Disease,2018,49,43,0
Maharashtra,Nagpur,Acute Diarrhoeal Disease,2018,50,46,0
Maharashtra,Nagpur,Acute Diarrhoeal Disease,2018,51,42,0
Maharashtra,Nagpur,Acute Diarrhoeal Disease,2018,52,44,0
Maharashtra,Nagpur,Acute Diarrhoeal Disease,2019,1,29,0
Maharashtra,Nagpur,Acute Diarrhoeal Disease,2019,2,0,0
Maharashtra,Nagpur,Acute Diarrhoeal Disease,2019,3,27,0
Maharashtra,Nagpur,Acute Diarrhoeal Disease,2019,4,30,0
Maharashtra,Nagpur,Acute Diarrhoeal Disease,2019,5,13,0
Maharashtra,Nagpur,Acute Diarrhoeal Disease,2019,6,21,0
Maharashtra,Nagpur,Acute Diarrhoeal Disease,2019,7,19,0
Maharashtra,Nagpur,Acute Diarrhoeal Disease,2019,8,10,0
Maharashtra,Nagpur,Acute Diarrhoeal Disease,2019,9,20,0
Maharashtra,Nagpur,Acute Diarrhoeal Disease,2019,10,3,0
Maharashtra,Nagpur,Acute Diarrhoeal Disease,2019,11,8,0
Maharashtra,Nagpur,Acute Diarrhoeal Disease,2019,12,3,0
Maharashtra,Nagpur,Acute Diarrhoeal Disease,2019,13,7,0
Maharashtra,Nagpur,Acute Diarrhoeal Disease,2019,14,15,0
Maharashtra,Nagpur,Acute Diarrhoeal Disease,2019,15,13,0
Maharashtra,Nagpur,Acute Diarrhoeal Disease,2019,16,11,0
Maharashtra,Nagpur,Acute Diarrhoeal Disease,2019,17,10,0
Maharashtra,Nagpur,Acute Diarrhoeal Disease,2019,18,21,0
Maharashtra,Nagpur,Acute Diarrhoeal Disease,2019,19,19,0
Maharashtra,Nagpur,Acute Diarrhoeal Disease,2019,20,28,0
Maharashtra,Nagpur,Acute Diarrhoeal Disease,2019,21,23,0
Maharashtra,Nagpur,Acute Diarrhoeal Disease,2019,22,33,0
Maharashtra,Nagpur,Acute Diarrhoeal Disease,2019,23,34,0
Maharashtra,Nagpur,Acute Diarrhoeal Disease,2019,24,23,0
Maharashtra,Nagpur,Acute Diarrhoeal Disease,2019,25,47,0
Maharashtra,Nagpur,Acute Diarrhoeal Disease,2019,26,50,0
Maharashtra,Nagpur,Acute Diarrhoeal Disease,2019,27,49,0
Maharashtra,Nagpur,Acute Diarrhoeal Disease,2019,28,67,0
Maharashtra,Nagpur,Acute Diarrhoeal Disease,2019,29,62,0
Maharashtra,Nagpur,Acute Diarrhoeal Disease,2019,30,66,0
Maharashtra,Nagpur,Acute Diarrhoeal Disease,2019,31,73,0
Maharashtra,Nagpur,Acute Diarrhoeal Disease,2019,32,68,0
Maharashtra,Nagpur,Acute Diarrhoeal Disease,2019,33,76,0
Maharashtra,Nagpur,Acute Diarrhoeal Disease,2019,34,87,0
Maharashtra,Nagpur,Acute Diarrhoeal Disease,2019,35,76,0
Maharashtra,Nagpur,Acute Diarrhoeal Disease,2019,36,80,0
Maharashtra,Nagpur,Acute Diarrhoeal Disease,2019,37,78,0
Maharashtra,Nagpur,Acute Diarrhoeal Disease,2019,38,89,0
Maharashtra,Nagpur,Acute Diarrhoeal Disease,2019,39,87,0
Maharashtra,Nagpur,Acute Diarrhoeal Disease,2019,40,82,0
Maharashtra,Nagpur,Acute Diarrhoeal Disease,2019,41,72,0
Maharashtra,Nagpur,Acute Diarrhoeal Disease,2019,42,70,0
Maharashtra,Nagpur,Acute Diarrhoeal Disease,2019,43,61,0
Maharashtra,Nagpur,Acute Diarrhoeal Disease,2019,44,75,0
Maharashtra,Nagpur,Acute Diarrhoeal Disease,2019,45,68,0
Maharashtra,Nagpur,Acute Diarrhoeal Disease,2019,46,63,0
Maharashtra,Nagpur,Acute Diarrhoeal Disease,2019,47,67,0
Maharashtra,Nagpur,Acute Diarrhoeal Disease,2019,48,53,0
Maharashtra,Nagpur,Acute Diarrhoeal Disease,2019,49,51,0
Maharashtra,Nagpur,Acute Diarrhoeal Disease,2019,50,51,0
Maharashtra,Nagpur,Acute Diarrhoeal Disease,2019,51,45,0
Maharashtra,Nagpur,Acute Diarrhoeal Disease,2019,52,39,0
Maharashtra,Nagpur,Acute Diarrhoeal Disease,2020,1,35,0
Maharashtra,Nagpur,Acute Diarrhoeal Disease,2020,2,36,0
Maharashtra,Nagpur,Acute Diarrhoeal Disease,2020,3,29,0
Maharashtra,Nagpur,Acute Diarrhoeal Disease,2020,4,28,0
Maharashtra,Nagpur,Acute Diarrhoeal Disease,2020,5,16,0
Maharashtra,Nagpur,Acute Diarrhoeal Disease,2020,6,20,0
Maharashtra,Nagpur,Acute Diarrhoeal Disease,2020,7,15,0
Maharashtra,Nagpur,Acute Diarrhoeal Disease,2020,8,8,0
Maharashtra,Nagpur,Acute Diarrhoeal Disease,2020,9,6,0
Maharashtra,Nagpur,Acute Diarrhoeal Disease,2020,10,10,0
Maharashtra,Nagpur,Acute Diarrhoeal Disease,2020,11,0,0
Maharashtra,Nagpur,Acute Diarrhoeal Disease,2020,12,9,0
Maharashtra,Nagpur,Acute Diarrhoeal Disease,2020,13,0,0
Maharashtra,Nagpur,Acute Diarrhoeal Disease,2020,14,9,0
Maharashtra,Nagpur,Acute Diarrhoeal Disease,2020,15,8,0
Maharashtra,Nagpur,Acute Diarrhoeal Disease,2020,16,17,0
Maharashtra,Nagpur,Acute Diarrhoeal Disease,2020,17,14,0
Maharashtra,Nagpur,Acute Diarrhoeal Disease,2020,18,12,0
Maharashtra,Nagpur,Acute Diarrhoeal Disease,2020,19,22,0
Maharashtra,Nagpur,Acute Diarrhoeal Disease,2020,20,27,0
Maharashtra,Nagpur,Acute Diarrhoeal Disease,2020,21,26,0
Maharashtra,Nagpur,Acute Diarrhoeal Disease,2020,22,30,0
Maharashtra,Nagpur,Acute Diarrhoeal Disease,2020,23,43,0
Maharashtra,Nagpur,Acute Diarrhoeal Disease,2020,24,35,0
Maharashtra,Nagpur,Acute Diarrhoeal Disease,2020,25,44,0
Maharashtra,Nagpur,Acute Diarrhoeal Disease,2020,26,51,0
Maharashtra,Nagpur,Acute Diarrhoeal Disease,2020,27,56,0
Maharashtra,Nagpur,Acute Diarrhoeal Disease,2020,28,53,0
Maharashtra,Nagpur,Acute Diarrhoeal Disease,2020,29,72,0
Maharashtra,Nagpur,Acute Diarrhoeal Disease,2020,30,65,0
Maharashtra,Nagpur,Acute Diarrhoeal Disease,2020,31,66,0
Maharashtra,Nagpur,Acute Diarrhoeal Disease,2020,32,73,0
Maharashtra,Nagpur,Acute Diarrhoeal Disease,2020,33,74,0
Maharashtra,Nagpur,Acute Diarrhoeal Disease,2020,34,67,0
Maharashtra,Nagpur,Acute Diarrhoeal Disease,2020,35,84,0
Maharashtra,Nagpur,Acute Diarrhoeal Disease,2020,36,0,0
Maharashtra,Nagpur,Acute Diarrhoeal Disease,2020,37,76,0
Maharashtra,Nagpur,Acute Diarrhoeal Disease,2020,38,77,0
Maharashtra,Nagpur,Acute Diarrhoeal Disease,2020,39,77,0
Maharashtra,Nagpur,Acute Diarrhoeal Disease,2020,40,82,0
Maharashtra,Nagpur,Acute Diarrhoeal Disease,2020,41,76,0
Maharashtra,Nagpur,Acute Diarrhoeal Disease,2020,42,82,1
Maharashtra,Nagpur,Acute Diarrhoeal Disease,2020,43,67,0
Maharashtra,Nagpur,Acute Diarrhoeal Disease,2020,44,68,0
Maharashtra,Nagpur,Acute Diarrhoeal Disease,2020,45,62,0
Maharashtra,Nagpur,Acute Diarrhoeal Disease,2020,46,64,0
Maharashtra,Nagpur,Acute Diarrhoeal Disease,2020,47,65,0
Maharashtra,Nagpur,Acute Diarrhoeal Disease,2020,48,55,0
Maharashtra,Nagpur,Acute Diarrhoeal Disease,2020,49,47,0
Maharashtra,Nagpur,Acute Diarrhoeal Disease,2020,50,56,0
Maharashtra,Nagpur,Acute Diarrhoeal Disease,2020,51,40,0
Maharashtra,Nagpur,Acute Diarrhoeal Disease,2020,52,40,0
Maharashtra,Nagpur,Acute Diarrhoeal Disease,2021,1,32,0
Maharashtra,Nagpur,Acute Diarrhoeal Disease,2021,2,29,0
Maharashtra,Nagpur,Acute Diarrhoeal Disease,2021,3,30,0
Maharashtra,Nagpur,Acute Diarrhoeal Disease,2021,4,0,0
Maharashtra,Nagpur,Acute Diarrhoeal Disease,2021,5,20,0
Maharashtra,Nagpur,Acute Diarrhoeal Disease,2021,6,8,0
Maharashtra,Nagpur,Acute Diarrhoeal Disease,2021,7,13,2
Maharashtra,Nagpur,Acute Diarrhoeal Disease,2021,8,6,0
Maharashtra,Nagpur,Acute Diarrhoeal Disease,2021,9,9,0
Maharashtra,Nagpur,Acute Diarrhoeal Disease,2021,10,4,0
Maharashtra,Nagpur,Acute Diarrhoeal Disease,2021,11,0,0
Maharashtra,Nagpur,Acute Diarrhoeal Disease,2021,12,14,0
Maharashtra,Nagpur,Acute Diarrhoeal Disease,2021,13,0,0
Maharashtra,Nagpur,Acute Diarrhoeal Disease,2021,14,10,0
Maharashtra,Nagpur,Acute Diarrhoeal Disease,2021,15,7,0
Maharashtra,Nagpur,Acute Diarrhoeal Disease,2021,16,24,0
Maharashtra,Nagpur,Acute Diarrhoeal Disease,2021,17,13,0
Maharashtra,Nagpur,Acute Diarrhoeal Disease,2021,18,15,0
Maharashtra,Nagpur,Acute Diarrhoeal Disease,2021,19,16,0
Maharashtra,Nagpur,Acute Diarrhoeal Disease,2021,20,23,0
Maharashtra,Nagpur,Acute Diarrhoeal Disease,2021,21,29,0
Maharashtra,Nagpur,Acute Diarrhoeal Disease,2021,22,0,0
Maharashtra,Nagpur,Acute Diarrhoeal Disease,2021,23,36,0
Maharashtra,Nagpur,Acute Diarrhoeal Disease,2021,24,41,0
Maharashtra,Nagpur,Acute Diarrhoeal Disease,2021,25,39,0
Maharashtra,Nagpur,Acute Diarrhoeal Disease,2021,26,47,0
Maharashtra,Nagpur,Acute Diarrhoeal Disease,2021,27,48,0
Maharashtra,Nagpur,Acute Diarrhoeal Disease,2021,28,55,0
Maharashtra,Nagpur,Acute Diarrhoeal Disease,2021,29,65,0
Maharashtra,Nagpur,Acute Diarrhoeal Disease,2021,30,58,0
Maharashtra,Nagpur,Acute Diarrhoeal Disease,2021,31,59,0
Maharashtra,Nagpur,Acute Diarrhoeal Disease,2021,32,68,0
Maharashtra,Nagpur,Acute Diarrhoeal Disease,2021,33,72,0
Maharashtra,Nagpur,Acute Diarrhoeal Disease,2021,34,77,0
Maharashtra,Nagpur,Acute Diarrhoeal Disease,2021,35,77,0
Maharashtra,Nagpur,Acute Diarrhoeal Disease,2021,36,71,0
Maharashtra,Nagpur,Acute Diarrhoeal Disease,2021,37,75,1
Maharashtra,Nagpur,Acute Diarrhoeal Disease,2021,38,79,0
Maharashtra,Nagpur,Acute Diarrhoeal Disease,2021,39,80,0
Maharashtra,Nagpur,Acute Diarrhoeal Disease,2021,40,80,0
Maharashtra,Nagpur,Acute Diarrhoeal Disease,2021,41,71,0
Maharashtra,Nagpur,Acute Diarrhoeal Disease,2021,42,74,0
Maharashtra,Nagpur,Acute Diarrhoeal Disease,2021,43,68,0
Maharashtra,Nagpur,Acute Diarrhoeal Disease,2021,44,68,0
Maharashtra,Nagpur,Acute Diarrhoeal Disease,2021,45,56,0
Maharashtra,Nagpur,Acute Diarrhoeal Disease,2021,46,61,0
Maharashtra,Nagpur,Acute Diarrhoeal Disease,2021,47,57,0
Maharashtra,Nagpur,Acute Diarrhoeal Disease,2021,48,46,0
Maharashtra,Nagpur,Acute Diarrhoeal Disease,2021,49,47,0
Maharashtra,Nagpur,Acute Diarrhoeal Disease,2021,50,46,0
Maharashtra,Nagpur,Acute Diarrhoeal Disease,2021,51,39,0
Maharashtra,Nagpur,Acute Diarrhoeal Disease,2021,52,32,0
Maharashtra,Nagpur,Acute Diarrhoeal Disease,2022,1,33,0
Maharashtra,Nagpur,Acute Diarrhoeal Disease,2022,2,33,0
Maharashtra,Nagpur,Acute Diarrhoeal Disease,2022,3,32,0
Maharashtra,Nagpur,Acute Diarrhoeal Disease,2022,4,24,0
Maharashtra,Nagpur,Acute Diarrhoeal Disease,2022,5,19,0
Maharashtra,Nagpur,Acute Diarrhoeal Disease,2022,6,16,0
Maharashtra,Nagpur,Acute Diarrhoeal Disease,2022,7,14,0
Maharashtra,Nagpur,Acute Diarrhoeal Disease,2022,8,20,0
Maharashtra,Nagpur,Acute Diarrhoeal Disease,2022,9,18,0
Maharashtra,Nagpur,Acute Diarrhoeal Disease,2022,10,9,0
Maharashtra,Nagpur,Acute Diarrhoeal Disease,2022,11,9,0
Maharashtra,Nagpur,Acute Diarrhoeal Disease,2022,12,7,0
Maharashtra,Nagpur,Acute Diarrhoeal Disease,2022,13,10,0
Maharashtra,Nagpur,Acute Diarrhoeal Disease,2022,14,7,0
Maharashtra,Nagpur,Acute Diarrhoeal Disease,2022,15,13,1
Maharashtra,Nagpur,Acute Diarrhoeal Disease,2022,16,13,0
Maharashtra,Nagpur,Acute Diarrhoeal Disease,2022,17,25,0
Maharashtra,Nagpur,Acute Diarrhoeal Disease,2022,18,18,0
Maharashtra,Nagpur,Acute Diarrhoeal Disease,2022,19,9,0
Maharashtra,Nagpur,Acute Diarrhoeal Disease,2022,20,17,0
Maharashtra,Nagpur,Acute Diarrhoeal Disease,2022,21,26,0
Maharashtra,Nagpur,Acute Diarrhoeal Disease,2022,22,29,0
Maharashtra,Nagpur,Acute Diarrhoeal Disease,2022,23,31,0
Maharashtra,Nagpur,Acute Diarrhoeal Disease,2022,24,41,0
Maharashtra,Nagpur,Acute Diarrhoeal Disease,2022,25,44,0
Maharashtra,Nagpur,Acute Diarrhoeal Disease,2022,26,47,0
Maharashtra,Nagpur,Acute Diarrhoeal Disease,2022,27,50,0
Maharashtra,Nagpur,Acute Diarrhoeal Disease,2022,28,50,0
Maharashtra,Nagpur,Acute Diarrhoeal Disease,2022,29,63,0
Maharashtra,Nagpur,Acute Diarrhoeal Disease,2022,30,70,0
Maharashtra,Nagpur,Acute Diarrhoeal Disease,2022,31,65,0
Maharashtra,Nagpur,Acute Diarrhoeal Disease,2022,32,71,0
Maharashtra,Nagpur,Acute Diarrhoeal Disease,2022,33,75,0
Maharashtra,Nagpur,Acute Diarrhoeal Disease,2022,34,73,0
Maharashtra,Nagpur,Acute Diarrhoeal Disease,2022,35,78,0
Maharashtra,Nagpur,Acute Diarrhoeal Disease,2022,36,80,0
Maharashtra,Nagpur,Acute Diarrhoeal Disease,2022,37,80,0
Maharashtra,Nagpur,Acute Diarrhoeal Disease,2022,38,83,0
Maharashtra,Nagpur,Acute Diarrhoeal Disease,2022,39,74,0
Maharashtra,Nagpur,Acute Diarrhoeal Disease,2022,40,84,0
Maharashtra,Nagpur,Acute Diarrhoeal Disease,2022,41,79,0
Maharashtra,Nagpur,Acute Diarrhoeal Disease,2022,42,70,0
Maharashtra,Nagpur,Acute Diarrhoeal Disease,2022,43,76,0
Maharashtra,Nagpur,Acute Diarrhoeal Disease,2022,44,61,0
Maharashtra,Nagpur,Acute Diarrhoeal Disease,2022,45,67,0
Maharashtra,Nagpur,Acute Diarrhoeal Disease,2022,46,61,0
Maharashtra,Nagpur,Acute Diarrhoeal Disease,2022,47,66,0
Maharashtra,Nagpur,Acute Diarrhoeal Disease,2022,48,61,0
Maharashtra,Nagpur,Acute Diarrhoeal Disease,2022,49,47,0
Maharashtra,Nagpur,Acute Diarrhoeal Disease,2022,50,53,0
Maharashtra,Nagpur,Acute Diarrhoeal Disease,2022,51,49,0
Maharashtra,Nagpur,Acute Diarrhoeal Disease,2022,52,40,0
Maharashtra,Nagpur,Acute Diarrhoeal Disease,2023,1,33,0
Maharashtra,Nagpur,Acute Diarrhoeal Disease,2023,2,37,0
Maharashtra,Nagpur,Acute Diarrhoeal Disease,2023,3,22,0
Maharashtra,Nagpur,Acute Diarrhoeal Disease,2023,4,21,0
Maharashtra,Nagpur,Acute Diarrhoeal Disease,2023,5,16,1
Maharashtra,Nagpur,Acute Diarrhoeal Disease,2023,6,24,0
Maharashtra,Nagpur,Acute Diarrhoeal Disease,2023,7,20,0
Maharashtra,Nagpur,Acute Diarrhoeal Disease,2023,8,9,0
Maharashtra,Nagpur,Acute Diarrhoeal Disease,2023,9,17,0
Maharashtra,Nagpur,Acute Diarrhoeal Disease,2023,10,10,0
Maharashtra,Nagpur,Acute Diarrhoeal Disease,2023,11,13,0
Maharashtra,Nagpur,Acute Diarrhoeal Disease,2023,12,22,0
Maharashtra,Nagpur,Acute Diarrhoeal Disease,2023,13,13,0
Maharashtra,Nagpur,Acute Diarrhoeal Disease,2023,14,8,0
Maharashtra,Nagpur,Acute Diarrhoeal Disease,2023,15,14,0
Maharashtra,Nagpur,Acute Diarrhoeal Disease,2023,16,12,0
Maharashtra,Nagpur,Acute Diarrhoeal Disease,2023,17,15,0
Maharashtra,Nagpur,Acute Diarrhoeal Disease,2023,18,19,0
Maharashtra,Nagpur,Acute Diarrhoeal Disease,2023,19,15,0
Maharashtra,Nagpur,Acute Diarrhoeal Disease,2023,20,24,0
Maharashtra,Nagpur,Acute Diarrhoeal Disease,2023,21,22,0
Maharashtra,Nagpur,Acute Diarrhoeal Disease,2023,22,22,0
Maharashtra,Nagpur,Acute Diarrhoeal Disease,2023,23,35,0
Maharashtra,Nagpur,Acute Diarrhoeal Disease,2023,24,36,0
Maharashtra,Nagpur,Acute Diarrhoeal Disease,2023,25,39,0
Maharashtra,Nagpur,Acute Diarrhoeal Disease,2023,26,50,0
Maharashtra,Nagpur,Acute Diarrhoeal Disease,2023,27,53,0
Maharashtra,Nagpur,Acute Diarrhoeal Disease,2023,28,63,0
Maharashtra,Nagpur,Acute Diarrhoeal Disease,2023,29,53,0
Maharashtra,Nagpur,Acute Diarrhoeal Disease,2023,30,58,0
Maharashtra,Nagpur,Acute Diarrhoeal Disease,2023,31,68,0
Maharashtra,Nagpur,Acute Diarrhoeal Disease,2023,32,75,0
Maharashtra,Nagpur,Acute Diarrhoeal Disease,2023,33,65,0
Maharashtra,Nagpur,Acute Diarrhoeal Disease,2023,34,81,0
Maharashtra,Nagpur,Acute Diarrhoeal Disease,2023,35,72,0
Maharashtra,Nagpur,Acute Diarrhoeal Disease,2023,36,69,0
Maharashtra,Nagpur,Acute Diarrhoeal Disease,2023,37,0,0
Maharashtra,Nagpur,Acute Diarrhoeal Disease,2023,38,71,0
Maharashtra,Nagpur,Acute Diarrhoeal Disease,2023,39,73,0
Maharashtra,Nagpur,Acute Diarrhoeal Disease,2023,40,79,0
Maharashtra,Nagpur,Acute Diarrhoeal Disease,2023,41,76,0
Maharashtra,Nagpur,Acute Diarrhoeal Disease,2023,42,82,0
Maharashtra,Nagpur,Acute Diarrhoeal Disease,2023,43,68,0
Maharashtra,Nagpur,Acute Diarrhoeal Disease,2023,44,71,1
Maharashtra,Nagpur,Acute Diarrhoeal Disease,2023,45,62,0
Maharashtra,Nagpur,Acute Diarrhoeal Disease,2023,46,62,0
Maharashtra,Nagpur,Acute Diarrhoeal Disease,2023,47,57,0
Maharashtra,Nagpur,Acute Diarrhoeal Disease,2023,48,54,0
Maharashtra,Nagpur,Acute Diarrhoeal Disease,2023,49,51,0
Maharashtra,Nagpur,Acute Diarrhoeal Disease,2023,50,50,0
Maharashtra,Nagpur,Acute Diarrhoeal Disease,2023,51,43,0
Maharashtra,Nagpur,Acute Diarrhoeal Disease,2023,52,44,0
Maharashtra,Nagpur,Acute Diarrhoeal Disease,2024,1,34,0
Maharashtra,Nagpur,Acute Diarrhoeal Disease,2024,2,32,0
Maharashtra,Nagpur,Acute Diarrhoeal Disease,2024,3,36,0
Maharashtra,Nagpur,Acute Diarrhoeal Disease,2024,4,25,0
Maharashtra,Nagpur,Acute Diarrhoeal Disease,2024,5,16,1
Maharashtra,Nagpur,Acute Diarrhoeal Disease,2024,6,13,0
Maharashtra,Nagpur,Acute Diarrhoeal Disease,2024,7,19,0
Maharashtra,Nagpur,Acute Diarrhoeal Disease,2024,8,3,0
Maharashtra,Nagpur,Acute Diarrhoeal Disease,2024,9,9,0
Maharashtra,Nagpur,Acute Diarrhoeal Disease,2024,10,11,0
Maharashtra,Nagpur,Acute Diarrhoeal Disease,2024,11,11,0
Maharashtra,Nagpur,Acute Diarrhoeal Disease,2024,12,8,0
Maharashtra,Nagpur,Acute Diarrhoeal Disease,2024,13,12,0
Maharashtra,Nagpur,Acute Diarrhoeal Disease,2024,14,8,0
Maharashtra,Nagpur,Acute Diarrhoeal Disease,2024,15,13,0
Maharashtra,Nagpur,Acute Diarrhoeal Disease,2024,16,15,0
Maharashtra,Nagpur,Acute Diarrhoeal Disease,2024,17,15,0
Maharashtra,Nagpur,Acute Diarrhoeal Disease,2024,18,27,0
Maharashtra,Nagpur,Acute Diarrhoeal Disease,2024,19,20,0
Maharashtra,Nagpur,Acute Diarrhoeal Disease,2024,20,14,0
Maharashtra,Nagpur,Acute Diarrhoeal Disease,2024,21,25,0
Maharashtra,Nagpur,Acute Diarrhoeal Disease,2024,22,27,0
Maharashtra,Nagpur,Acute Diarrhoeal Disease,2024,23,34,0
Maharashtra,Nagpur,Acute Diarrhoeal Disease,2024,24,46,0
Maharashtra,Nagpur,Acute Diarrhoeal Disease,2024,25,43,0
Maharashtra,Nagpur,Acute Diarrhoeal Disease,2024,26,49,0
Maharashtra,Nagpur,Acute Diarrhoeal Disease,2024,27,49,0
Maharashtra,Nagpur,Acute Diarrhoeal Disease,2024,28,0,0
Maharashtra,Nagpur,Acute Diarrhoeal Disease,2024,29,57,0
Maharashtra,Nagpur,Acute Diarrhoeal Disease,2024,30,68,0
Maharashtra,Nagpur,Acute Diarrhoeal Disease,2024,31,65,0
Maharashtra,Nagpur,Acute Diarrhoeal Disease,2024,32,66,0
Maharashtra,Nagpur,Acute Diarrhoeal Disease,2024,33,68,1
Maharashtra,Nagpur,Acute Diarrhoeal Disease,2024,34,73,0
Maharashtra,Nagpur,Acute Diarrhoeal Disease,2024,35,73,0
Maharashtra,Nagpur,Acute Diarrhoeal Disease,2024,36,85,0
Maharashtra,Nagpur,Acute Diarrhoeal Disease,2024,37,63,1
Maharashtra,Nagpur,Acute Diarrhoeal Disease,2024,38,86,0
Maharashtra,Nagpur,Acute Diarrhoeal Disease,2024,39,80,0
Maharashtra,Nagpur,Acute Diarrhoeal Disease,2024,40,90,0
Maharashtra,Nagpur,Acute Diarrhoeal Disease,2024,41,80,0
Maharashtra,Nagpur,Acute Diarrhoeal Disease,2024,42,91,0
Maharashtra,Nagpur,Acute Diarrhoeal Disease,2024,43,72,0
Maharashtra,Nagpur,Acute Diarrhoeal Disease,2024,44,65,0
Maharashtra,Nagpur,Acute Diarrhoeal Disease,2024,45,65,0
Maharashtra,Nagpur,Acute Diarrhoeal Disease,2024,46,68,0
Maharashtra,Nagpur,Acute Diarrhoeal Disease,2024,47,57,0
Maharashtra,Nagpur,Acute Diarrhoeal Disease,2024,48,62,0
Maharashtra,Nagpur,Acute Diarrhoeal Disease,2024,49,55,0
Maharashtra,Nagpur,Acute Diarrhoeal Disease,2024,50,43,0
Maharashtra,Nagpur,Acute Diarrhoeal Disease,2024,51,41,0
Maharashtra,Nagpur,Acute Diarrhoeal Disease,2024,52,44,0
West Bengal,Kolkata,Dengue,2017,1,27,0
West Bengal,Kolkata,Dengue,2017,2,17,0
West Bengal,Kolkata,Dengue,2017,3,20,0
West Bengal,Kolkata,Dengue,2017,4,10,0
West Bengal,Kolkata,Dengue,2017,5,2,0
West Bengal,Kolkata,Dengue,2017,6,2,0
West Bengal,Kolkata,Dengue,2017,7,0,0
West Bengal,Kolkata,Dengue,2017,8,0,0
West Bengal,Kolkata,Dengue,2017,9,2,0
West Bengal,Kolkata,Dengue,2017,10,0,0
West Bengal,Kolkata,Dengue,2017,11,3,0
West Bengal,Kolkata,Dengue,2017,12,0,0
West Bengal,Kolkata,Dengue,2017,13,6,0
West Bengal,Kolkata,Dengue,2017,14,0,0
West Bengal,Kolkata,Dengue,2017,15,10,1
West Bengal,Kolkata,Dengue,2017,16,0,0
West Bengal,Kolkata,Dengue,2017,17,9,0
West Bengal,Kolkata,Dengue,2017,18,9,0
West Bengal,Kolkata,Dengue,2017,19,21,0
West Bengal,Kolkata,Dengue,2017,20,35,0
West Bengal,Kolkata,Dengue,2017,21,37,0
West Bengal,Kolkata,Dengue,2017,22,37,0
West Bengal,Kolkata,Dengue,2017,23,42,0
West Bengal,Kolkata,Dengue,2017,24,42,0
West Bengal,Kolkata,Dengue,2017,25,54,0
West Bengal,Kolkata,Dengue,2017,26,58,0
West Bengal,Kolkata,Dengue,2017,27,64,0
West Bengal,Kolkata,Dengue,2017,28,70,0
West Bengal,Kolkata,Dengue,2017,29,75,0
West Bengal,Kolkata,Dengue,2017,30,77,0
West Bengal,Kolkata,Dengue,2017,31,76,0
West Bengal,Kolkata,Dengue,2017,32,83,0
West Bengal,Kolkata,Dengue,2017,33,74,0
West Bengal,Kolkata,Dengue,2017,34,78,0
West Bengal,Kolkata,Dengue,2017,35,80,0
West Bengal,Kolkata,Dengue,2017,36,87,0
West Bengal,Kolkata,Dengue,2017,37,79,0
West Bengal,Kolkata,Dengue,2017,38,84,0
West Bengal,Kolkata,Dengue,2017,39,75,0
West Bengal,Kolkata,Dengue,2017,40,83,0
West Bengal,Kolkata,Dengue,2017,41,76,2
West Bengal,Kolkata,Dengue,2017,42,81,0
West Bengal,Kolkata,Dengue,2017,43,72,0
West Bengal,Kolkata,Dengue,2017,44,69,0
West Bengal,Kolkata,Dengue,2017,45,65,0
West Bengal,Kolkata,Dengue,2017,46,52,0
West Bengal,Kolkata,Dengue,2017,47,64,0
West Bengal,Kolkata,Dengue,2017,48,48,0
West Bengal,Kolkata,Dengue,2017,49,43,0
West Bengal,Kolkata,Dengue,2017,50,28,0
West Bengal,Kolkata,Dengue,2017,51,39,0
West Bengal,Kolkata,Dengue,2017,52,21,0
West Bengal,Kolkata,Dengue,2018,1,24,0
West Bengal,Kolkata,Dengue,2018,2,25,0
West Bengal,Kolkata,Dengue,2018,3,8,0
West Bengal,Kolkata,Dengue,2018,4,8,0
West Bengal,Kolkata,Dengue,2018,5,3,0
West Bengal,Kolkata,Dengue,2018,6,3,0
West Bengal,Kolkata,Dengue,2018,7,2,0
West Bengal,Kolkata,Dengue,2018,8,8,0
West Bengal,Kolkata,Dengue,2018,9,3,0
West Bengal,Kolkata,Dengue,2018,10,1,0
West Bengal,Kolkata,Dengue,2018,11,3,0
West Bengal,Kolkata,Dengue,2018,12,2,0
West Bengal,Kolkata,Dengue,2018,13,3,0
West Bengal,Kolkata,Dengue,2018,14,0,0
West Bengal,Kolkata,Dengue,2018,15,9,0
West Bengal,Kolkata,Dengue,2018,16,16,0
West Bengal,Kolkata,Dengue,2018,17,15,0
West Bengal,Kolkata,Dengue,2018,18,16,0
West Bengal,Kolkata,Dengue,2018,19,0,0
West Bengal,Kolkata,Dengue,2018,20,23,0
West Bengal,Kolkata,Dengue,2018,21,34,0
West Bengal,Kolkata,Dengue,2018,22,42,0
West Bengal,Kolkata,Dengue,2018,23,42,0
West Bengal,Kolkata,Dengue,2018,24,51,1
West Bengal,Kolkata,Dengue,2018,25,57,1
West Bengal,Kolkata,Dengue,2018,26,54,0
West Bengal,Kolkata,Dengue,2018,27,66,0
West Bengal,Kolkata,Dengue,2018,28,68,0
West Bengal,Kolkata,Dengue,2018,29,66,0
West Bengal,Kolkata,Dengue,2018,30,72,0
West Bengal,Kolkata,Dengue,2018,31,73,0
West Bengal,Kolkata,Dengue,2018,32,84,0
West Bengal,Kolkata,Dengue,2018,33,82,0
West Bengal,Kolkata,Dengue,2018,34,85,0
West Bengal,Kolkata,Dengue,2018,35,90,0
West Bengal,Kolkata,Dengue,2018,36,94,0
West Bengal,Kolkata,Dengue,2018,37,82,0
West Bengal,Kolkata,Dengue,2018,38,94,0
West Bengal,Kolkata,Dengue,2018,39,78,0
West Bengal,Kolkata,Dengue,2018,40,83,0
West Bengal,Kolkata,Dengue,2018,41,69,1
West Bengal,Kolkata,Dengue,2018,42,77,0
West Bengal,Kolkata,Dengue,2018,43,0,0
West Bengal,Kolkata,Dengue,2018,44,64,0
West Bengal,Kolkata,Dengue,2018,45,60,0
West Bengal,Kolkata,Dengue,2018,46,61,0
West Bengal,Kolkata,Dengue,2018,47,53,0
West Bengal,Kolkata,Dengue,2018,48,50,0
West Bengal,Kolkata,Dengue,2018,49,39,0
West Bengal,Kolkata,Dengue,2018,50,42,0
West Bengal,Kolkata,Dengue,2018,51,27,0
West Bengal,Kolkata,Dengue,2018,52,20,0
West Bengal,Kolkata,Dengue,2019,1,20,0
West Bengal,Kolkata,Dengue,2019,2,19,0
West Bengal,Kolkata,Dengue,2019,3,16,0
West Bengal,Kolkata,Dengue,2019,4,12,0
West Bengal,Kolkata,Dengue,2019,5,9,0
West Bengal,Kolkata,Dengue,2019,6,7,0
West Bengal,Kolkata,Dengue,2019,7,0,0
West Bengal,Kolkata,Dengue,2019,8,0,0
West Bengal,Kolkata,Dengue,2019,9,0,0
West Bengal,Kolkata,Dengue,2019,10,0,0
West Bengal,Kolkata,Dengue,2019,11,4,0
West Bengal,Kolkata,Dengue,2019,12,0,0
West Bengal,Kolkata,Dengue,2019,13,0,0
West Bengal,Kolkata,Dengue,2019,14,11,0
West Bengal,Kolkata,Dengue,2019,15,11,0
West Bengal,Kolkata,Dengue,2019,16,14,0
West Bengal,Kolkata,Dengue,2019,17,0,0
West Bengal,Kolkata,Dengue,2019,18,15,0
West Bengal,Kolkata,Dengue,2019,19,25,0
West Bengal,Kolkata,Dengue,2019,20,18,0
West Bengal,Kolkata,Dengue,2019,21,19,0
West Bengal,Kolkata,Dengue,2019,22,31,0
West Bengal,Kolkata,Dengue,2019,23,51,2
West Bengal,Kolkata,Dengue,2019,24,53,0
West Bengal,Kolkata,Dengue,2019,25,48,0
West Bengal,Kolkata,Dengue,2019,26,58,0
West Bengal,Kolkata,Dengue,2019,27,68,0
West Bengal,Kolkata,Dengue,2019,28,69,0
West Bengal,Kolkata,Dengue,2019,29,68,0
West Bengal,Kolkata,Dengue,2019,30,73,0
West Bengal,Kolkata,Dengue,2019,31,77,0
West Bengal,Kolkata,Dengue,2019,32,84,0
West Bengal,Kolkata,Dengue,2019,33,74,0
West Bengal,Kolkata,Dengue,2019,34,84,0
West Bengal,Kolkata,Dengue,2019,35,85,0
West Bengal,Kolkata,Dengue,2019,36,81,0
West Bengal,Kolkata,Dengue,2019,37,75,0
West Bengal,Kolkata,Dengue,2019,38,76,0
West Bengal,Kolkata,Dengue,2019,39,79,0
West Bengal,Kolkata,Dengue,2019,40,82,0
West Bengal,Kolkata,Dengue,2019,41,79,0
West Bengal,Kolkata,Dengue,2019,42,72,0
West Bengal,Kolkata,Dengue,2019,43,72,0
West Bengal,Kolkata,Dengue,2019,44,61,0
West Bengal,Kolkata,Dengue,2019,45,56,0
West Bengal,Kolkata,Dengue,2019,46,58,0
West Bengal,Kolkata,Dengue,2019,47,57,0
West Bengal,Kolkata,Dengue,2019,48,56,0
West Bengal,Kolkata,Dengue,2019,49,35,0
West Bengal,Kolkata,Dengue,2019,50,37,1
West Bengal,Kolkata,Dengue,2019,51,33,0
West Bengal,Kolkata,Dengue,2019,52,22,0
West Bengal,Kolkata,Dengue,2020,1,24,0
West Bengal,Kolkata,Dengue,2020,2,13,0
West Bengal,Kolkata,Dengue,2020,3,5,2
West Bengal,Kolkata,Dengue,2020,4,14,0
West Bengal,Kolkata,Dengue,2020,5,3,0
West Bengal,Kolkata,Dengue,2020,6,8,0
West Bengal,Kolkata,Dengue,2020,7,5,0
West Bengal,Kolkata,Dengue,2020,8,4,0
West Bengal,Kolkata,Dengue,2020,9,0,0
West Bengal,Kolkata,Dengue,2020,10,0,0
West Bengal,Kolkata,Dengue,2020,11,0,0
West Bengal,Kolkata,Dengue,2020,12,2,0
West Bengal,Kolkata,Dengue,2020,13,3,0
West Bengal,Kolkata,Dengue,2020,14,1,0
West Bengal,Kolkata,Dengue,2020,15,4,0
West Bengal,Kolkata,Dengue,2020,16,17,0
West Bengal,Kolkata,Dengue,2020,17,8,0
West Bengal,Kolkata,Dengue,2020,18,27,0
West Bengal,Kolkata,Dengue,2020,19,17,0
West Bengal,Kolkata,Dengue,2020,20,0,0
West Bengal,Kolkata,Dengue,2020,21,44,0
West Bengal,Kolkata,Dengue,2020,22,45,0
West Bengal,Kolkata,Dengue,2020,23,39,0
West Bengal,Kolkata,Dengue,2020,24,46,0
West Bengal,Kolkata,Dengue,2020,25,54,0
West Bengal,Kolkata,Dengue,2020,26,55,0
West Bengal,Kolkata,Dengue,2020,27,53,0
West Bengal,Kolkata,Dengue,2020,28,67,0
West Bengal,Kolkata,Dengue,2020,29,73,0
West Bengal,Kolkata,Dengue,2020,30,72,0
West Bengal,Kolkata,Dengue,2020,31,79,0
West Bengal,Kolkata,Dengue,2020,32,81,1
West Bengal,Kolkata,Dengue,2020,33,78,0
West Bengal,Kolkata,Dengue,2020,34,77,0
West Bengal,Kolkata,Dengue,2020,35,77,0
West Bengal,Kolkata,Dengue,2020,36,87,0
West Bengal,Kolkata,Dengue,2020,37,82,0
West Bengal,Kolkata,Dengue,2020,38,83,0
West Bengal,Kolkata,Dengue,2020,39,82,0
West Bengal,Kolkata,Dengue,2020,40,76,0
West Bengal,Kolkata,Dengue,2020,41,70,0
West Bengal,Kolkata,Dengue,2020,42,66,0
West Bengal,Kolkata,Dengue,2020,43,67,0
West Bengal,Kolkata,Dengue,2020,44,65,0
West Bengal,Kolkata,Dengue,2020,45,64,0
West Bengal,Kolkata,Dengue,2020,46,54,0
West Bengal,Kolkata,Dengue,2020,47,49,0
West Bengal,Kolkata,Dengue,2020,48,43,0
West Bengal,Kolkata,Dengue,2020,49,44,0
West Bengal,Kolkata,Dengue,2020,50,36,0
West Bengal,Kolkata,Dengue,2020,51,29,0
West Bengal,Kolkata,Dengue,2020,52,36,0
West Bengal,Kolkata,Dengue,2021,1,26,0
West Bengal,Kolkata,Dengue,2021,2,13,0
West Bengal,Kolkata,Dengue,2021,3,0,0
West Bengal,Kolkata,Dengue,2021,4,7,0
West Bengal,Kolkata,Dengue,2021,5,13,0
West Bengal,Kolkata,Dengue,2021,6,12,0
West Bengal,Kolkata,Dengue,2021,7,8,0
West Bengal,Kolkata,Dengue,2021,8,0,0
West Bengal,Kolkata,Dengue,2021,9,0,0
West Bengal,Kolkata,Dengue,2021,10,0,0
West Bengal,Kolkata,Dengue,2021,11,2,0
West Bengal,Kolkata,Dengue,2021,12,0,0
West Bengal,Kolkata,Dengue,2021,13,13,0
West Bengal,Kolkata,Dengue,2021,14,2,0
West Bengal,Kolkata,Dengue,2021,15,7,0
West Bengal,Kolkata,Dengue,2021,16,16,0
West Bengal,Kolkata,Dengue,2021,17,18,0
West Bengal,Kolkata,Dengue,2021,18,20,0
West Bengal,Kolkata,Dengue,2021,19,26,0
West Bengal,Kolkata,Dengue,2021,20,25,0
West Bengal,Kolkata,Dengue,2021,21,32,0
West Bengal,Kolkata,Dengue,2021,22,35,0
West Bengal,Kolkata,Dengue,2021,23,41,0
West Bengal,Kolkata,Dengue,2021,24,34,0
West Bengal,Kolkata,Dengue,2021,25,54,0
West Bengal,Kolkata,Dengue,2021,26,57,0
West Bengal,Kolkata,Dengue,2021,27,59,0
West Bengal,Kolkata,Dengue,2021,28,62,0
West Bengal,Kolkata,Dengue,2021,29,80,0
West Bengal,Kolkata,Dengue,2021,30,71,0
West Bengal,Kolkata,Dengue,2021,31,78,0
West Bengal,Kolkata,Dengue,2021,32,77,0
West Bengal,Kolkata,Dengue,2021,33,83,0
West Bengal,Kolkata,Dengue,2021,34,74,0
West Bengal,Kolkata,Dengue,2021,35,79,0
West Bengal,Kolkata,Dengue,2021,36,81,1
West Bengal,Kolkata,Dengue,2021,37,77,0
West Bengal,Kolkata,Dengue,2021,38,86,0
West Bengal,Kolkata,Dengue,2021,39,81,0
West Bengal,Kolkata,Dengue,2021,40,85,0
West Bengal,Kolkata,Dengue,2021,41,83,0
West Bengal,Kolkata,Dengue,2021,42,78,0
West Bengal,Kolkata,Dengue,2021,43,76,0
West Bengal,Kolkata,Dengue,2021,44,71,0
West Bengal,Kolkata,Dengue,2021,45,50,0
West Bengal,Kolkata,Dengue,2021,46,55,0
West Bengal,Kolkata,Dengue,2021,47,58,0
West Bengal,Kolkata,Dengue,2021,48,45,0
West Bengal,Kolkata,Dengue,2021,49,46,0
West Bengal,Kolkata,Dengue,2021,50,33,0
West Bengal,Kolkata,Dengue,2021,51,35,0
West Bengal,Kolkata,Dengue,2021,52,21,0
West Bengal,Kolkata,Dengue,2022,1,23,0
West Bengal,Kolkata,Dengue,2022,2,10,0
West Bengal,Kolkata,Dengue,2022,3,23,0
West Bengal,Kolkata,Dengue,2022,4,17,0
West Bengal,Kolkata,Dengue,2022,5,9,0
West Bengal,Kolkata,Dengue,2022,6,0,0
West Bengal,Kolkata,Dengue,2022,7,0,0
West Bengal,Kolkata,Dengue,2022,8,5,0
West Bengal,Kolkata,Dengue,2022,9,0,0
West Bengal,Kolkata,Dengue,2022,10,0,0
West Bengal,Kolkata,Dengue,2022,11,3,0
West Bengal,Kolkata,Dengue,2022,12,0,0
West Bengal,Kolkata,Dengue,2022,13,3,0
West Bengal,Kolkata,Dengue,2022,14,2,0
West Bengal,Kolkata,Dengue,2022,15,9,0
West Bengal,Kolkata,Dengue,2022,16,15,0
West Bengal,Kolkata,Dengue,2022,17,20,0
West Bengal,Kolkata,Dengue,2022,18,12,0
West Bengal,Kolkata,Dengue,2022,19,29,0
West Bengal,Kolkata,Dengue,2022,20,22,0
West Bengal,Kolkata,Dengue,2022,21,30,0
West Bengal,Kolkata,Dengue,2022,22,33,0
West Bengal,Kolkata,Dengue,2022,23,41,0
West Bengal,Kolkata,Dengue,2022,24,55,0
West Bengal,Kolkata,Dengue,2022,25,60,0
West Bengal,Kolkata,Dengue,2022,26,54,0
West Bengal,Kolkata,Dengue,2022,27,66,0
West Bengal,Kolkata,Dengue,2022,28,65,0
West Bengal,Kolkata,Dengue,2022,29,60,0
West Bengal,Kolkata,Dengue,2022,30,73,0
West Bengal,Kolkata,Dengue,2022,31,76,0
West Bengal,Kolkata,Dengue,2022,32,79,0
West Bengal,Kolkata,Dengue,2022,33,75,0
West Bengal,Kolkata,Dengue,2022,34,86,0
West Bengal,Kolkata,Dengue,2022,35,76,0
West Bengal,Kolkata,Dengue,2022,36,76,1
West Bengal,Kolkata,Dengue,2022,37,84,0
West Bengal,Kolkata,Dengue,2022,38,79,0
West Bengal,Kolkata,Dengue,2022,39,73,0
West Bengal,Kolkata,Dengue,2022,40,89,0
West Bengal,Kolkata,Dengue,2022,41,73,0
West Bengal,Kolkata,Dengue,2022,42,72,0
West Bengal,Kolkata,Dengue,2022,43,66,0
West Bengal,Kolkata,Dengue,2022,44,74,0
West Bengal,Kolkata,Dengue,2022,45,47,0
West Bengal,Kolkata,Dengue,2022,46,52,0
West Bengal,Kolkata,Dengue,2022,47,46,0
West Bengal,Kolkata,Dengue,2022,48,47,0
West Bengal,Kolkata,Dengue,2022,49,46,0
West Bengal,Kolkata,Dengue,2022,50,38,0
West Bengal,Kolkata,Dengue,2022,51,30,0
West Bengal,Kolkata,Dengue,2022,52,20,0
West Bengal,Kolkata,Dengue,2023,1,19,0
West Bengal,Kolkata,Dengue,2023,2,6,0
West Bengal,Kolkata,Dengue,2023,3,12,0
West Bengal,Kolkata,Dengue,2023,4,6,0
West Bengal,Kolkata,Dengue,2023,5,0,0
West Bengal,Kolkata,Dengue,2023,6,2,0
West Bengal,Kolkata,Dengue,2023,7,1,0
West Bengal,Kolkata,Dengue,2023,8,3,0
West Bengal,Kolkata,Dengue,2023,9,0,0
West Bengal,Kolkata,Dengue,2023,10,0,0
West Bengal,Kolkata,Dengue,2023,11,0,0
West Bengal,Kolkata,Dengue,2023,12,0,0
West Bengal,Kolkata,Dengue,2023,13,7,0
West Bengal,Kolkata,Dengue,2023,14,3,0
West Bengal,Kolkata,Dengue,2023,15,11,0
West Bengal,Kolkata,Dengue,2023,16,13,0
West Bengal,Kolkata,Dengue,2023,17,11,0
West Bengal,Kolkata,Dengue,2023,18,20,0
West Bengal,Kolkata,Dengue,2023,19,21,1
West Bengal,Kolkata,Dengue,2023,20,26,0
West Bengal,Kolkata,Dengue,2023,21,38,0
West Bengal,Kolkata,Dengue,2023,22,48,0
West Bengal,Kolkata,Dengue,2023,23,47,0
West Bengal,Kolkata,Dengue,2023,24,43,0
West Bengal,Kolkata,Dengue,2023,25,53,0
West Bengal,Kolkata,Dengue,2023,26,60,0
West Bengal,Kolkata,Dengue,2023,27,52,0
West Bengal,Kolkata,Dengue,2023,28,61,0
West Bengal,Kolkata,Dengue,2023,29,70,0
West Bengal,Kolkata,Dengue,2023,30,72,0
West Bengal,Kolkata,Dengue,2023,31,78,0
West Bengal,Kolkata,Dengue,2023,32,75,0
West Bengal,Kolkata,Dengue,2023,33,86,2
West Bengal,Kolkata,Dengue,2023,34,79,0
West Bengal,Kolkata,Dengue,2023,35,89,0
West Bengal,Kolkata,Dengue,2023,36,81,0
West Bengal,Kolkata,Dengue,2023,37,81,0
West Bengal,Kolkata,Dengue,2023,38,86,0
West Bengal,Kolkata,Dengue,2023,39,74,0
West Bengal,Kolkata,Dengue,2023,40,87,0
West Bengal,Kolkata,Dengue,2023,41,77,0
West Bengal,Kolkata,Dengue,2023,42,71,0
West Bengal,Kolkata,Dengue,2023,43,64,0
West Bengal,Kolkata,Dengue,2023,44,63,0
West Bengal,Kolkata,Dengue,2023,45,58,0
West Bengal,Kolkata,Dengue,2023,46,57,0
West Bengal,Kolkata,Dengue,2023,47,54,0
West Bengal,Kolkata,Dengue,2023,48,47,2
West Bengal,Kolkata,Dengue,2023,49,43,0
West Bengal,Kolkata,Dengue,2023,50,28,0
West Bengal,Kolkata,Dengue,2023,51,29,0
West Bengal,Kolkata,Dengue,2023,52,33,0
West Bengal,Kolkata,Dengue,2024,1,20,0
West Bengal,Kolkata,Dengue,2024,2,17,0
West Bengal,Kolkata,Dengue,2024,3,18,0
West Bengal,Kolkata,Dengue,2024,4,1,0
West Bengal,Kolkata,Dengue,2024,5,3,0
West Bengal,Kolkata,Dengue,2024,6,0,0
West Bengal,Kolkata,Dengue,2024,7,5,0
West Bengal,Kolkata,Dengue,2024,8,0,0
West Bengal,Kolkata,Dengue,2024,9,2,0
West Bengal,Kolkata,Dengue,2024,10,7,0
West Bengal,Kolkata,Dengue,2024,11,7,0
West Bengal,Kolkata,Dengue,2024,12,0,0
West Bengal,Kolkata,Dengue,2024,13,5,0
West Bengal,Kolkata,Dengue,2024,14,5,0
West Bengal,Kolkata,Dengue,2024,15,0,0
West Bengal,Kolkata,Dengue,2024,16,6,0
West Bengal,Kolkata,Dengue,2024,17,13,0
West Bengal,Kolkata,Dengue,2024,18,25,0
West Bengal,Kolkata,Dengue,2024,19,24,0
West Bengal,Kolkata,Dengue,2024,20,21,0
West Bengal,Kolkata,Dengue,2024,21,24,0
West Bengal,Kolkata,Dengue,2024,22,39,0
West Bengal,Kolkata,Dengue,2024,23,38,0
West Bengal,Kolkata,Dengue,2024,24,47,0
West Bengal,Kolkata,Dengue,2024,25,56,0
West Bengal,Kolkata,Dengue,2024,26,54,0
West Bengal,Kolkata,Dengue,2024,27,68,0
West Bengal,Kolkata,Dengue,2024,28,72,0
West Bengal,Kolkata,Dengue,2024,29,81,0
West Bengal,Kolkata,Dengue,2024,30,85,0
West Bengal,Kolkata,Dengue,2024,31,79,0
West Bengal,Kolkata,Dengue,2024,32,87,0
West Bengal,Kolkata,Dengue,2024,33,85,0
West Bengal,Kolkata,Dengue,2024,34,88,0
West Bengal,Kolkata,Dengue,2024,35,84,0
West Bengal,Kolkata,Dengue,2024,36,88,0
West Bengal,Kolkata,Dengue,2024,37,87,0
West Bengal,Kolkata,Dengue,2024,38,80,0
West Bengal,Kolkata,Dengue,2024,39,80,0
West Bengal,Kolkata,Dengue,2024,40,80,0
West Bengal,Kolkata,Dengue,2024,41,77,0
West Bengal,Kolkata,Dengue,2024,42,72,0
West Bengal,Kolkata,Dengue,2024,43,71,0
West Bengal,Kolkata,Dengue,2024,44,65,0
West Bengal,Kolkata,Dengue,2024,45,67,0
West Bengal,Kolkata,Dengue,2024,46,67,0
West Bengal,Kolkata,Dengue,2024,47,47,0
West Bengal,Kolkata,Dengue,2024,48,51,0
West Bengal,Kolkata,Dengue,2024,49,37,0
West Bengal,Kolkata,Dengue,2024,50,32,0
West Bengal,Kolkata,Dengue,2024,51,29,0
West Bengal,Kolkata,Dengue,2024,52,23,0
West Bengal,Kolkata,Malaria,2017,1,10,0
West Bengal,Kolkata,Malaria,2017,2,9,0
West Bengal,Kolkata,Malaria,2017,3,8,0
West Bengal,Kolkata,Malaria,2017,4,9,1
West Bengal,Kolkata,Malaria,2017,5,15,0
West Bengal,Kolkata,Malaria,2017,6,9,0
West Bengal,Kolkata,Malaria,2017,7,5,0
West Bengal,Kolkata,Malaria,2017,8,11,0
West Bengal,Kolkata,Malaria,2017,9,6,0
West Bengal,Kolkata,Malaria,2017,10,17,0
West Bengal,Kolkata,Malaria,2017,11,10,0
West Bengal,Kolkata,Malaria,2017,12,15,0
West Bengal,Kolkata,Malaria,2017,13,15,0
West Bengal,Kolkata,Malaria,2017,14,18,0
West Bengal,Kolkata,Malaria,2017,15,20,0
West Bengal,Kolkata,Malaria,2017,16,17,0
West Bengal,Kolkata,Malaria,2017,17,21,0
West Bengal,Kolkata,Malaria,2017,18,23,0
West Bengal,Kolkata,Malaria,2017,19,23,0
West Bengal,Kolkata,Malaria,2017,20,25,0
West Bengal,Kolkata,Malaria,2017,21,26,0
West Bengal,Kolkata,Malaria,2017,22,29,0
West Bengal,Kolkata,Malaria,2017,23,30,0
West Bengal,Kolkata,Malaria,2017,24,37,0
West Bengal,Kolkata,Malaria,2017,25,35,0
West Bengal,Kolkata,Malaria,2017,26,38,0
West Bengal,Kolkata,Malaria,2017,27,33,0
West Bengal,Kolkata,Malaria,2017,28,43,0
West Bengal,Kolkata,Malaria,2017,29,0,0
West Bengal,Kolkata,Malaria,2017,30,37,0
West Bengal,Kolkata,Malaria,2017,31,36,0
West Bengal,Kolkata,Malaria,2017,32,45,0
West Bengal,Kolkata,Malaria,2017,33,34,0
West Bengal,Kolkata,Malaria,2017,34,43,0
West Bengal,Kolkata,Malaria,2017,35,37,0
West Bengal,Kolkata,Malaria,2017,36,38,0
West Bengal,Kolkata,Malaria,2017,37,32,0
West Bengal,Kolkata,Malaria,2017,38,34,1
West Bengal,Kolkata,Malaria,2017,39,31,0
West Bengal,Kolkata,Malaria,2017,40,26,0
West Bengal,Kolkata,Malaria,2017,41,31,0
West Bengal,Kolkata,Malaria,2017,42,28,0
West Bengal,Kolkata,Malaria,2017,43,25,0
West Bengal,Kolkata,Malaria,2017,44,21,0
West Bengal,Kolkata,Malaria,2017,45,31,0
West Bengal,Kolkata,Malaria,2017,46,21,0
West Bengal,Kolkata,Malaria,2017,47,22,0
West Bengal,Kolkata,Malaria,2017,48,19,2
West Bengal,Kolkata,Malaria,2017,49,18,0
West Bengal,Kolkata,Malaria,2017,50,11,0
West Bengal,Kolkata,Malaria,2017,51,18,0
West Bengal,Kolkata,Malaria,2017,52,15,0
West Bengal,Kolkata,Malaria,2018,1,15,0
West Bengal,Kolkata,Malaria,2018,2,16,0
West Bengal,Kolkata,Malaria,2018,3,4,0
West Bengal,Kolkata,Malaria,2018,4,10,0
West Bengal,Kolkata,Malaria,2018,5,9,0
West Bengal,Kolkata,Malaria,2018,6,10,0
West Bengal,Kolkata,Malaria,2018,7,8,0
West Bengal,Kolkata,Malaria,2018,8,9,0
West Bengal,Kolkata,Malaria,2018,9,6,0
West Bengal,Kolkata,Malaria,2018,10,15,0
West Bengal,Kolkata,Malaria,2018,11,9,0
West Bengal,Kolkata,Malaria,2018,12,18,0
West Bengal,Kolkata,Malaria,2018,13,19,0
West Bengal,Kolkata,Malaria,2018,14,14,0
West Bengal,Kolkata,Malaria,2018,15,18,0
West Bengal,Kolkata,Malaria,2018,16,18,0
West Bengal,Kolkata,Malaria,2018,17,22,0
West Bengal,Kolkata,Malaria,2018,18,17,0
West Bengal,Kolkata,Malaria,2018,19,26,0
West Bengal,Kolkata,Malaria,2018,20,0,0
West Bengal,Kolkata,Malaria,2018,21,30,0
West Bengal,Kolkata,Malaria,2018,22,26,0
West Bengal,Kolkata,Malaria,2018,23,34,0
West Bengal,Kolkata,Malaria,2018,24,29,0
West Bengal,Kolkata,Malaria,2018,25,34,0
West Bengal,Kolkata,Malaria,2018,26,0,0
West Bengal,Kolkata,Malaria,2018,27,36,0
West Bengal,Kolkata,Malaria,2018,28,38,0
West Bengal,Kolkata,Malaria,2018,29,41,0
West Bengal,Kolkata,Malaria,2018,30,47,0
West Bengal,Kolkata,Malaria,2018,31,39,0
West Bengal,Kolkata,Malaria,2018,32,38,0
West Bengal,Kolkata,Malaria,2018,33,41,0
West Bengal,Kolkata,Malaria,2018,34,41,0
West Bengal,Kolkata,Malaria,2018,35,39,0
West Bengal,Kolkata,Malaria,2018,36,39,0
West Bengal,Kolkata,Malaria,2018,37,33,0
West Bengal,Kolkata,Malaria,2018,38,33,0
West Bengal,Kolkata,Malaria,2018,39,30,0
West Bengal,Kolkata,Malaria,2018,40,32,0
West Bengal,Kolkata,Malaria,2018,41,33,0
West Bengal,Kolkata,Malaria,2018,42,30,0
West Bengal,Kolkata,Malaria,2018,43,0,0
West Bengal,Kolkata,Malaria,2018,44,21,0
West Bengal,Kolkata,Malaria,2018,45,26,0
West Bengal,Kolkata,Malaria,2018,46,21,0
West Bengal,Kolkata,Malaria,2018,47,22,0
West Bengal,Kolkata,Malaria,2018,48,16,0
West Bengal,Kolkata,Malaria,2018,49,13,0
West Bengal,Kolkata,Malaria,2018,50,26,0
West Bengal,Kolkata,Malaria,2018,51,11,0
West Bengal,Kolkata,Malaria,2018,52,14,0
West Bengal,Kolkata,Malaria,2019,1,15,0
West Bengal,Kolkata,Malaria,2019,2,9,0
West Bengal,Kolkata,Malaria,2019,3,12,0
West Bengal,Kolkata,Malaria,2019,4,12,0
West Bengal,Kolkata,Malaria,2019,5,11,0
West Bengal,Kolkata,Malaria,2019,6,5,0
West Bengal,Kolkata,Malaria,2019,7,8,0
West Bengal,Kolkata,Malaria,2019,8,11,0
West Bengal,Kolkata,Malaria,2019,9,14,0
West Bengal,Kolkata,Malaria,2019,10,10,0
West Bengal,Kolkata,Malaria,2019,11,14,0
West Bengal,Kolkata,Malaria,2019,12,12,0
West Bengal,Kolkata,Malaria,2019,13,13,0
West Bengal,Kolkata,Malaria,2019,14,19,0
West Bengal,Kolkata,Malaria,2019,15,17,0
West Bengal,Kolkata,Malaria,2019,16,19,0
West Bengal,Kolkata,Malaria,2019,17,19,0
West Bengal,Kolkata,Malaria,2019,18,23,0
West Bengal,Kolkata,Malaria,2019,19,26,0
West Bengal,Kolkata,Malaria,2019,20,24,0
West Bengal,Kolkata,Malaria,2019,21,28,0
West Bengal,Kolkata,Malaria,2019,22,32,0
West Bengal,Kolkata,Malaria,2019,23,36,0
West Bengal,Kolkata,Malaria,2019,24,31,0
West Bengal,Kolkata,Malaria,2019,25,36,1
West Bengal,Kolkata,Malaria,2019,26,37,0
West Bengal,Kolkata,Malaria,2019,27,37,0
West Bengal,Kolkata,Malaria,2019,28,0,0
West Bengal,Kolkata,Malaria,2019,29,42,0
West Bengal,Kolkata,Malaria,2019,30,41,0
West Bengal,Kolkata,Malaria,2019,31,44,0
West Bengal,Kolkata,Malaria,2019,32,34,0
West Bengal,Kolkata,Malaria,2019,33,38,0
West Bengal,Kolkata,Malaria,2019,34,40,0
West Bengal,Kolkata,Malaria,2019,35,35,0
West Bengal,Kolkata,Malaria,2019,36,42,0
West Bengal,Kolkata,Malaria,2019,37,40,0
West Bengal,Kolkata,Malaria,2019,38,35,0
West Bengal,Kolkata,Malaria,2019,39,33,0
West Bengal,Kolkata,Malaria,2019,40,31,0
West Bengal,Kolkata,Malaria,2019,41,30,0
West Bengal,Kolkata,Malaria,2019,42,0,0
West Bengal,Kolkata,Malaria,2019,43,28,0
West Bengal,Kolkata,Malaria,2019,44,26,0
West Bengal,Kolkata,Malaria,2019,45,25,0
West Bengal,Kolkata,Malaria,2019,46,21,0
West Bengal,Kolkata,Malaria,2019,47,22,0
West Bengal,Kolkata,Malaria,2019,48,20,0
West Bengal,Kolkata,Malaria,2019,49,22,0
West Bengal,Kolkata,Malaria,2019,50,21,0
West Bengal,Kolkata,Malaria,2019,51,12,0
West Bengal,Kolkata,Malaria,2019,52,17,0
West Bengal,Kolkata,Malaria,2020,1,9,0
West Bengal,Kolkata,Malaria,2020,2,16,0
West Bengal,Kolkata,Malaria,2020,3,11,0
West Bengal,Kolkata,Malaria,2020,4,9,0
West Bengal,Kolkata,Malaria,2020,5,11,0
West Bengal,Kolkata,Malaria,2020,6,12,1
West Bengal,Kolkata,Malaria,2020,7,8,0
West Bengal,Kolkata,Malaria,2020,8,12,0
West Bengal,Kolkata,Malaria,2020,9,8,0
West Bengal,Kolkata,Malaria,2020,10,9,0
West Bengal,Kolkata,Malaria,2020,11,17,0
West Bengal,Kolkata,Malaria,2020,12,17,0
West Bengal,Kolkata,Malaria,2020,13,20,0
West Bengal,Kolkata,Malaria,2020,14,17,0
West Bengal,Kolkata,Malaria,2020,15,21,0
West Bengal,Kolkata,Malaria,2020,16,24,0
West Bengal,Kolkata,Malaria,2020,17,25,0
West Bengal,Kolkata,Malaria,2020,18,23,0
West Bengal,Kolkata,Malaria,2020,19,28,0
West Bengal,Kolkata,Malaria,2020,20,0,0
West Bengal,Kolkata,Malaria,2020,21,25,0
West Bengal,Kolkata,Malaria,2020,22,28,0
West Bengal,Kolkata,Malaria,2020,23,35,0
West Bengal,Kolkata,Malaria,2020,24,30,0
West Bengal,Kolkata,Malaria,2020,25,35,0
West Bengal,Kolkata,Malaria,2020,26,39,0
West Bengal,Kolkata,Malaria,2020,27,36,0
West Bengal,Kolkata,Malaria,2020,28,38,0
West Bengal,Kolkata,Malaria,2020,29,38,0
West Bengal,Kolkata,Malaria,2020,30,39,0
West Bengal,Kolkata,Malaria,2020,31,34,0
West Bengal,Kolkata,Malaria,2020,32,37,0
West Bengal,Kolkata,Malaria,2020,33,38,0
West Bengal,Kolkata,Malaria,2020,34,39,0
West Bengal,Kolkata,Malaria,2020,35,35,0
West Bengal,Kolkata,Malaria,2020,36,37,0
West Bengal,Kolkata,Malaria,2020,37,35,0
West Bengal,Kolkata,Malaria,2020,38,30,0
West Bengal,Kolkata,Malaria,2020,39,30,0
West Bengal,Kolkata,Malaria,2020,40,33,0
West Bengal,Kolkata,Malaria,2020,41,31,0
West Bengal,Kolkata,Malaria,2020,42,0,0
West Bengal,Kolkata,Malaria,2020,43,31,1
West Bengal,Kolkata,Malaria,2020,44,26,0
West Bengal,Kolkata,Malaria,2020,45,19,0
West Bengal,Kolkata,Malaria,2020,46,16,0
West Bengal,Kolkata,Malaria,2020,47,20,0
West Bengal,Kolkata,Malaria,2020,48,20,0
West Bengal,Kolkata,Malaria,2020,49,24,0
West Bengal,Kolkata,Malaria,2020,50,15,0
West Bengal,Kolkata,Malaria,2020,51,19,0
West Bengal,Kolkata,Malaria,2020,52,8,0
West Bengal,Kolkata,Malaria,2021,1,15,0
West Bengal,Kolkata,Malaria,2021,2,8,0
West Bengal,Kolkata,Malaria,2021,3,10,0
West Bengal,Kolkata,Malaria,2021,4,8,0
West Bengal,Kolkata,Malaria,2021,5,0,0
West Bengal,Kolkata,Malaria,2021,6,10,0
West Bengal,Kolkata,Malaria,2021,7,13,0
West Bengal,Kolkata,Malaria,2021,8,6,0
West Bengal,Kolkata,Malaria,2021,9,12,0
West Bengal,Kolkata,Malaria,2021,10,11,0
West Bengal,Kolkata,Malaria,2021,11,7,0
West Bengal,Kolkata,Malaria,2021,12,11,0
West Bengal,Kolkata,Malaria,2021,13,14,0
West Bengal,Kolkata,Malaria,2021,14,13,0
West Bengal,Kolkata,Malaria,2021,15,13,0
West Bengal,Kolkata,Malaria,2021,16,23,0
West Bengal,Kolkata,Malaria,2021,17,17,1
West Bengal,Kolkata,Malaria,2021,18,24,0
West Bengal,Kolkata,Malaria,2021,19,21,0
West Bengal,Kolkata,Malaria,2021,20,20,0
West Bengal,Kolkata,Malaria,2021,21,27,0
West Bengal,Kolkata,Malaria,2021,22,31,0
West Bengal,Kolkata,Malaria,2021,23,28,0
West Bengal,Kolkata,Malaria,2021,24,27,0
West Bengal,Kolkata,Malaria,2021,25,31,0
West Bengal,Kolkata,Malaria,2021,26,38,1
West Bengal,Kolkata,Malaria,2021,27,38,0
West Bengal,Kolkata,Malaria,2021,28,32,2
West Bengal,Kolkata,Malaria,2021,29,34,0
West Bengal,Kolkata,Malaria,2021,30,37,0
West Bengal,Kolkata,Malaria,2021,31,38,0
West Bengal,Kolkata,Malaria,2021,32,34,0
West Bengal,Kolkata,Malaria,2021,33,34,0
West Bengal,Kolkata,Malaria,2021,34,43,0
West Bengal,Kolkata,Malaria,2021,35,34,0
West Bengal,Kolkata,Malaria,2021,36,40,0
West Bengal,Kolkata,Malaria,2021,37,0,0
West Bengal,Kolkata,Malaria,2021,38,34,0
West Bengal,Kolkata,Malaria,2021,39,34,0
West Bengal,Kolkata,Malaria,2021,40,33,0
West Bengal,Kolkata,Malaria,2021,41,30,0
West Bengal,Kolkata,Malaria,2021,42,29,0
West Bengal,Kolkata,Malaria,2021,43,30,0
West Bengal,Kolkata,Malaria,2021,44,30,0
West Bengal,Kolkata,Malaria,2021,45,22,0
West Bengal,Kolkata,Malaria,2021,46,25,0
West Bengal,Kolkata,Malaria,2021,47,17,0
West Bengal,Kolkata,Malaria,2021,48,20,0
West Bengal,Kolkata,Malaria,2021,49,20,0
West Bengal,Kolkata,Malaria,2021,50,16,0
West Bengal,Kolkata,Malaria,2021,51,13,0
West Bengal,Kolkata,Malaria,2021,52,13,1
West Bengal,Kolkata,Malaria,2022,1,11,0
West Bengal,Kolkata,Malaria,2022,2,11,0
West Bengal,Kolkata,Malaria,2022,3,9,0
West Bengal,Kolkata,Malaria,2022,4,9,0
West Bengal,Kolkata,Malaria,2022,5,9,0
West Bengal,Kolkata,Malaria,2022,6,7,0
West Bengal,Kolkata,Malaria,2022,7,11,0
West Bengal,Kolkata,Malaria,2022,8,8,0
West Bengal,Kolkata,Malaria,2022,9,12,0
West Bengal,Kolkata,Malaria,2022,10,4,0
West Bengal,Kolkata,Malaria,2022,11,7,0
West Bengal,Kolkata,Malaria,2022,12,17,0
West Bengal,Kolkata,Malaria,2022,13,8,0
West Bengal,Kolkata,Malaria,2022,14,16,0
West Bengal,Kolkata,Malaria,2022,15,18,0
West Bengal,Kolkata,Malaria,2022,16,20,0
West Bengal,Kolkata,Malaria,2022,17,21,0
West Bengal,Kolkata,Malaria,2022,18,17,0
West Bengal,Kolkata,Malaria,2022,19,22,0
West Bengal,Kolkata,Malaria,2022,20,30,0
West Bengal,Kolkata,Malaria,2022,21,29,0
West Bengal,Kolkata,Malaria,2022,22,28,0
West Bengal,Kolkata,Malaria,2022,23,28,0
West Bengal,Kolkata,Malaria,2022,24,33,0
West Bengal,Kolkata,Malaria,2022,25,33,0
West Bengal,Kolkata,Malaria,2022,26,34,0
West Bengal,Kolkata,Malaria,2022,27,38,0
West Bengal,Kolkata,Malaria,2022,28,38,0
West Bengal,Kolkata,Malaria,2022,29,43,0
West Bengal,Kolkata,Malaria,2022,30,35,0
West Bengal,Kolkata,Malaria,2022,31,29,0
West Bengal,Kolkata,Malaria,2022,32,42,0
West Bengal,Kolkata,Malaria,2022,33,40,0
West Bengal,Kolkata,Malaria,2022,34,41,0
West Bengal,Kolkata,Malaria,2022,35,38,0
West Bengal,Kolkata,Malaria,2022,36,37,0
West Bengal,Kolkata,Malaria,2022,37,36,0
West Bengal,Kolkata,Malaria,2022,38,35,0
West Bengal,Kolkata,Malaria,2022,39,34,0
West Bengal,Kolkata,Malaria,2022,40,31,0
West Bengal,Kolkata,Malaria,2022,41,28,0
West Bengal,Kolkata,Malaria,2022,42,26,0
West Bengal,Kolkata,Malaria,2022,43,28,1
West Bengal,Kolkata,Malaria,2022,44,25,0
West Bengal,Kolkata,Malaria,2022,45,24,0
West Bengal,Kolkata,Malaria,2022,46,17,0
West Bengal,Kolkata,Malaria,2022,47,15,0
West Bengal,Kolkata,Malaria,2022,48,21,0
West Bengal,Kolkata,Malaria,2022,49,14,0
West Bengal,Kolkata,Malaria,2022,50,18,0
West Bengal,Kolkata,Malaria,2022,51,16,0
West Bengal,Kolkata,Malaria,2022,52,7,0
West Bengal,Kolkata,Malaria,2023,1,11,0
West Bengal,Kolkata,Malaria,2023,2,16,0
West Bengal,Kolkata,Malaria,2023,3,12,0
West Bengal,Kolkata,Malaria,2023,4,9,0
West Bengal,Kolkata,Malaria,2023,5,12,0
West Bengal,Kolkata,Malaria,2023,6,3,0
West Bengal,Kolkata,Malaria,2023,7,13,0
West Bengal,Kolkata,Malaria,2023,8,9,0
West Bengal,Kolkata,Malaria,2023,9,14,0
West Bengal,Kolkata,Malaria,2023,10,9,0
West Bengal,Kolkata,Malaria,2023,11,9,0
West Bengal,Kolkata,Malaria,2023,12,13,0
West Bengal,Kolkata,Malaria,2023,13,14,0
West Bengal,Kolkata,Malaria,2023,14,18,0
West Bengal,Kolkata,Malaria,2023,15,15,0
West Bengal,Kolkata,Malaria,2023,16,18,0
West Bengal,Kolkata,Malaria,2023,17,20,0
West Bengal,Kolkata,Malaria,2023,18,25,0
West Bengal,Kolkata,Malaria,2023,19,24,0
West Bengal,Kolkata,Malaria,2023,20,23,0
West Bengal,Kolkata,Malaria,2023,21,29,0
West Bengal,Kolkata,Malaria,2023,22,26,0
West Bengal,Kolkata,Malaria,2023,23,32,0
West Bengal,Kolkata,Malaria,2023,24,37,0
West Bengal,Kolkata,Malaria,2023,25,34,0
West Bengal,Kolkata,Malaria,2023,26,38,0
West Bengal,Kolkata,Malaria,2023,27,34,0
West Bengal,Kolkata,Malaria,2023,28,36,0
West Bengal,Kolkata,Malaria,2023,29,40,0
West Bengal,Kolkata,Malaria,2023,30,45,0
West Bengal,Kolkata,Malaria,2023,31,38,0
West Bengal,Kolkata,Malaria,2023,32,42,1
West Bengal,Kolkata,Malaria,2023,33,36,0
West Bengal,Kolkata,Malaria,2023,34,36,0
West Bengal,Kolkata,Malaria,2023,35,38,0
West Bengal,Kolkata,Malaria,2023,36,36,0
West Bengal,Kolkata,Malaria,2023,37,38,0
West Bengal,Kolkata,Malaria,2023,38,28,0
West Bengal,Kolkata,Malaria,2023,39,36,0
West Bengal,Kolkata,Malaria,2023,40,33,0
West Bengal,Kolkata,Malaria,2023,41,28,0
West Bengal,Kolkata,Malaria,2023,42,27,0
West Bengal,Kolkata,Malaria,2023,43,25,0
West Bengal,Kolkata,Malaria,2023,44,25,0
West Bengal,Kolkata,Malaria,2023,45,19,0
West Bengal,Kolkata,Malaria,2023,46,17,0
West Bengal,Kolkata,Malaria,2023,47,19,0
West Bengal,Kolkata,Malaria,2023,48,19,0
West Bengal,Kolkata,Malaria,2023,49,18,0
West Bengal,Kolkata,Malaria,2023,50,17,0
West Bengal,Kolkata,Malaria,2023,51,12,0
West Bengal,Kolkata,Malaria,2023,52,11,0
West Bengal,Kolkata,Malaria,2024,1,7,0
West Bengal,Kolkata,Malaria,2024,2,13,0
West Bengal,Kolkata,Malaria,2024,3,9,0
West Bengal,Kolkata,Malaria,2024,4,16,0
West Bengal,Kolkata,Malaria,2024,5,5,0
West Bengal,Kolkata,Malaria,2024,6,9,0
West Bengal,Kolkata,Malaria,2024,7,6,0
West Bengal,Kolkata,Malaria,2024,8,7,0
West Bengal,Kolkata,Malaria,2024,9,8,0
West Bengal,Kolkata,Malaria,2024,10,12,0
West Bengal,Kolkata,Malaria,2024,11,19,0
West Bengal,Kolkata,Malaria,2024,12,14,0
West Bengal,Kolkata,Malaria,2024,13,12,0
West Bengal,Kolkata,Malaria,2024,14,17,0
West Bengal,Kolkata,Malaria,2024,15,19,0
West Bengal,Kolkata,Malaria,2024,16,20,0
West Bengal,Kolkata,Malaria,2024,17,23,0
West Bengal,Kolkata,Malaria,2024,18,27,0
West Bengal,Kolkata,Malaria,2024,19,27,0
West Bengal,Kolkata,Malaria,2024,20,25,0
West Bengal,Kolkata,Malaria,2024,21,27,0
West Bengal,Kolkata,Malaria,2024,22,28,0
West Bengal,Kolkata,Malaria,2024,23,32,0
West Bengal,Kolkata,Malaria,2024,24,31,0
West Bengal,Kolkata,Malaria,2024,25,34,0
West Bengal,Kolkata,Malaria,2024,26,36,0
West Bengal,Kolkata,Malaria,2024,27,38,0
West Bengal,Kolkata,Malaria,2024,28,36,0
West Bengal,Kolkata,Malaria,2024,29,38,0
West Bengal,Kolkata,Malaria,2024,30,36,0
West Bengal,Kolkata,Malaria,2024,31,39,0
West Bengal,Kolkata,Malaria,2024,32,40,0
West Bengal,Kolkata,Malaria,2024,33,0,0
West Bengal,Kolkata,Malaria,2024,34,37,0
West Bengal,Kolkata,Malaria,2024,35,41,0
West Bengal,Kolkata,Malaria,2024,36,37,0
West Bengal,Kolkata,Malaria,2024,37,40,0
West Bengal,Kolkata,Malaria,2024,38,39,0
West Bengal,Kolkata,Malaria,2024,39,34,0
West Bengal,Kolkata,Malaria,2024,40,34,0
West Bengal,Kolkata,Malaria,2024,41,31,0
West Bengal,Kolkata,Malaria,2024,42,29,0
West Bengal,Kolkata,Malaria,2024,43,25,1
West Bengal,Kolkata,Malaria,2024,44,25,0
West Bengal,Kolkata,Malaria,2024,45,20,0
West Bengal,Kolkata,Malaria,2024,46,19,0
West Bengal,Kolkata,Malaria,2024,47,17,0
West Bengal,Kolkata,Malaria,2024,48,19,0
West Bengal,Kolkata,Malaria,2024,49,16,0
West Bengal,Kolkata,Malaria,2024,50,19,0
West Bengal,Kolkata,Malaria,2024,51,14,0
West Bengal,Kolkata,Malaria,2024,52,13,0
West Bengal,Kolkata,Acute Diarrhoeal Disease,2017,1,48,0
West Bengal,Kolkata,Acute Diarrhoeal Disease,2017,2,29,0
West Bengal,Kolkata,Acute Diarrhoeal Disease,2017,3,36,0
West Bengal,Kolkata,Acute Diarrhoeal Disease,2017,4,37,0
West Bengal,Kolkata,Acute Diarrhoeal Disease,2017,5,19,0
West Bengal,Kolkata,Acute Diarrhoeal Disease,2017,6,24,0
West Bengal,Kolkata,Acute Diarrhoeal Disease,2017,7,18,0
West Bengal,Kolkata,Acute Diarrhoeal Disease,2017,8,18,0
West Bengal,Kolkata,Acute Diarrhoeal Disease,2017,9,8,0
West Bengal,Kolkata,Acute Diarrhoeal Disease,2017,10,8,0
West Bengal,Kolkata,Acute Diarrhoeal Disease,2017,11,5,0
West Bengal,Kolkata,Acute Diarrhoeal Disease,2017,12,12,2
West Bengal,Kolkata,Acute Diarrhoeal Disease,2017,13,17,0
West Bengal,Kolkata,Acute Diarrhoeal Disease,2017,14,20,0
West Bengal,Kolkata,Acute Diarrhoeal Disease,2017,15,20,0
West Bengal,Kolkata,Acute Diarrhoeal Disease,2017,16,17,0
West Bengal,Kolkata,Acute Diarrhoeal Disease,2017,17,26,0
West Bengal,Kolkata,Acute Diarrhoeal Disease,2017,18,25,0
West Bengal,Kolkata,Acute Diarrhoeal Disease,2017,19,37,0
West Bengal,Kolkata,Acute Diarrhoeal Disease,2017,20,33,1
West Bengal,Kolkata,Acute Diarrhoeal Disease,2017,21,41,0
West Bengal,Kolkata,Acute Diarrhoeal Disease,2017,22,37,0
West Bengal,Kolkata,Acute Diarrhoeal Disease,2017,23,54,0
West Bengal,Kolkata,Acute Diarrhoeal Disease,2017,24,62,0
West Bengal,Kolkata,Acute Diarrhoeal Disease,2017,25,50,0
West Bengal,Kolkata,Acute Diarrhoeal Disease,2017,26,77,0
West Bengal,Kolkata,Acute Diarrhoeal Disease,2017,27,71,0
West Bengal,Kolkata,Acute Diarrhoeal Disease,2017,28,0,0
West Bengal,Kolkata,Acute Diarrhoeal Disease,2017,29,80,0
West Bengal,Kolkata,Acute Diarrhoeal Disease,2017,30,77,1
West Bengal,Kolkata,Acute Diarrhoeal Disease,2017,31,92,0
West Bengal,Kolkata,Acute Diarrhoeal Disease,2017,32,85,0
West Bengal,Kolkata,Acute Diarrhoeal Disease,2017,33,105,0
West Bengal,Kolkata,Acute Diarrhoeal Disease,2017,34,93,0
West Bengal,Kolkata,Acute Diarrhoeal Disease,2017,35,100,0
West Bengal,Kolkata,Acute Diarrhoeal Disease,2017,36,93,0
West Bengal,Kolkata,Acute Diarrhoeal Disease,2017,37,91,0
West Bengal,Kolkata,Acute Diarrhoeal Disease,2017,38,95,0
West Bengal,Kolkata,Acute Diarrhoeal Disease,2017,39,95,0
West Bengal,Kolkata,Acute Diarrhoeal Disease,2017,40,101,2
West Bengal,Kolkata,Acute Diarrhoeal Disease,2017,41,106,0
West Bengal,Kolkata,Acute Diarrhoeal Disease,2017,42,98,0
West Bengal,Kolkata,Acute Diarrhoeal Disease,2017,43,95,0
West Bengal,Kolkata,Acute Diarrhoeal Disease,2017,44,85,0
West Bengal,Kolkata,Acute Diarrhoeal Disease,2017,45,79,0
West Bengal,Kolkata,Acute Diarrhoeal Disease,2017,46,79,0
West Bengal,Kolkata,Acute Diarrhoeal Disease,2017,47,80,0
West Bengal,Kolkata,Acute Diarrhoeal Disease,2017,48,78,0
West Bengal,Kolkata,Acute Diarrhoeal Disease,2017,49,55,0
West Bengal,Kolkata,Acute Diarrhoeal Disease,2017,50,66,0
West Bengal,Kolkata,Acute Diarrhoeal Disease,2017,51,59,0
West Bengal,Kolkata,Acute Diarrhoeal Disease,2017,52,53,0
West Bengal,Kolkata,Acute Diarrhoeal Disease,2018,1,34,0
West Bengal,Kolkata,Acute Diarrhoeal Disease,2018,2,47,0
West Bengal,Kolkata,Acute Diarrhoeal Disease,2018,3,32,0
West Bengal,Kolkata,Acute Diarrhoeal Disease,2018,4,36,0
West Bengal,Kolkata,Acute Diarrhoeal Disease,2018,5,18,1
West Bengal,Kolkata,Acute Diarrhoeal Disease,2018,6,20,0
West Bengal,Kolkata,Acute Diarrhoeal Disease,2018,7,19,0
West Bengal,Kolkata,Acute Diarrhoeal Disease,2018,8,16,0
West Bengal,Kolkata,Acute Diarrhoeal Disease,2018,9,9,0
West Bengal,Kolkata,Acute Diarrhoeal Disease,2018,10,0,0
West Bengal,Kolkata,Acute Diarrhoeal Disease,2018,11,10,1
West Bengal,Kolkata,Acute Diarrhoeal Disease,2018,12,12,0
West Bengal,Kolkata,Acute Diarrhoeal Disease,2018,13,12,2
West Bengal,Kolkata,Acute Diarrhoeal Disease,2018,14,16,0
West Bengal,Kolkata,Acute Diarrhoeal Disease,2018,15,7,0
West Bengal,Kolkata,Acute Diarrhoeal Disease,2018,16,10,0
West Bengal,Kolkata,Acute Diarrhoeal Disease,2018,17,18,0
West Bengal,Kolkata,Acute Diarrhoeal Disease,2018,18,32,0
West Bengal,Kolkata,Acute Diarrhoeal Disease,2018,19,39,0
West Bengal,Kolkata,Acute Diarrhoeal Disease,2018,20,33,0
West Bengal,Kolkata,Acute Diarrhoeal Disease,2018,21,29,0
West Bengal,Kolkata,Acute Diarrhoeal Disease,2018,22,39,0
West Bengal,Kolkata,Acute Diarrhoeal Disease,2018,23,51,0
West Bengal,Kolkata,Acute Diarrhoeal Disease,2018,24,50,0
West Bengal,Kolkata,Acute Diarrhoeal Disease,2018,25,63,0
West Bengal,Kolkata,Acute Diarrhoeal Disease,2018,26,65,0
West Bengal,Kolkata,Acute Diarrhoeal Disease,2018,27,77,0
West Bengal,Kolkata,Acute Diarrhoeal Disease,2018,28,77,0
West Bengal,Kolkata,Acute Diarrhoeal Disease,2018,29,83,0
West Bengal,Kolkata,Acute Diarrhoeal Disease,2018,30,88,0
West Bengal,Kolkata,Acute Diarrhoeal Disease,2018,31,87,0
West Bengal,Kolkata,Acute Diarrhoeal Disease,2018,32,96,0
West Bengal,Kolkata,Acute Diarrhoeal Disease,2018,33,105,0
West Bengal,Kolkata,Acute Diarrhoeal Disease,2018,34,98,0
West Bengal,Kolkata,Acute Diarrhoeal Disease,2018,35,89,0
West Bengal,Kolkata,Acute Diarrhoeal Disease,2018,36,105,1
West Bengal,Kolkata,Acute Diarrhoeal Disease,2018,37,95,0
West Bengal,Kolkata,Acute Diarrhoeal Disease,2018,38,103,0
West Bengal,Kolkata,Acute Diarrhoeal Disease,2018,39,103,0
West Bengal,Kolkata,Acute Diarrhoeal Disease,2018,40,83,0
West Bengal,Kolkata,Acute Diarrhoeal Disease,2018,41,101,0
West Bengal,Kolkata,Acute Diarrhoeal Disease,2018,42,92,0
West Bengal,Kolkata,Acute Diarrhoeal Disease,2018,43,82,0
West Bengal,Kolkata,Acute Diarrhoeal Disease,2018,44,95,0
West Bengal,Kolkata,Acute Diarrhoeal Disease,2018,45,93,0
West Bengal,Kolkata,Acute Diarrhoeal Disease,2018,46,81,0
West Bengal,Kolkata,Acute Diarrhoeal Disease,2018,47,70,0
West Bengal,Kolkata,Acute Diarrhoeal Disease,2018,48,62,2
West Bengal,Kolkata,Acute Diarrhoeal Disease,2018,49,59,0
West Bengal,Kolkata,Acute Diarrhoeal Disease,2018,50,55,0
West Bengal,Kolkata,Acute Diarrhoeal Disease,2018,51,54,0
West Bengal,Kolkata,Acute Diarrhoeal Disease,2018,52,42,0
West Bengal,Kolkata,Acute Diarrhoeal Disease,2019,1,37,0
West Bengal,Kolkata,Acute Diarrhoeal Disease,2019,2,45,0
West Bengal,Kolkata,Acute Diarrhoeal Disease,2019,3,43,0
West Bengal,Kolkata,Acute Diarrhoeal Disease,2019,4,25,0
West Bengal,Kolkata,Acute Diarrhoeal Disease,2019,5,23,0
West Bengal,Kolkata,Acute Diarrhoeal Disease,2019,6,31,0
West Bengal,Kolkata,Acute Diarrhoeal Disease,2019,7,18,0
West Bengal,Kolkata,Acute Diarrhoeal Disease,2019,8,24,0
West Bengal,Kolkata,Acute Diarrhoeal Disease,2019,9,0,0
West Bengal,Kolkata,Acute Diarrhoeal Disease,2019,10,19,0
West Bengal,Kolkata,Acute Diarrhoeal Disease,2019,11,4,0
West Bengal,Kolkata,Acute Diarrhoeal Disease,2019,12,15,0
West Bengal,Kolkata,Acute Diarrhoeal Disease,2019,13,9,0
West Bengal,Kolkata,Acute Diarrhoeal Disease,2019,14,11,0
West Bengal,Kolkata,Acute Diarrhoeal Disease,2019,15,17,0
West Bengal,Kolkata,Acute Diarrhoeal Disease,2019,16,19,0
West Bengal,Kolkata,Acute Diarrhoeal Disease,2019,17,22,0
West Bengal,Kolkata,Acute Diarrhoeal Disease,2019,18,32,0
West Bengal,Kolkata,Acute Diarrhoeal Disease,2019,19,33,0
West Bengal,Kolkata,Acute Diarrhoeal Disease,2019,20,38,0
West Bengal,Kolkata,Acute Diarrhoeal Disease,2019,21,38,0
West Bengal,Kolkata,Acute Diarrhoeal Disease,2019,22,37,0
West Bengal,Kolkata,Acute Diarrhoeal Disease,2019,23,37,1
West Bengal,Kolkata,Acute Diarrhoeal Disease,2019,24,48,0
West Bengal,Kolkata,Acute Diarrhoeal Disease,2019,25,60,0
West Bengal,Kolkata,Acute Diarrhoeal Disease,2019,26,61,1
West Bengal,Kolkata,Acute Diarrhoeal Disease,2019,27,72,0
West Bengal,Kolkata,Acute Diarrhoeal Disease,2019,28,76,0
West Bengal,Kolkata,Acute Diarrhoeal Disease,2019,29,84,0
West Bengal,Kolkata,Acute Diarrhoeal Disease,2019,30,88,0
West Bengal,Kolkata,Acute Diarrhoeal Disease,2019,31,82,0
West Bengal,Kolkata,Acute Diarrhoeal Disease,2019,32,92,0
West Bengal,Kolkata,Acute Diarrhoeal Disease,2019,33,104,0
West Bengal,Kolkata,Acute Diarrhoeal Disease,2019,34,93,0
West Bengal,Kolkata,Acute Diarrhoeal Disease,2019,35,96,0
West Bengal,Kolkata,Acute Diarrhoeal Disease,2019,36,95,0
West Bengal,Kolkata,Acute Diarrhoeal Disease,2019,37,91,0
West Bengal,Kolkata,Acute Diarrhoeal Disease,2019,38,108,0
West Bengal,Kolkata,Acute Diarrhoeal Disease,2019,39,103,0
West Bengal,Kolkata,Acute Diarrhoeal Disease,2019,40,108,2
West Bengal,Kolkata,Acute Diarrhoeal Disease,2019,41,99,0
West Bengal,Kolkata,Acute Diarrhoeal Disease,2019,42,105,0
West Bengal,Kolkata,Acute Diarrhoeal Disease,2019,43,90,0
West Bengal,Kolkata,Acute Diarrhoeal Disease,2019,44,0,0
West Bengal,Kolkata,Acute Diarrhoeal Disease,2019,45,101,0
West Bengal,Kolkata,Acute Diarrhoeal Disease,2019,46,80,1
West Bengal,Kolkata,Acute Diarrhoeal Disease,2019,47,78,0
West Bengal,Kolkata,Acute Diarrhoeal Disease,2019,48,69,0
West Bengal,Kolkata,Acute Diarrhoeal Disease,2019,49,71,0
West Bengal,Kolkata,Acute Diarrhoeal Disease,2019,50,67,0
West Bengal,Kolkata,Acute Diarrhoeal Disease,2019,51,68,0
West Bengal,Kolkata,Acute Diarrhoeal Disease,2019,52,53,0
West Bengal,Kolkata,Acute Diarrhoeal Disease,2020,1,46,1
West Bengal,Kolkata,Acute Diarrhoeal Disease,2020,2,38,0
West Bengal,Kolkata,Acute Diarrhoeal Disease,2020,3,32,0
West Bengal,Kolkata,Acute Diarrhoeal Disease,2020,4,33,0
West Bengal,Kolkata,Acute Diarrhoeal Disease,2020,5,31,0
West Bengal,Kolkata,Acute Diarrhoeal Disease,2020,6,25,0
West Bengal,Kolkata,Acute Diarrhoeal Disease,2020,7,15,0
West Bengal,Kolkata,Acute Diarrhoeal Disease,2020,8,3,0
West Bengal,Kolkata,Acute Diarrhoeal Disease,2020,9,18,0
West Bengal,Kolkata,Acute Diarrhoeal Disease,2020,10,15,0
West Bengal,Kolkata,Acute Diarrhoeal Disease,2020,11,13,0
West Bengal,Kolkata,Acute Diarrhoeal Disease,2020,12,6,0
West Bengal,Kolkata,Acute Diarrhoeal Disease,2020,13,19,0
West Bengal,Kolkata,Acute Diarrhoeal Disease,2020,14,3,0
West Bengal,Kolkata,Acute Diarrhoeal Disease,2020,15,8,0
West Bengal,Kolkata,Acute Diarrhoeal Disease,2020,16,14,0
West Bengal,Kolkata,Acute Diarrhoeal Disease,2020,17,10,0
West Bengal,Kolkata,Acute Diarrhoeal Disease,2020,18,27,0
West Bengal,Kolkata,Acute Diarrhoeal Disease,2020,19,23,0
West Bengal,Kolkata,Acute Diarrhoeal Disease,2020,20,28,0
West Bengal,Kolkata,Acute Diarrhoeal Disease,2020,21,34,0
West Bengal,Kolkata,Acute Diarrhoeal Disease,2020,22,49,0
West Bengal,Kolkata,Acute Diarrhoeal Disease,2020,23,40,0
West Bengal,Kolkata,Acute Diarrhoeal Disease,2020,24,0,0
West Bengal,Kolkata,Acute Diarrhoeal Disease,2020,25,54,0
West Bengal,Kolkata,Acute Diarrhoeal Disease,2020,26,57,1
West Bengal,Kolkata,Acute Diarrhoeal Disease,2020,27,74,0
West Bengal,Kolkata,Acute Diarrhoeal Disease,2020,28,72,0
West Bengal,Kolkata,Acute Diarrhoeal Disease,2020,29,74,0
West Bengal,Kolkata,Acute Diarrhoeal Disease,2020,30,80,0
West Bengal,Kolkata,Acute Diarrhoeal Disease,2020,31,81,0
West Bengal,Kolkata,Acute Diarrhoeal Disease,2020,32,95,0
West Bengal,Kolkata,Acute Diarrhoeal Disease,2020,33,95,0
West Bengal,Kolkata,Acute Diarrhoeal Disease,2020,34,92,1
West Bengal,Kolkata,Acute Diarrhoeal Disease,2020,35,94,0
West Bengal,Kolkata,Acute Diarrhoeal Disease,2020,36,101,0
West Bengal,Kolkata,Acute Diarrhoeal Disease,2020,37,107,0
West Bengal,Kolkata,Acute Diarrhoeal Disease,2020,38,107,0
West Bengal,Kolkata,Acute Diarrhoeal Disease,2020,39,99,0
West Bengal,Kolkata,Acute Diarrhoeal Disease,2020,40,89,0
West Bengal,Kolkata,Acute Diarrhoeal Disease,2020,41,91,0
West Bengal,Kolkata,Acute Diarrhoeal Disease,2020,42,86,0
West Bengal,Kolkata,Acute Diarrhoeal Disease,2020,43,99,0
West Bengal,Kolkata,Acute Diarrhoeal Disease,2020,44,98,0
West Bengal,Kolkata,Acute Diarrhoeal Disease,2020,45,80,0
West Bengal,Kolkata,Acute Diarrhoeal Disease,2020,46,72,0
West Bengal,Kolkata,Acute Diarrhoeal Disease,2020,47,68,0
West Bengal,Kolkata,Acute Diarrhoeal Disease,2020,48,82,0
West Bengal,Kolkata,Acute Diarrhoeal Disease,2020,49,61,0
West Bengal,Kolkata,Acute Diarrhoeal Disease,2020,50,63,0
West Bengal,Kolkata,Acute Diarrhoeal Disease,2020,51,55,0
West Bengal,Kolkata,Acute Diarrhoeal Disease,2020,52,42,0
West Bengal,Kolkata,Acute Diarrhoeal Disease,2021,1,50,0
West Bengal,Kolkata,Acute Diarrhoeal Disease,2021,2,50,0
West Bengal,Kolkata,Acute Diarrhoeal Disease,2021,3,33,0
West Bengal,Kolkata,Acute Diarrhoeal Disease,2021,4,35,1
West Bengal,Kolkata,Acute Diarrhoeal Disease,2021,5,25,0
West Bengal,Kolkata,Acute Diarrhoeal Disease,2021,6,30,0
West Bengal,Kolkata,Acute Diarrhoeal Disease,2021,7,4,0
West Bengal,Kolkata,Acute Diarrhoeal Disease,2021,8,29,0
West Bengal,Kolkata,Acute Diarrhoeal Disease,2021,9,10,0
West Bengal,Kolkata,Acute Diarrhoeal Disease,2021,10,16,0
West Bengal,Kolkata,Acute Diarrhoeal Disease,2021,11,9,0
West Bengal,Kolkata,Acute Diarrhoeal Disease,2021,12,12,0
West Bengal,Kolkata,Acute Diarrhoeal Disease,2021,13,12,0
West Bengal,Kolkata,Acute Diarrhoeal Disease,2021,14,29,0
West Bengal,Kolkata,Acute Diarrhoeal Disease,2021,15,22,0
West Bengal,Kolkata,Acute Diarrhoeal Disease,2021,16,11,0
West Bengal,Kolkata,Acute Diarrhoeal Disease,2021,17,15,0
West Bengal,Kolkata,Acute Diarrhoeal Disease,2021,18,14,0
West Bengal,Kolkata,Acute Diarrhoeal Disease,2021,19,22,0
West Bengal,Kolkata,Acute Diarrhoeal Disease,2021,20,41,0
West Bengal,Kolkata,Acute Diarrhoeal Disease,2021,21,26,0
West Bengal,Kolkata,Acute Diarrhoeal Disease,2021,22,25,0
West Bengal,Kolkata,Acute Diarrhoeal Disease,2021,23,49,0
West Bengal,Kolkata,Acute Diarrhoeal Disease,2021,24,46,0
West Bengal,Kolkata,Acute Diarrhoeal Disease,2021,25,48,0
West Bengal,Kolkata,Acute Diarrhoeal Disease,2021,26,61,0
West Bengal,Kolkata,Acute Diarrhoeal Disease,2021,27,68,0
West Bengal,Kolkata,Acute Diarrhoeal Disease,2021,28,85,0
West Bengal,Kolkata,Acute Diarrhoeal Disease,2021,29,69,0
West Bengal,Kolkata,Acute Diarrhoeal Disease,2021,30,64,0
West Bengal,Kolkata,Acute Diarrhoeal Disease,2021,31,89,0
West Bengal,Kolkata,Acute Diarrhoeal Disease,2021,32,92,0
West Bengal,Kolkata,Acute Diarrhoeal Disease,2021,33,103,0
West Bengal,Kolkata,Acute Diarrhoeal Disease,2021,34,86,0
West Bengal,Kolkata,Acute Diarrhoeal Disease,2021,35,97,0
West Bengal,Kolkata,Acute Diarrhoeal Disease,2021,36,108,0
West Bengal,Kolkata,Acute Diarrhoeal Disease,2021,37,99,0
West Bengal,Kolkata,Acute Diarrhoeal Disease,2021,38,104,0
West Bengal,Kolkata,Acute Diarrhoeal Disease,2021,39,112,0
West Bengal,Kolkata,Acute Diarrhoeal Disease,2021,40,98,0
West Bengal,Kolkata,Acute Diarrhoeal Disease,2021,41,97,0
West Bengal,Kolkata,Acute Diarrhoeal Disease,2021,42,95,0
West Bengal,Kolkata,Acute Diarrhoeal Disease,2021,43,98,0
West Bengal,Kolkata,Acute Diarrhoeal Disease,2021,44,98,0
West Bengal,Kolkata,Acute Diarrhoeal Disease,2021,45,87,0
West Bengal,Kolkata,Acute Diarrhoeal Disease,2021,46,77,0
West Bengal,Kolkata,Acute Diarrhoeal Disease,2021,47,76,0
West Bengal,Kolkata,Acute Diarrhoeal Disease,2021,48,74,0
West Bengal,Kolkata,Acute Diarrhoeal Disease,2021,49,65,0
West Bengal,Kolkata,Acute Diarrhoeal Disease,2021,50,55,0
West Bengal,Kolkata,Acute Diarrhoeal Disease,2021,51,51,0
West Bengal,Kolkata,Acute Diarrhoeal Disease,2021,52,38,0
West Bengal,Kolkata,Acute Diarrhoeal Disease,2022,1,51,0
West Bengal,Kolkata,Acute Diarrhoeal Disease,2022,2,51,0
West Bengal,Kolkata,Acute Diarrhoeal Disease,2022,3,29,0
West Bengal,Kolkata,Acute Diarrhoeal Disease,2022,4,34,0
West Bengal,Kolkata,Acute Diarrhoeal Disease,2022,5,32,0
West Bengal,Kolkata,Acute Diarrhoeal Disease,2022,6,16,0
West Bengal,Kolkata,Acute Diarrhoeal Disease,2022,7,15,0
West Bengal,Kolkata,Acute Diarrhoeal Disease,2022,8,22,0
West Bengal,Kolkata,Acute Diarrhoeal Disease,2022,9,10,0
West Bengal,Kolkata,Acute Diarrhoeal Disease,2022,10,13,0
West Bengal,Kolkata,Acute Diarrhoeal Disease,2022,11,22,0
West Bengal,Kolkata,Acute Diarrhoeal Disease,2022,12,5,0
West Bengal,Kolkata,Acute Diarrhoeal Disease,2022,13,8,0
West Bengal,Kolkata,Acute Diarrhoeal Disease,2022,14,13,0
West Bengal,Kolkata,Acute Diarrhoeal Disease,2022,15,13,0
West Bengal,Kolkata,Acute Diarrhoeal Disease,2022,16,8,0
West Bengal,Kolkata,Acute Diarrhoeal Disease,2022,17,16,0
West Bengal,Kolkata,Acute Diarrhoeal Disease,2022,18,10,0
West Bengal,Kolkata,Acute Diarrhoeal Disease,2022,19,26,0
West Bengal,Kolkata,Acute Diarrhoeal Disease,2022,20,32,0
West Bengal,Kolkata,Acute Diarrhoeal Disease,2022,21,42,0
West Bengal,Kolkata,Acute Diarrhoeal Disease,2022,22,44,0
West Bengal,Kolkata,Acute Diarrhoeal Disease,2022,23,52,0
West Bengal,Kolkata,Acute Diarrhoeal Disease,2022,24,52,0
West Bengal,Kolkata,Acute Diarrhoeal Disease,2022,25,59,0
West Bengal,Kolkata,Acute Diarrhoeal Disease,2022,26,63,0
West Bengal,Kolkata,Acute Diarrhoeal Disease,2022,27,67,2
West Bengal,Kolkata,Acute Diarrhoeal Disease,2022,28,64,0
West Bengal,Kolkata,Acute Diarrhoeal Disease,2022,29,78,0
West Bengal,Kolkata,Acute Diarrhoeal Disease,2022,30,81,0
West Bengal,Kolkata,Acute Diarrhoeal Disease,2022,31,80,0
West Bengal,Kolkata,Acute Diarrhoeal Disease,2022,32,99,0
West Bengal,Kolkata,Acute Diarrhoeal Disease,2022,33,95,0
West Bengal,Kolkata,Acute Diarrhoeal Disease,2022,34,94,0
West Bengal,Kolkata,Acute Diarrhoeal Disease,2022,35,97,1
West Bengal,Kolkata,Acute Diarrhoeal Disease,2022,36,90,0
West Bengal,Kolkata,Acute Diarrhoeal Disease,2022,37,102,0
West Bengal,Kolkata,Acute Diarrhoeal Disease,2022,38,93,0
West Bengal,Kolkata,Acute Diarrhoeal Disease,2022,39,106,0
West Bengal,Kolkata,Acute Diarrhoeal Disease,2022,40,107,0
West Bengal,Kolkata,Acute Diarrhoeal Disease,2022,41,105,0
West Bengal,Kolkata,Acute Diarrhoeal Disease,2022,42,105,0
West Bengal,Kolkata,Acute Diarrhoeal Disease,2022,43,99,0
West Bengal,Kolkata,Acute Diarrhoeal Disease,2022,44,0,0
West Bengal,Kolkata,Acute Diarrhoeal Disease,2022,45,85,0
West Bengal,Kolkata,Acute Diarrhoeal Disease,2022,46,87,0
West Bengal,Kolkata,Acute Diarrhoeal Disease,2022,47,69,0
West Bengal,Kolkata,Acute Diarrhoeal Disease,2022,48,76,0
West Bengal,Kolkata,Acute Diarrhoeal Disease,2022,49,62,0
West Bengal,Kolkata,Acute Diarrhoeal Disease,2022,50,70,0
West Bengal,Kolkata,Acute Diarrhoeal Disease,2022,51,66,0
West Bengal,Kolkata,Acute Diarrhoeal Disease,2022,52,53,0
West Bengal,Kolkata,Acute Diarrhoeal Disease,2023,1,50,0
West Bengal,Kolkata,Acute Diarrhoeal Disease,2023,2,0,0
West Bengal,Kolkata,Acute Diarrhoeal Disease,2023,3,24,0
West Bengal,Kolkata,Acute Diarrhoeal Disease,2023,4,18,0
West Bengal,Kolkata,Acute Diarrhoeal Disease,2023,5,29,0
West Bengal,Kolkata,Acute Diarrhoeal Disease,2023,6,23,0
West Bengal,Kolkata,Acute Diarrhoeal Disease,2023,7,18,0
West Bengal,Kolkata,Acute Diarrhoeal Disease,2023,8,16,0
West Bengal,Kolkata,Acute Diarrhoeal Disease,2023,9,21,0
West Bengal,Kolkata,Acute Diarrhoeal Disease,2023,10,9,0
West Bengal,Kolkata,Acute Diarrhoeal Disease,2023,11,9,0
West Bengal,Kolkata,Acute Diarrhoeal Disease,2023,12,10,0
West Bengal,Kolkata,Acute Diarrhoeal Disease,2023,13,7,0
West Bengal,Kolkata,Acute Diarrhoeal Disease,2023,14,8,0
West Bengal,Kolkata,Acute Diarrhoeal Disease,2023,15,10,0
West Bengal,Kolkata,Acute Diarrhoeal Disease,2023,16,18,0
West Bengal,Kolkata,Acute Diarrhoeal Disease,2023,17,17,0
West Bengal,Kolkata,Acute Diarrhoeal Disease,2023,18,14,0
West Bengal,Kolkata,Acute Diarrhoeal Disease,2023,19,35,1
West Bengal,Kolkata,Acute Diarrhoeal Disease,2023,20,21,0
West Bengal,Kolkata,Acute Diarrhoeal Disease,2023,21,35,0
West Bengal,Kolkata,Acute Diarrhoeal Disease,2023,22,28,0
West Bengal,Kolkata,Acute Diarrhoeal Disease,2023,23,42,0
West Bengal,Kolkata,Acute Diarrhoeal Disease,2023,24,45,0
West Bengal,Kolkata,Acute Diarrhoeal Disease,2023,25,58,0
West Bengal,Kolkata,Acute Diarrhoeal Disease,2023,26,61,0
West Bengal,Kolkata,Acute Diarrhoeal Disease,2023,27,55,0
West Bengal,Kolkata,Acute Diarrhoeal Disease,2023,28,66,0
West Bengal,Kolkata,Acute Diarrhoeal Disease,2023,29,71,0
West Bengal,Kolkata,Acute Diarrhoeal Disease,2023,30,87,0
West Bengal,Kolkata,Acute Diarrhoeal Disease,2023,31,93,0
West Bengal,Kolkata,Acute Diarrhoeal Disease,2023,32,88,0
West Bengal,Kolkata,Acute Diarrhoeal Disease,2023,33,91,0
West Bengal,Kolkata,Acute Diarrhoeal Disease,2023,34,93,0
West Bengal,Kolkata,Acute Diarrhoeal Disease,2023,35,98,0
West Bengal,Kolkata,Acute Diarrhoeal Disease,2023,36,93,0
West Bengal,Kolkata,Acute Diarrhoeal Disease,2023,37,96,0
West Bengal,Kolkata,Acute Diarrhoeal Disease,2023,38,103,0
West Bengal,Kolkata,Acute Diarrhoeal Disease,2023,39,89,0
West Bengal,Kolkata,Acute Diarrhoeal Disease,2023,40,97,0
West Bengal,Kolkata,Acute Diarrhoeal Disease,2023,41,89,0
West Bengal,Kolkata,Acute Diarrhoeal Disease,2023,42,90,0
West Bengal,Kolkata,Acute Diarrhoeal Disease,2023,43,94,0
West Bengal,Kolkata,Acute Diarrhoeal Disease,2023,44,103,0
West Bengal,Kolkata,Acute Diarrhoeal Disease,2023,45,79,0
West Bengal,Kolkata,Acute Diarrhoeal Disease,2023,46,76,0
West Bengal,Kolkata,Acute Diarrhoeal Disease,2023,47,69,0
West Bengal,Kolkata,Acute Diarrhoeal Disease,2023,48,71,0
West Bengal,Kolkata,Acute Diarrhoeal Disease,2023,49,71,0
West Bengal,Kolkata,Acute Diarrhoeal Disease,2023,50,72,0
West Bengal,Kolkata,Acute Diarrhoeal Disease,2023,51,58,0
West Bengal,Kolkata,Acute Diarrhoeal Disease,2023,52,52,0
West Bengal,Kolkata,Acute Diarrhoeal Disease,2024,1,34,0
West Bengal,Kolkata,Acute Diarrhoeal Disease,2024,2,41,0
West Bengal,Kolkata,Acute Diarrhoeal Disease,2024,3,0,0
West Bengal,Kolkata,Acute Diarrhoeal Disease,2024,4,23,0
West Bengal,Kolkata,Acute Diarrhoeal Disease,2024,5,27,0
West Bengal,Kolkata,Acute Diarrhoeal Disease,2024,6,18,0
West Bengal,Kolkata,Acute Diarrhoeal Disease,2024,7,7,0
West Bengal,Kolkata,Acute Diarrhoeal Disease,2024,8,14,0
West Bengal,Kolkata,Acute Diarrhoeal Disease,2024,9,1,0
West Bengal,Kolkata,Acute Diarrhoeal Disease,2024,10,14,0
West Bengal,Kolkata,Acute Diarrhoeal Disease,2024,11,8,0
West Bengal,Kolkata,Acute Diarrhoeal Disease,2024,12,0,0
West Bengal,Kolkata,Acute Diarrhoeal Disease,2024,13,7,0
West Bengal,Kolkata,Acute Diarrhoeal Disease,2024,14,18,0
West Bengal,Kolkata,Acute Diarrhoeal Disease,2024,15,11,0
West Bengal,Kolkata,Acute Diarrhoeal Disease,2024,16,24,0
West Bengal,Kolkata,Acute Diarrhoeal Disease,2024,17,20,0
West Bengal,Kolkata,Acute Diarrhoeal Disease,2024,18,16,0
West Bengal,Kolkata,Acute Diarrhoeal Disease,2024,19,36,0
West Bengal,Kolkata,Acute Diarrhoeal Disease,2024,20,33,0
West Bengal,Kolkata,Acute Diarrhoeal Disease,2024,21,39,0
West Bengal,Kolkata,Acute Diarrhoeal Disease,2024,22,41,0
West Bengal,Kolkata,Acute Diarrhoeal Disease,2024,23,47,0
West Bengal,Kolkata,Acute Diarrhoeal Disease,2024,24,48,0
West Bengal,Kolkata,Acute Diarrhoeal Disease,2024,25,51,0
West Bengal,Kolkata,Acute Diarrhoeal Disease,2024,26,71,0
West Bengal,Kolkata,Acute Diarrhoeal Disease,2024,27,59,0
West Bengal,Kolkata,Acute Diarrhoeal Disease,2024,28,81,0
West Bengal,Kolkata,Acute Diarrhoeal Disease,2024,29,80,0
West Bengal,Kolkata,Acute Diarrhoeal Disease,2024,30,75,1
West Bengal,Kolkata,Acute Diarrhoeal Disease,2024,31,88,0
West Bengal,Kolkata,Acute Diarrhoeal Disease,2024,32,84,0
West Bengal,Kolkata,Acute Diarrhoeal Disease,2024,33,98,0
West Bengal,Kolkata,Acute Diarrhoeal Disease,2024,34,76,0
West Bengal,Kolkata,Acute Diarrhoeal Disease,2024,35,107,0
West Bengal,Kolkata,Acute Diarrhoeal Disease,2024,36,93,0
West Bengal,Kolkata,Acute Diarrhoeal Disease,2024,37,97,0
West Bengal,Kolkata,Acute Diarrhoeal Disease,2024,38,98,0
West Bengal,Kolkata,Acute Diarrhoeal Disease,2024,39,103,0
West Bengal,Kolkata,Acute Diarrhoeal Disease,2024,40,92,0
West Bengal,Kolkata,Acute Diarrhoeal Disease,2024,41,83,0
West Bengal,Kolkata,Acute Diarrhoeal Disease,2024,42,88,0
West Bengal,Kolkata,Acute Diarrhoeal Disease,2024,43,85,0
West Bengal,Kolkata,Acute Diarrhoeal Disease,2024,44,94,0
West Bengal,Kolkata,Acute Diarrhoeal Disease,2024,45,90,0
West Bengal,Kolkata,Acute Diarrhoeal Disease,2024,46,68,0
West Bengal,Kolkata,Acute Diarrhoeal Disease,2024,47,76,0
West Bengal,Kolkata,Acute Diarrhoeal Disease,2024,48,61,0
West Bengal,Kolkata,Acute Diarrhoeal Disease,2024,49,73,0
West Bengal,Kolkata,Acute Diarrhoeal Disease,2024,50,70,0
West Bengal,Kolkata,Acute Diarrhoeal Disease,2024,51,50,0
West Bengal,Kolkata,Acute Diarrhoeal Disease,2024,52,48,0
West Bengal,North 24 Parganas,Dengue,2017,1,38,0
West Bengal,North 24 Parganas,Dengue,2017,2,10,0
West Bengal,North 24 Parganas,Dengue,2017,3,20,0
West Bengal,North 24 Parganas,Dengue,2017,4,24,1
West Bengal,North 24 Parganas,Dengue,2017,5,18,0
West Bengal,North 24 Parganas,Dengue,2017,6,9,0
West Bengal,North 24 Parganas,Dengue,2017,7,0,0
West Bengal,North 24 Parganas,Dengue,2017,8,3,0
West Bengal,North 24 Parganas,Dengue,2017,9,0,0
West Bengal,North 24 Parganas,Dengue,2017,10,0,0
West Bengal,North 24 Parganas,Dengue,2017,11,8,0
West Bengal,North 24 Parganas,Dengue,2017,12,0,0
West Bengal,North 24 Parganas,Dengue,2017,13,15,0
West Bengal,North 24 Parganas,Dengue,2017,14,7,0
West Bengal,North 24 Parganas,Dengue,2017,15,0,0
West Bengal,North 24 Parganas,Dengue,2017,16,0,0
West Bengal,North 24 Parganas,Dengue,2017,17,22,0
West Bengal,North 24 Parganas,Dengue,2017,18,12,0
West Bengal,North 24 Parganas,Dengue,2017,19,27,0
West Bengal,North 24 Parganas,Dengue,2017,20,32,0
West Bengal,North 24 Parganas,Dengue,2017,21,45,0
West Bengal,North 24 Parganas,Dengue,2017,22,45,0
West Bengal,North 24 Parganas,Dengue,2017,23,62,0
West Bengal,North 24 Parganas,Dengue,2017,24,53,0
West Bengal,North 24 Parganas,Dengue,2017,25,76,0
West Bengal,North 24 Parganas,Dengue,2017,26,81,0
West Bengal,North 24 Parganas,Dengue,2017,27,80,0
West Bengal,North 24 Parganas,Dengue,2017,28,72,0
West Bengal,North 24 Parganas,Dengue,2017,29,0,0
West Bengal,North 24 Parganas,Dengue,2017,30,103,0
West Bengal,North 24 Parganas,Dengue,2017,31,103,0
West Bengal,North 24 Parganas,Dengue,2017,32,98,0
West Bengal,North 24 Parganas,Dengue,2017,33,105,0
West Bengal,North 24 Parganas,Dengue,2017,34,108,0
West Bengal,North 24 Parganas,Dengue,2017,35,123,0
West Bengal,North 24 Parganas,Dengue,2017,36,110,0
West Bengal,North 24 Parganas,Dengue,2017,37,105,0
West Bengal,North 24 Parganas,Dengue,2017,38,104,0
West Bengal,North 24 Parganas,Dengue,2017,39,101,0
West Bengal,North 24 Parganas,Dengue,2017,40,98,0
West Bengal,North 24 Parganas,Dengue,2017,41,97,0
West Bengal,North 24 Parganas,Dengue,2017,42,89,0
West Bengal,North 24 Parganas,Dengue,2017,43,89,0
West Bengal,North 24 Parganas,Dengue,2017,44,88,0
West Bengal,North 24 Parganas,Dengue,2017,45,85,0
West Bengal,North 24 Parganas,Dengue,2017,46,65,0
West Bengal,North 24 Parganas,Dengue,2017,47,74,0
West Bengal,North 24 Parganas,Dengue,2017,48,53,1
West Bengal,North 24 Parganas,Dengue,2017,49,40,0
West Bengal,North 24 Parganas,Dengue,2017,50,41,0
West Bengal,North 24 Parganas,Dengue,2017,51,38,0
West Bengal,North 24 Parganas,Dengue,2017,52,30,0
West Bengal,North 24 Parganas,Dengue,2018,1,38,0
West Bengal,North 24 Parganas,Dengue,2018,2,34,0
West Bengal,North 24 Parganas,Dengue,2018,3,12,0
West Bengal,North 24 Parganas,Dengue,2018,4,17,2
West Bengal,North 24 Parganas,Dengue,2018,5,17,0
West Bengal,North 24 Parganas,Dengue,2018,6,0,0
West Bengal,North 24 Parganas,Dengue,2018,7,0,0
West Bengal,North 24 Parganas,Dengue,2018,8,7,0
West Bengal,North 24 Parganas,Dengue,2018,9,6,0
West Bengal,North 24 Parganas,Dengue,2018,10,0,0
West Bengal,North 24 Parganas,Dengue,2018,11,0,0
West Bengal,North 24 Parganas,Dengue,2018,12,9,0
West Bengal,North 24 Parganas,Dengue,2018,13,7,0
West Bengal,North 24 Parganas,Dengue,2018,14,2,0
West Bengal,North 24 Parganas,Dengue,2018,15,16,0
West Bengal,North 24 Parganas,Dengue,2018,16,15,0
West Bengal,North 24 Parganas,Dengue,2018,17,30,0
West Bengal,North 24 Parganas,Dengue,2018,18,17,0
West Bengal,North 24 Parganas,Dengue,2018,19,39,0
West Bengal,North 24 Parganas,Dengue,2018,20,40,0
West Bengal,North 24 Parganas,Dengue,2018,21,42,0
West Bengal,North 24 Parganas,Dengue,2018,22,44,0
West Bengal,North 24 Parganas,Dengue,2018,23,43,0
West Bengal,North 24 Parganas,Dengue,2018,24,57,0
West Bengal,North 24 Parganas,Dengue,2018,25,56,0
West Bengal,North 24 Parganas,Dengue,2018,26,78,0
West Bengal,North 24 Parganas,Dengue,2018,27,83,0
West Bengal,North 24 Parganas,Dengue,2018,28,93,0
West Bengal,North 24 Parganas,Dengue,2018,29,91,0
West Bengal,North 24 Parganas,Dengue,2018,30,94,0
West Bengal,North 24 Parganas,Dengue,2018,31,89,0
West Bengal,North 24 Parganas,Dengue,2018,32,82,0
West Bengal,North 24 Parganas,Dengue,2018,33,105,0
West Bengal,North 24 Parganas,Dengue,2018,34,113,0
West Bengal,North 24 Parganas,Dengue,2018,35,115,0
West Bengal,North 24 Parganas,Dengue,2018,36,108,0
West Bengal,North 24 Parganas,Dengue,2018,37,105,0
West Bengal,North 24 Parganas,Dengue,2018,38,109,0
West Bengal,North 24 Parganas,Dengue,2018,39,94,0
West Bengal,North 24 Parganas,Dengue,2018,40,118,0
West Bengal,North 24 Parganas,Dengue,2018,41,106,0
West Bengal,North 24 Parganas,Dengue,2018,42,98,0
West Bengal,North 24 Parganas,Dengue,2018,43,84,0
West Bengal,North 24 Parganas,Dengue,2018,44,88,0
West Bengal,North 24 Parganas,Dengue,2018,45,78,0
West Bengal,North 24 Parganas,Dengue,2018,46,79,0
West Bengal,North 24 Parganas,Dengue,2018,47,74,0
West Bengal,North 24 Parganas,Dengue,2018,48,71,0
West Bengal,North 24 Parganas,Dengue,2018,49,52,1
West Bengal,North 24 Parganas,Dengue,2018,50,38,0
West Bengal,North 24 Parganas,Dengue,2018,51,35,0
West Bengal,North 24 Parganas,Dengue,2018,52,34,0
West Bengal,North 24 Parganas,Dengue,2019,1,19,0
West Bengal,North 24 Parganas,Dengue,2019,2,22,0
West Bengal,North 24 Parganas,Dengue,2019,3,6,0
West Bengal,North 24 Parganas,Dengue,2019,4,16,0
West Bengal,North 24 Parganas,Dengue,2019,5,15,0
West Bengal,North 24 Parganas,Dengue,2019,6,18,0
West Bengal,North 24 Parganas,Dengue,2019,7,2,0
West Bengal,North 24 Parganas,Dengue,2019,8,0,0
West Bengal,North 24 Parganas,Dengue,2019,9,8,0
West Bengal,North 24 Parganas,Dengue,2019,10,3,0
West Bengal,North 24 Parganas,Dengue,2019,11,5,0
West Bengal,North 24 Parganas,Dengue,2019,12,8,0
West Bengal,North 24 Parganas,Dengue,2019,13,6,0
West Bengal,North 24 Parganas,Dengue,2019,14,1,0
West Bengal,North 24 Parganas,Dengue,2019,15,0,0
West Bengal,North 24 Parganas,Dengue,2019,16,11,0
West Bengal,North 24 Parganas,Dengue,2019,17,11,0
West Bengal,North 24 Parganas,Dengue,2019,18,30,0
West Bengal,North 24 Parganas,Dengue,2019,19,20,0
West Bengal,North 24 Parganas,Dengue,2019,20,41,0
West Bengal,North 24 Parganas,Dengue,2019,21,47,0
West Bengal,North 24 Parganas,Dengue,2019,22,59,0
West Bengal,North 24 Parganas,Dengue,2019,23,57,0
West Bengal,North 24 Parganas,Dengue,2019,24,67,0
West Bengal,North 24 Parganas,Dengue,2019,25,63,0
West Bengal,North 24 Parganas,Dengue,2019,26,70,0
West Bengal,North 24 Parganas,Dengue,2019,27,85,0
West Bengal,North 24 Parganas,Dengue,2019,28,75,0
West Bengal,North 24 Parganas,Dengue,2019,29,96,0
West Bengal,North 24 Parganas,Dengue,2019,30,89,0
West Bengal,North 24 Parganas,Dengue,2019,31,102,0
West Bengal,North 24 Parganas,Dengue,2019,32,99,0
West Bengal,North 24 Parganas,Dengue,2019,33,110,0
West Bengal,North 24 Parganas,Dengue,2019,34,104,0
West Bengal,North 24 Parganas,Dengue,2019,35,105,0
West Bengal,North 24 Parganas,Dengue,2019,36,102,0
West Bengal,North 24 Parganas,Dengue,2019,37,110,0
West Bengal,North 24 Parganas,Dengue,2019,38,105,0
West Bengal,North 24 Parganas,Dengue,2019,39,88,0
West Bengal,North 24 Parganas,Dengue,2019,40,0,0
West Bengal,North 24 Parganas,Dengue,2019,41,88,0
West Bengal,North 24 Parganas,Dengue,2019,42,95,0
West Bengal,North 24 Parganas,Dengue,2019,43,96,0
West Bengal,North 24 Parganas,Dengue,2019,44,91,0
West Bengal,North 24 Parganas,Dengue,2019,45,71,0
West Bengal,North 24 Parganas,Dengue,2019,46,74,0
West Bengal,North 24 Parganas,Dengue,2019,47,66,0
West Bengal,North 24 Parganas,Dengue,2019,48,62,0
West Bengal,North 24 Parganas,Dengue,2019,49,48,0
West Bengal,North 24 Parganas,Dengue,2019,50,49,0
West Bengal,North 24 Parganas,Dengue,2019,51,50,0
West Bengal,North 24 Parganas,Dengue,2019,52,27,0
West Bengal,North 24 Parganas,Dengue,2020,1,17,0
West Bengal,North 24 Parganas,Dengue,2020,2,28,0
West Bengal,North 24 Parganas,Dengue,2020,3,15,0
West Bengal,North 24 Parganas,Dengue,2020,4,4,0
West Bengal,North 24 Parganas,Dengue,2020,5,5,0
West Bengal,North 24 Parganas,Dengue,2020,6,11,0
West Bengal,North 24 Parganas,Dengue,2020,7,1,0
West Bengal,North 24 Parganas,Dengue,2020,8,1,0
West Bengal,North 24 Parganas,Dengue,2020,9,8,0
West Bengal,North 24 Parganas,Dengue,2020,10,9,0
West Bengal,North 24 Parganas,Dengue,2020,11,4,0
West Bengal,North 24 Parganas,Dengue,2020,12,5,0
West Bengal,North 24 Parganas,Dengue,2020,13,0,0
West Bengal,North 24 Parganas,Dengue,2020,14,16,0
West Bengal,North 24 Parganas,Dengue,2020,15,8,0
West Bengal,North 24 Parganas,Dengue,2020,16,17,0
West Bengal,North 24 Parganas,Dengue,2020,17,14,0
West Bengal,North 24 Parganas,Dengue,2020,18,16,0
West Bengal,North 24 Parganas,Dengue,2020,19,24,0
West Bengal,North 24 Parganas,Dengue,2020,20,44,0
West Bengal,North 24 Parganas,Dengue,2020,21,55,0
West Bengal,North 24 Parganas,Dengue,2020,22,38,0
West Bengal,North 24 Parganas,Dengue,2020,23,61,0
West Bengal,North 24 Parganas,Dengue,2020,24,49,0
West Bengal,North 24 Parganas,Dengue,2020,25,64,0
West Bengal,North 24 Parganas,Dengue,2020,26,69,0
West Bengal,North 24 Parganas,Dengue,2020,27,84,0
West Bengal,North 24 Parganas,Dengue,2020,28,0,0
West Bengal,North 24 Parganas,Dengue,2020,29,94,0
West Bengal,North 24 Parganas,Dengue,2020,30,95,0
West Bengal,North 24 Parganas,Dengue,2020,31,94,0
West Bengal,North 24 Parganas,Dengue,2020,32,113,2
West Bengal,North 24 Parganas,Dengue,2020,33,96,2
West Bengal,North 24 Parganas,Dengue,2020,34,106,0
West Bengal,North 24 Parganas,Dengue,2020,35,103,0
West Bengal,North 24 Parganas,Dengue,2020,36,102,0
West Bengal,North 24 Parganas,Dengue,2020,37,102,0
West Bengal,North 24 Parganas,Dengue,2020,38,112,0
West Bengal,North 24 Parganas,Dengue,2020,39,112,0
West Bengal,North 24 Parganas,Dengue,2020,40,99,0
West Bengal,North 24 Parganas,Dengue,2020,41,98,0
West Bengal,North 24 Parganas,Dengue,2020,42,90,0
West Bengal,North 24 Parganas,Dengue,2020,43,95,0
West Bengal,North 24 Parganas,Dengue,2020,44,0,0
West Bengal,North 24 Parganas,Dengue,2020,45,79,0
West Bengal,North 24 Parganas,Dengue,2020,46,78,0
West Bengal,North 24 Parganas,Dengue,2020,47,70,0
West Bengal,North 24 Parganas,Dengue,2020,48,66,0
West Bengal,North 24 Parganas,Dengue,2020,49,59,0
West Bengal,North 24 Parganas,Dengue,2020,50,43,0
West Bengal,North 24 Parganas,Dengue,2020,51,34,0
West Bengal,North 24 Parganas,Dengue,2020,52,35,0
West Bengal,North 24 Parganas,Dengue,2021,1,17,0
West Bengal,North 24 Parganas,Dengue,2021,2,22,0
West Bengal,North 24 Parganas,Dengue,2021,3,17,0
West Bengal,North 24 Parganas,Dengue,2021,4,7,0
West Bengal,North 24 Parganas,Dengue,2021,5,7,0
West Bengal,North 24 Parganas,Dengue,2021,6,6,0
West Bengal,North 24 Parganas,Dengue,2021,7,11,0
West Bengal,North 24 Parganas,Dengue,2021,8,0,0
West Bengal,North 24 Parganas,Dengue,2021,9,4,0
West Bengal,North 24 Parganas,Dengue,2021,10,7,0
West Bengal,North 24 Parganas,Dengue,2021,11,10,0
West Bengal,North 24 Parganas,Dengue,2021,12,0,0
West Bengal,North 24 Parganas,Dengue,2021,13,4,0
West Bengal,North 24 Parganas,Dengue,2021,14,14,0
West Bengal,North 24 Parganas,Dengue,2021,15,9,0
West Bengal,North 24 Parganas,Dengue,2021,16,22,0
West Bengal,North 24 Parganas,Dengue,2021,17,11,0
West Bengal,North 24 Parganas,Dengue,2021,18,27,0
West Bengal,North 24 Parganas,Dengue,2021,19,30,0
West Bengal,North 24 Parganas,Dengue,2021,20,29,0
West Bengal,North 24 Parganas,Dengue,2021,21,45,0
West Bengal,North 24 Parganas,Dengue,2021,22,37,0
West Bengal,North 24 Parganas,Dengue,2021,23,59,0
West Bengal,North 24 Parganas,Dengue,2021,24,49,0
West Bengal,North 24 Parganas,Dengue,2021,25,71,0
West Bengal,North 24 Parganas,Dengue,2021,26,74,0
West Bengal,North 24 Parganas,Dengue,2021,27,84,0
West Bengal,North 24 Parganas,Dengue,2021,28,89,0
West Bengal,North 24 Parganas,Dengue,2021,29,93,0
West Bengal,North 24 Parganas,Dengue,2021,30,91,0
West Bengal,North 24 Parganas,Dengue,2021,31,100,0
West Bengal,North 24 Parganas,Dengue,2021,32,95,0
West Bengal,North 24 Parganas,Dengue,2021,33,108,0
West Bengal,North 24 Parganas,Dengue,2021,34,103,0
West Bengal,North 24 Parganas,Dengue,2021,35,99,0
West Bengal,North 24 Parganas,Dengue,2021,36,107,0
West Bengal,North 24 Parganas,Dengue,2021,37,105,0
West Bengal,North 24 Parganas,Dengue,2021,38,100,0
West Bengal,North 24 Parganas,Dengue,2021,39,115,2
West Bengal,North 24 Parganas,Dengue,2021,40,106,0
West Bengal,North 24 Parganas,Dengue,2021,41,97,0
West Bengal,North 24 Parganas,Dengue,2021,42,99,0
West Bengal,North 24 Parganas,Dengue,2021,43,87,0
West Bengal,North 24 Parganas,Dengue,2021,44,83,0
West Bengal,North 24 Parganas,Dengue,2021,45,77,0
West Bengal,North 24 Parganas,Dengue,2021,46,59,0
West Bengal,North 24 Parganas,Dengue,2021,47,68,0
West Bengal,North 24 Parganas,Dengue,2021,48,50,0
West Bengal,North 24 Parganas,Dengue,2021,49,44,0
West Bengal,North 24 Parganas,Dengue,2021,50,48,0
West Bengal,North 24 Parganas,Dengue,2021,51,47,0
West Bengal,North 24 Parganas,Dengue,2021,52,35,0
West Bengal,North 24 Parganas,Dengue,2022,1,32,0
West Bengal,North 24 Parganas,Dengue,2022,2,22,0
West Bengal,North 24 Parganas,Dengue,2022,3,25,0
West Bengal,North 24 Parganas,Dengue,2022,4,20,0
West Bengal,North 24 Parganas,Dengue,2022,5,17,0
West Bengal,North 24 Parganas,Dengue,2022,6,9,0
West Bengal,North 24 Parganas,Dengue,2022,7,6,0
West Bengal,North 24 Parganas,Dengue,2022,8,4,0
West Bengal,North 24 Parganas,Dengue,2022,9,0,0
West Bengal,North 24 Parganas,Dengue,2022,10,0,0
West Bengal,North 24 Parganas,Dengue,2022,11,0,0
West Bengal,North 24 Parganas,Dengue,2022,12,0,0
West Bengal,North 24 Parganas,Dengue,2022,13,0,0
West Bengal,North 24 Parganas,Dengue,2022,14,0,0
West Bengal,North 24 Parganas,Dengue,2022,15,10,0
West Bengal,North 24 Parganas,Dengue,2022,16,8,0
West Bengal,North 24 Parganas,Dengue,2022,17,15,0
West Bengal,North 24 Parganas,Dengue,2022,18,20,1
West Bengal,North 24 Parganas,Dengue,2022,19,32,0
West Bengal,North 24 Parganas,Dengue,2022,20,39,0
West Bengal,North 24 Parganas,Dengue,2022,21,29,0
West Bengal,North 24 Parganas,Dengue,2022,22,60,0
West Bengal,North 24 Parganas,Dengue,2022,23,47,0
West Bengal,North 24 Parganas,Dengue,2022,24,50,0
West Bengal,North 24 Parganas,Dengue,2022,25,0,0
West Bengal,North 24 Parganas,Dengue,2022,26,66,0
West Bengal,North 24 Parganas,Dengue,2022,27,78,0
West Bengal,North 24 Parganas,Dengue,2022,28,91,0
West Bengal,North 24 Parganas,Dengue,2022,29,93,0
West Bengal,North 24 Parganas,Dengue,2022,30,92,0
West Bengal,North 24 Parganas,Dengue,2022,31,117,0
West Bengal,North 24 Parganas,Dengue,2022,32,104,0
West Bengal,North 24 Parganas,Dengue,2022,33,105,0
West Bengal,North 24 Parganas,Dengue,2022,34,113,0
West Bengal,North 24 Parganas,Dengue,2022,35,114,0
West Bengal,North 24 Parganas,Dengue,2022,36,106,0
West Bengal,North 24 Parganas,Dengue,2022,37,105,0
West Bengal,North 24 Parganas,Dengue,2022,38,115,0
West Bengal,North 24 Parganas,Dengue,2022,39,109,0
West Bengal,North 24 Parganas,Dengue,2022,40,93,0
West Bengal,North 24 Parganas,Dengue,2022,41,98,0
West Bengal,North 24 Parganas,Dengue,2022,42,97,0
West Bengal,North 24 Parganas,Dengue,2022,43,97,0
West Bengal,North 24 Parganas,Dengue,2022,44,79,0
West Bengal,North 24 Parganas,Dengue,2022,45,69,0
West Bengal,North 24 Parganas,Dengue,2022,46,76,0
West Bengal,North 24 Parganas,Dengue,2022,47,67,0
West Bengal,North 24 Parganas,Dengue,2022,48,67,0
West Bengal,North 24 Parganas,Dengue,2022,49,60,0
West Bengal,North 24 Parganas,Dengue,2022,50,52,0
West Bengal,North 24 Parganas,Dengue,2022,51,55,0
West Bengal,North 24 Parganas,Dengue,2022,52,37,0
West Bengal,North 24 Parganas,Dengue,2023,1,29,0
West Bengal,North 24 Parganas,Dengue,2023,2,20,0
West Bengal,North 24 Parganas,Dengue,2023,3,21,0
West Bengal,North 24 Parganas,Dengue,2023,4,4,0
West Bengal,North 24 Parganas,Dengue,2023,5,19,0
West Bengal,North 24 Parganas,Dengue,2023,6,4,0
West Bengal,North 24 Parganas,Dengue,2023,7,3,0
West Bengal,North 24 Parganas,Dengue,2023,8,8,0
West Bengal,North 24 Parganas,Dengue,2023,9,0,0
West Bengal,North 24 Parganas,Dengue,2023,10,6,0
West Bengal,North 24 Parganas,Dengue,2023,11,0,0
West Bengal,North 24 Parganas,Dengue,2023,12,0,0
West Bengal,North 24 Parganas,Dengue,2023,13,0,0
West Bengal,North 24 Parganas,Dengue,2023,14,11,0
West Bengal,North 24 Parganas,Dengue,2023,15,13,0
West Bengal,North 24 Parganas,Dengue,2023,16,13,0
West Bengal,North 24 Parganas,Dengue,2023,17,24,0
West Bengal,North 24 Parganas,Dengue,2023,18,10,0
West Bengal,North 24 Parganas,Dengue,2023,19,30,0
West Bengal,North 24 Parganas,Dengue,2023,20,32,0
West Bengal,North 24 Parganas,Dengue,2023,21,39,0
West Bengal,North 24 Parganas,Dengue,2023,22,47,0
West Bengal,North 24 Parganas,Dengue,2023,23,49,0
West Bengal,North 24 Parganas,Dengue,2023,24,68,0
West Bengal,North 24 Parganas,Dengue,2023,25,65,0
West Bengal,North 24 Parganas,Dengue,2023,26,70,0
West Bengal,North 24 Parganas,Dengue,2023,27,64,0
West Bengal,North 24 Parganas,Dengue,2023,28,80,0
West Bengal,North 24 Parganas,Dengue,2023,29,0,0
West Bengal,North 24 Parganas,Dengue,2023,30,90,0
West Bengal,North 24 Parganas,Dengue,2023,31,98,0
West Bengal,North 24 Parganas,Dengue,2023,32,99,0
West Bengal,North 24 Parganas,Dengue,2023,33,110,0
West Bengal,North 24 Parganas,Dengue,2023,34,95,1
West Bengal,North 24 Parganas,Dengue,2023,35,101,0
West Bengal,North 24 Parganas,Dengue,2023,36,100,0
West Bengal,North 24 Parganas,Dengue,2023,37,101,0
West Bengal,North 24 Parganas,Dengue,2023,38,112,0
West Bengal,North 24 Parganas,Dengue,2023,39,105,0
West Bengal,North 24 Parganas,Dengue,2023,40,107,0
West Bengal,North 24 Parganas,Dengue,2023,41,101,0
West Bengal,North 24 Parganas,Dengue,2023,42,99,0
West Bengal,North 24 Parganas,Dengue,2023,43,82,2
West Bengal,North 24 Parganas,Dengue,2023,44,79,0
West Bengal,North 24 Parganas,Dengue,2023,45,75,0
West Bengal,North 24 Parganas,Dengue,2023,46,59,0
West Bengal,North 24 Parganas,Dengue,2023,47,74,0
West Bengal,North 24 Parganas,Dengue,2023,48,61,0
West Bengal,North 24 Parganas,Dengue,2023,49,55,0
West Bengal,North 24 Parganas,Dengue,2023,50,48,0
West Bengal,North 24 Parganas,Dengue,2023,51,39,0
West Bengal,North 24 Parganas,Dengue,2023,52,32,0
West Bengal,North 24 Parganas,Dengue,2024,1,29,0
West Bengal,North 24 Parganas,Dengue,2024,2,33,0
West Bengal,North 24 Parganas,Dengue,2024,3,19,0
West Bengal,North 24 Parganas,Dengue,2024,4,6,1
West Bengal,North 24 Parganas,Dengue,2024,5,8,1
West Bengal,North 24 Parganas,Dengue,2024,6,0,0
West Bengal,North 24 Parganas,Dengue,2024,7,8,0
West Bengal,North 24 Parganas,Dengue,2024,8,0,0
West Bengal,North 24 Parganas,Dengue,2024,9,7,0
West Bengal,North 24 Parganas,Dengue,2024,10,8,0
West Bengal,North 24 Parganas,Dengue,2024,11,7,0
West Bengal,North 24 Parganas,Dengue,2024,12,0,0
West Bengal,North 24 Parganas,Dengue,2024,13,9,0
West Bengal,North 24 Parganas,Dengue,2024,14,16,0
West Bengal,North 24 Parganas,Dengue,2024,15,19,0
West Bengal,North 24 Parganas,Dengue,2024,16,20,0
West Bengal,North 24 Parganas,Dengue,2024,17,26,0
West Bengal,North 24 Parganas,Dengue,2024,18,28,0
West Bengal,North 24 Parganas,Dengue,2024,19,19,0
West Bengal,North 24 Parganas,Dengue,2024,20,28,0
West Bengal,North 24 Parganas,Dengue,2024,21,40,0
West Bengal,North 24 Parganas,Dengue,2024,22,41,0
West Bengal,North 24 Parganas,Dengue,2024,23,55,0
West Bengal,North 24 Parganas,Dengue,2024,24,61,0
West Bengal,North 24 Parganas,Dengue,2024,25,68,0
West Bengal,North 24 Parganas,Dengue,2024,26,66,0
West Bengal,North 24 Parganas,Dengue,2024,27,81,0
West Bengal,North 24 Parganas,Dengue,2024,28,89,0
West Bengal,North 24 Parganas,Dengue,2024,29,87,0
West Bengal,North 24 Parganas,Dengue,2024,30,96,0
West Bengal,North 24 Parganas,Dengue,2024,31,95,0
West Bengal,North 24 Parganas,Dengue,2024,32,98,0
West Bengal,North 24 Parganas,Dengue,2024,33,102,0
West Bengal,North 24 Parganas,Dengue,2024,34,115,0
West Bengal,North 24 Parganas,Dengue,2024,35,114,0
West Bengal,North 24 Parganas,Dengue,2024,36,0,0
West Bengal,North 24 Parganas,Dengue,2024,37,110,0
West Bengal,North 24 Parganas,Dengue,2024,38,108,0
West Bengal,North 24 Parganas,Dengue,2024,39,97,0
West Bengal,North 24 Parganas,Dengue,2024,40,106,0
West Bengal,North 24 Parganas,Dengue,2024,41,99,0
West Bengal,North 24 Parganas,Dengue,2024,42,102,0
West Bengal,North 24 Parganas,Dengue,2024,43,93,2
West Bengal,North 24 Parganas,Dengue,2024,44,88,0
West Bengal,North 24 Parganas,Dengue,2024,45,73,0
West Bengal,North 24 Parganas,Dengue,2024,46,70,0
West Bengal,North 24 Parganas,Dengue,2024,47,71,0
West Bengal,North 24 Parganas,Dengue,2024,48,52,0
West Bengal,North 24 Parganas,Dengue,2024,49,44,0
West Bengal,North 24 Parganas,Dengue,2024,50,40,0
West Bengal,North 24 Parganas,Dengue,2024,51,43,0
West Bengal,North 24 Parganas,Dengue,2024,52,44,0
West Bengal,North 24 Parganas,Malaria,2017,1,15,0
West Bengal,North 24 Parganas,Malaria,2017,2,19,0
West Bengal,North 24 Parganas,Malaria,2017,3,17,0
West Bengal,North 24 Parganas,Malaria,2017,4,20,0
West Bengal,North 24 Parganas,Malaria,2017,5,15,0
West Bengal,North 24 Parganas,Malaria,2017,6,14,0
West Bengal,North 24 Parganas,Malaria,2017,7,9,0
West Bengal,North 24 Parganas,Malaria,2017,8,11,0
West Bengal,North 24 Parganas,Malaria,2017,9,13,0
West Bengal,North 24 Parganas,Malaria,2017,10,8,0
West Bengal,North 24 Parganas,Malaria,2017,11,12,0
West Bengal,North 24 Parganas,Malaria,2017,12,13,0
West Bengal,North 24 Parganas,Malaria,2017,13,17,0
West Bengal,North 24 Parganas,Malaria,2017,14,20,2
West Bengal,North 24 Parganas,Malaria,2017,15,24,0
West Bengal,North 24 Parganas,Malaria,2017,16,17,0
West Bengal,North 24 Parganas,Malaria,2017,17,21,0
West Bengal,North 24 Parganas,Malaria,2017,18,27,1
West Bengal,North 24 Parganas,Malaria,2017,19,27,0
West Bengal,North 24 Parganas,Malaria,2017,20,36,0
West Bengal,North 24 Parganas,Malaria,2017,21,37,0
West Bengal,North 24 Parganas,Malaria,2017,22,37,0
West Bengal,North 24 Parganas,Malaria,2017,23,44,0
West Bengal,North 24 Parganas,Malaria,2017,24,45,0
West Bengal,North 24 Parganas,Malaria,2017,25,40,0
West Bengal,North 24 Parganas,Malaria,2017,26,46,0
West Bengal,North 24 Parganas,Malaria,2017,27,48,0
West Bengal,North 24 Parganas,Malaria,2017,28,48,0
West Bengal,North 24 Parganas,Malaria,2017,29,50,0
West Bengal,North 24 Parganas,Malaria,2017,30,43,0
West Bengal,North 24 Parganas,Malaria,2017,31,53,0
West Bengal,North 24 Parganas,Malaria,2017,32,53,0
West Bengal,North 24 Parganas,Malaria,2017,33,55,0
West Bengal,North 24 Parganas,Malaria,2017,34,51,0
West Bengal,North 24 Parganas,Malaria,2017,35,47,0
West Bengal,North 24 Parganas,Malaria,2017,36,47,0
West Bengal,North 24 Parganas,Malaria,2017,37,48,0
West Bengal,North 24 Parganas,Malaria,2017,38,39,0
West Bengal,North 24 Parganas,Malaria,2017,39,0,0
West Bengal,North 24 Parganas,Malaria,2017,40,39,0
West Bengal,North 24 Parganas,Malaria,2017,41,36,0
West Bengal,North 24 Parganas,Malaria,2017,42,42,0
West Bengal,North 24 Parganas,Malaria,2017,43,34,0
West Bengal,North 24 Parganas,Malaria,2017,44,36,0
West Bengal,North 24 Parganas,Malaria,2017,45,36,0
West Bengal,North 24 Parganas,Malaria,2017,46,34,0
West Bengal,North 24 Parganas,Malaria,2017,47,28,0
West Bengal,North 24 Parganas,Malaria,2017,48,22,0
West Bengal,North 24 Parganas,Malaria,2017,49,20,0
West Bengal,North 24 Parganas,Malaria,2017,50,25,0
West Bengal,North 24 Parganas,Malaria,2017,51,20,0
West Bengal,North 24 Parganas,Malaria,2017,52,19,0
West Bengal,North 24 Parganas,Malaria,2018,1,8,0
West Bengal,North 24 Parganas,Malaria,2018,2,18,0
West Bengal,North 24 Parganas,Malaria,2018,3,10,0
West Bengal,North 24 Parganas,Malaria,2018,4,10,0
West Bengal,North 24 Parganas,Malaria,2018,5,5,0
West Bengal,North 24 Parganas,Malaria,2018,6,19,0
West Bengal,North 24 Parganas,Malaria,2018,7,11,1
West Bengal,North 24 Parganas,Malaria,2018,8,0,0
West Bengal,North 24 Parganas,Malaria,2018,9,10,2
West Bengal,North 24 Parganas,Malaria,2018,10,14,0
West Bengal,North 24 Parganas,Malaria,2018,11,18,0
West Bengal,North 24 Parganas,Malaria,2018,12,21,0
West Bengal,North 24 Parganas,Malaria,2018,13,20,0
West Bengal,North 24 Parganas,Malaria,2018,14,16,0
West Bengal,North 24 Parganas,Malaria,2018,15,23,0
West Bengal,North 24 Parganas,Malaria,2018,16,23,0
West Bengal,North 24 Parganas,Malaria,2018,17,27,0
West Bengal,North 24 Parganas,Malaria,2018,18,35,0
West Bengal,North 24 Parganas,Malaria,2018,19,26,0
West Bengal,North 24 Parganas,Malaria,2018,20,37,0
West Bengal,North 24 Parganas,Malaria,2018,21,34,0
West Bengal,North 24 Parganas,Malaria,2018,22,40,0
West Bengal,North 24 Parganas,Malaria,2018,23,40,0
West Bengal,North 24 Parganas,Malaria,2018,24,37,0
West Bengal,North 24 Parganas,Malaria,2018,25,49,0
West Bengal,North 24 Parganas,Malaria,2018,26,47,0
West Bengal,North 24 Parganas,Malaria,2018,27,45,0
West Bengal,North 24 Parganas,Malaria,2018,28,50,0
West Bengal,North 24 Parganas,Malaria,2018,29,52,0
West Bengal,North 24 Parganas,Malaria,2018,30,54,0
West Bengal,North 24 Parganas,Malaria,2018,31,55,0
West Bengal,North 24 Parganas,Malaria,2018,32,49,0
West Bengal,North 24 Parganas,Malaria,2018,33,51,0
West Bengal,North 24 Parganas,Malaria,2018,34,43,0
West Bengal,North 24 Parganas,Malaria,2018,35,48,0
West Bengal,North 24 Parganas,Malaria,2018,36,48,0
West Bengal,North 24 Parganas,Malaria,2018,37,50,0
West Bengal,North 24 Parganas,Malaria,2018,38,47,0
West Bengal,North 24 Parganas,Malaria,2018,39,41,0
West Bengal,North 24 Parganas,Malaria,2018,40,39,0
West Bengal,North 24 Parganas,Malaria,2018,41,45,0
West Bengal,North 24 Parganas,Malaria,2018,42,39,0
West Bengal,North 24 Parganas,Malaria,2018,43,39,0
West Bengal,North 24 Parganas,Malaria,2018,44,37,0
West Bengal,North 24 Parganas,Malaria,2018,45,36,0
West Bengal,North 24 Parganas,Malaria,2018,46,23,0
West Bengal,North 24 Parganas,Malaria,2018,47,23,0
West Bengal,North 24 Parganas,Malaria,2018,48,27,0
West Bengal,North 24 Parganas,Malaria,2018,49,24,0
West Bengal,North 24 Parganas,Malaria,2018,50,23,0
West Bengal,North 24 Parganas,Malaria,2018,51,20,0
West Bengal,North 24 Parganas,Malaria,2018,52,15,0
West Bengal,North 24 Parganas,Malaria,2019,1,17,0
West Bengal,North 24 Parganas,Malaria,2019,2,20,0
West Bengal,North 24 Parganas,Malaria,2019,3,15,0
West Bengal,North 24 Parganas,Malaria,2019,4,7,0
West Bengal,North 24 Parganas,Malaria,2019,5,7,0
West Bengal,North 24 Parganas,Malaria,2019,6,12,0
West Bengal,North 24 Parganas,Malaria,2019,7,8,0
West Bengal,North 24 Parganas,Malaria,2019,8,15,0
West Bengal,North 24 Parganas,Malaria,2019,9,24,0
West Bengal,North 24 Parganas,Malaria,2019,10,19,0
West Bengal,North 24 Parganas,Malaria,2019,11,15,0
West Bengal,North 24 Parganas,Malaria,2019,12,21,0
West Bengal,North 24 Parganas,Malaria,2019,13,18,0
West Bengal,North 24 Parganas,Malaria,2019,14,15,0
West Bengal,North 24 Parganas,Malaria,2019,15,28,0
West Bengal,North 24 Parganas,Malaria,2019,16,20,0
West Bengal,North 24 Parganas,Malaria,2019,17,25,1
West Bengal,North 24 Parganas,Malaria,2019,18,28,0
West Bengal,North 24 Parganas,Malaria,2019,19,26,0
West Bengal,North 24 Parganas,Malaria,2019,20,38,0
West Bengal,North 24 Parganas,Malaria,2019,21,34,0
West Bengal,North 24 Parganas,Malaria,2019,22,38,0
West Bengal,North 24 Parganas,Malaria,2019,23,40,0
West Bengal,North 24 Parganas,Malaria,2019,24,0,0
West Bengal,North 24 Parganas,Malaria,2019,25,40,0
West Bengal,North 24 Parganas,Malaria,2019,26,48,0
West Bengal,North 24 Parganas,Malaria,2019,27,44,0
West Bengal,North 24 Parganas,Malaria,2019,28,43,0
West Bengal,North 24 Parganas,Malaria,2019,29,51,0
West Bengal,North 24 Parganas,Malaria,2019,30,51,0
West Bengal,North 24 Parganas,Malaria,2019,31,50,0
West Bengal,North 24 Parganas,Malaria,2019,32,55,0
West Bengal,North 24 Parganas,Malaria,2019,33,49,0
West Bengal,North 24 Parganas,Malaria,2019,34,49,0
West Bengal,North 24 Parganas,Malaria,2019,35,47,0
West Bengal,North 24 Parganas,Malaria,2019,36,46,0
West Bengal,North 24 Parganas,Malaria,2019,37,47,0
West Bengal,North 24 Parganas,Malaria,2019,38,0,0
West Bengal,North 24 Parganas,Malaria,2019,39,42,0
West Bengal,North 24 Parganas,Malaria,2019,40,43,0
West Bengal,North 24 Parganas,Malaria,2019,41,36,0
West Bengal,North 24 Parganas,Malaria,2019,42,36,0
West Bengal,North 24 Parganas,Malaria,2019,43,41,0
West Bengal,North 24 Parganas,Malaria,2019,44,0,0
West Bengal,North 24 Parganas,Malaria,2019,45,34,0
West Bengal,North 24 Parganas,Malaria,2019,46,27,2
West Bengal,North 24 Parganas,Malaria,2019,47,27,0
West Bengal,North 24 Parganas,Malaria,2019,48,27,0
West Bengal,North 24 Parganas,Malaria,2019,49,27,0
West Bengal,North 24 Parganas,Malaria,2019,50,18,0
West Bengal,North 24 Parganas,Malaria,2019,51,19,0
West Bengal,North 24 Parganas,Malaria,2019,52,11,0
West Bengal,North 24 Parganas,Malaria,2020,1,11,0
West Bengal,North 24 Parganas,Malaria,2020,2,13,0
West Bengal,North 24 Parganas,Malaria,2020,3,9,0
West Bengal,North 24 Parganas,Malaria,2020,4,12,0
West Bengal,North 24 Parganas,Malaria,2020,5,7,0
West Bengal,North 24 Parganas,Malaria,2020,6,11,0
West Bengal,North 24 Parganas,Malaria,2020,7,14,0
West Bengal,North 24 Parganas,Malaria,2020,8,9,0
West Bengal,North 24 Parganas,Malaria,2020,9,18,0
West Bengal,North 24 Parganas,Malaria,2020,10,15,0
West Bengal,North 24 Parganas,Malaria,2020,11,16,0
West Bengal,North 24 Parganas,Malaria,2020,12,13,0
West Bengal,North 24 Parganas,Malaria,2020,13,19,0
West Bengal,North 24 Parganas,Malaria,2020,14,0,0
West Bengal,North 24 Parganas,Malaria,2020,15,25,0
West Bengal,North 24 Parganas,Malaria,2020,16,22,0
West Bengal,North 24 Parganas,Malaria,2020,17,23,0
West Bengal,North 24 Parganas,Malaria,2020,18,37,0
West Bengal,North 24 Parganas,Malaria,2020,19,33,0
West Bengal,North 24 Parganas,Malaria,2020,20,36,0
West Bengal,North 24 Parganas,Malaria,2020,21,38,0
West Bengal,North 24 Parganas,Malaria,2020,22,34,0
West Bengal,North 24 Parganas,Malaria,2020,23,38,0
West Bengal,North 24 Parganas,Malaria,2020,24,43,0
West Bengal,North 24 Parganas,Malaria,2020,25,37,0
West Bengal,North 24 Parganas,Malaria,2020,26,47,0
West Bengal,North 24 Parganas,Malaria,2020,27,46,0
West Bengal,North 24 Parganas,Malaria,2020,28,50,0
West Bengal,North 24 Parganas,Malaria,2020,29,50,0
West Bengal,North 24 Parganas,Malaria,2020,30,46,0
West Bengal,North 24 Parganas,Malaria,2020,31,52,0
West Bengal,North 24 Parganas,Malaria,2020,32,0,0
West Bengal,North 24 Parganas,Malaria,2020,33,53,0
West Bengal,North 24 Parganas,Malaria,2020,34,51,0
West Bengal,North 24 Parganas,Malaria,2020,35,46,0
West Bengal,North 24 Parganas,Malaria,2020,36,48,0
West Bengal,North 24 Parganas,Malaria,2020,37,49,0
West Bengal,North 24 Parganas,Malaria,2020,38,49,0
West Bengal,North 24 Parganas,Malaria,2020,39,47,0
West Bengal,North 24 Parganas,Malaria,2020,40,44,0
West Bengal,North 24 Parganas,Malaria,2020,41,39,0
West Bengal,North 24 Parganas,Malaria,2020,42,35,0
West Bengal,North 24 Parganas,Malaria,2020,43,42,0
West Bengal,North 24 Parganas,Malaria,2020,44,30,0
West Bengal,North 24 Parganas,Malaria,2020,45,26,0
West Bengal,North 24 Parganas,Malaria,2020,46,26,1
West Bengal,North 24 Parganas,Malaria,2020,47,21,0
West Bengal,North 24 Parganas,Malaria,2020,48,20,0
West Bengal,North 24 Parganas,Malaria,2020,49,23,0
West Bengal,North 24 Parganas,Malaria,2020,50,22,0
West Bengal,North 24 Parganas,Malaria,2020,51,19,0
West Bengal,North 24 Parganas,Malaria,2020,52,16,0
West Bengal,North 24 Parganas,Malaria,2021,1,0,0
West Bengal,North 24 Parganas,Malaria,2021,2,16,0
West Bengal,North 24 Parganas,Malaria,2021,3,15,0
West Bengal,North 24 Parganas,Malaria,2021,4,13,0
West Bengal,North 24 Parganas,Malaria,2021,5,10,0
West Bengal,North 24 Parganas,Malaria,2021,6,19,0
West Bengal,North 24 Parganas,Malaria,2021,7,5,0
West Bengal,North 24 Parganas,Malaria,2021,8,9,0
West Bengal,North 24 Parganas,Malaria,2021,9,14,0
West Bengal,North 24 Parganas,Malaria,2021,10,10,0
West Bengal,North 24 Parganas,Malaria,2021,11,18,0
West Bengal,North 24 Parganas,Malaria,2021,12,20,0
West Bengal,North 24 Parganas,Malaria,2021,13,18,0
West Bengal,North 24 Parganas,Malaria,2021,14,19,0
West Bengal,North 24 Parganas,Malaria,2021,15,20,0
West Bengal,North 24 Parganas,Malaria,2021,16,23,1
West Bengal,North 24 Parganas,Malaria,2021,17,28,0
West Bengal,North 24 Parganas,Malaria,2021,18,23,0
West Bengal,North 24 Parganas,Malaria,2021,19,32,0
West Bengal,North 24 Parganas,Malaria,2021,20,32,0
West Bengal,North 24 Parganas,Malaria,2021,21,39,0
West Bengal,North 24 Parganas,Malaria,2021,22,39,2
West Bengal,North 24 Parganas,Malaria,2021,23,47,0
West Bengal,North 24 Parganas,Malaria,2021,24,36,0
West Bengal,North 24 Parganas,Malaria,2021,25,45,0
West Bengal,North 24 Parganas,Malaria,2021,26,54,0
West Bengal,North 24 Parganas,Malaria,2021,27,47,0
West Bengal,North 24 Parganas,Malaria,2021,28,49,0
West Bengal,North 24 Parganas,Malaria,2021,29,52,0
West Bengal,North 24 Parganas,Malaria,2021,30,50,0
West Bengal,North 24 Parganas,Malaria,2021,31,50,0
West Bengal,North 24 Parganas,Malaria,2021,32,52,0
West Bengal,North 24 Parganas,Malaria,2021,33,50,0
West Bengal,North 24 Parganas,Malaria,2021,34,48,0
West Bengal,North 24 Parganas,Malaria,2021,35,42,0
West Bengal,North 24 Parganas,Malaria,2021,36,43,0
West Bengal,North 24 Parganas,Malaria,2021,37,48,0
West Bengal,North 24 Parganas,Malaria,2021,38,45,0
West Bengal,North 24 Parganas,Malaria,2021,39,49,0
West Bengal,North 24 Parganas,Malaria,2021,40,40,0
West Bengal,North 24 Parganas,Malaria,2021,41,39,0
West Bengal,North 24 Parganas,Malaria,2021,42,34,0
West Bengal,North 24 Parganas,Malaria,2021,43,0,0
West Bengal,North 24 Parganas,Malaria,2021,44,34,0
West Bengal,North 24 Parganas,Malaria,2021,45,28,0
West Bengal,North 24 Parganas,Malaria,2021,46,35,0
West Bengal,North 24 Parganas,Malaria,2021,47,20,0
West Bengal,North 24 Parganas,Malaria,2021,48,28,0
West Bengal,North 24 Parganas,Malaria,2021,49,22,1
West Bengal,North 24 Parganas,Malaria,2021,50,18,0
West Bengal,North 24 Parganas,Malaria,2021,51,18,0
West Bengal,North 24 Parganas,Malaria,2021,52,22,0
West Bengal,North 24 Parganas,Malaria,2022,1,9,0
West Bengal,North 24 Parganas,Malaria,2022,2,15,0
West Bengal,North 24 Parganas,Malaria,2022,3,19,0
West Bengal,North 24 Parganas,Malaria,2022,4,10,0
West Bengal,North 24 Parganas,Malaria,2022,5,0,0
West Bengal,North 24 Parganas,Malaria,2022,6,11,0
West Bengal,North 24 Parganas,Malaria,2022,7,0,0
West Bengal,North 24 Parganas,Malaria,2022,8,11,0
West Bengal,North 24 Parganas,Malaria,2022,9,8,0
West Bengal,North 24 Parganas,Malaria,2022,10,22,0
West Bengal,North 24 Parganas,Malaria,2022,11,16,0
West Bengal,North 24 Parganas,Malaria,2022,12,15,0
West Bengal,North 24 Parganas,Malaria,2022,13,22,0
West Bengal,North 24 Parganas,Malaria,2022,14,20,0
West Bengal,North 24 Parganas,Malaria,2022,15,22,0
West Bengal,North 24 Parganas,Malaria,2022,16,21,0
West Bengal,North 24 Parganas,Malaria,2022,17,28,0
West Bengal,North 24 Parganas,Malaria,2022,18,29,0
West Bengal,North 24 Parganas,Malaria,2022,19,28,0
West Bengal,North 24 Parganas,Malaria,2022,20,36,0
West Bengal,North 24 Parganas,Malaria,2022,21,35,0
West Bengal,North 24 Parganas,Malaria,2022,22,33,0
West Bengal,North 24 Parganas,Malaria,2022,23,39,0
West Bengal,North 24 Parganas,Malaria,2022,24,47,0
West Bengal,North 24 Parganas,Malaria,2022,25,42,0
West Bengal,North 24 Parganas,Malaria,2022,26,50,0
West Bengal,North 24 Parganas,Malaria,2022,27,43,0
West Bengal,North 24 Parganas,Malaria,2022,28,48,0
West Bengal,North 24 Parganas,Malaria,2022,29,44,0
West Bengal,North 24 Parganas,Malaria,2022,30,44,0
West Bengal,North 24 Parganas,Malaria,2022,31,52,0
West Bengal,North 24 Parganas,Malaria,2022,32,48,0
West Bengal,North 24 Parganas,Malaria,2022,33,53,0
West Bengal,North 24 Parganas,Malaria,2022,34,58,0
West Bengal,North 24 Parganas,Malaria,2022,35,50,0
West Bengal,North 24 Parganas,Malaria,2022,36,47,0
West Bengal,North 24 Parganas,Malaria,2022,37,42,0
West Bengal,North 24 Parganas,Malaria,2022,38,48,0
West Bengal,North 24 Parganas,Malaria,2022,39,47,0
West Bengal,North 24 Parganas,Malaria,2022,40,39,0
West Bengal,North 24 Parganas,Malaria,2022,41,38,0
West Bengal,North 24 Parganas,Malaria,2022,42,39,0
West Bengal,North 24 Parganas,Malaria,2022,43,44,0
West Bengal,North 24 Parganas,Malaria,2022,44,31,0
West Bengal,North 24 Parganas,Malaria,2022,45,35,0
West Bengal,North 24 Parganas,Malaria,2022,46,28,0
West Bengal,North 24 Parganas,Malaria,2022,47,23,0
West Bengal,North 24 Parganas,Malaria,2022,48,22,0
West Bengal,North 24 Parganas,Malaria,2022,49,18,0
West Bengal,North 24 Parganas,Malaria,2022,50,13,0
West Bengal,North 24 Parganas,Malaria,2022,51,17,0
West Bengal,North 24 Parganas,Malaria,2022,52,17,0
West Bengal,North 24 Parganas,Malaria,2023,1,20,0
West Bengal,North 24 Parganas,Malaria,2023,2,14,0
West Bengal,North 24 Parganas,Malaria,2023,3,11,0
West Bengal,North 24 Parganas,Malaria,2023,4,12,0
West Bengal,North 24 Parganas,Malaria,2023,5,12,0
West Bengal,North 24 Parganas,Malaria,2023,6,10,0
West Bengal,North 24 Parganas,Malaria,2023,7,17,0
West Bengal,North 24 Parganas,Malaria,2023,8,9,0
West Bengal,North 24 Parganas,Malaria,2023,9,11,0
West Bengal,North 24 Parganas,Malaria,2023,10,14,0
West Bengal,North 24 Parganas,Malaria,2023,11,13,0
West Bengal,North 24 Parganas,Malaria,2023,12,23,0
West Bengal,North 24 Parganas,Malaria,2023,13,17,2
West Bengal,North 24 Parganas,Malaria,2023,14,20,0
West Bengal,North 24 Parganas,Malaria,2023,15,16,0
West Bengal,North 24 Parganas,Malaria,2023,16,23,0
West Bengal,North 24 Parganas,Malaria,2023,17,31,0
West Bengal,North 24 Parganas,Malaria,2023,18,27,0
West Bengal,North 24 Parganas,Malaria,2023,19,34,0
West Bengal,North 24 Parganas,Malaria,2023,20,32,0
West Bengal,North 24 Parganas,Malaria,2023,21,36,0
West Bengal,North 24 Parganas,Malaria,2023,22,35,0
West Bengal,North 24 Parganas,Malaria,2023,23,35,0
West Bengal,North 24 Parganas,Malaria,2023,24,37,0
West Bengal,North 24 Parganas,Malaria,2023,25,43,0
West Bengal,North 24 Parganas,Malaria,2023,26,49,0
West Bengal,North 24 Parganas,Malaria,2023,27,45,0
West Bengal,North 24 Parganas,Malaria,2023,28,47,0
West Bengal,North 24 Parganas,Malaria,2023,29,49,0
West Bengal,North 24 Parganas,Malaria,2023,30,0,0
West Bengal,North 24 Parganas,Malaria,2023,31,50,0
West Bengal,North 24 Parganas,Malaria,2023,32,51,0
West Bengal,North 24 Parganas,Malaria,2023,33,49,0
West Bengal,North 24 Parganas,Malaria,2023,34,45,0
West Bengal,North 24 Parganas,Malaria,2023,35,48,0
West Bengal,North 24 Parganas,Malaria,2023,36,47,0
West Bengal,North 24 Parganas,Malaria,2023,37,49,0
West Bengal,North 24 Parganas,Malaria,2023,38,46,0
West Bengal,North 24 Parganas,Malaria,2023,39,44,0
West Bengal,North 24 Parganas,Malaria,2023,40,39,0
West Bengal,North 24 Parganas,Malaria,2023,41,44,0
West Bengal,North 24 Parganas,Malaria,2023,42,40,0
West Bengal,North 24 Parganas,Malaria,2023,43,32,0
West Bengal,North 24 Parganas,Malaria,2023,44,31,0
West Bengal,North 24 Parganas,Malaria,2023,45,27,0
West Bengal,North 24 Parganas,Malaria,2023,46,32,0
West Bengal,North 24 Parganas,Malaria,2023,47,31,0
West Bengal,North 24 Parganas,Malaria,2023,48,29,0
West Bengal,North 24 Parganas,Malaria,2023,49,26,0
West Bengal,North 24 Parganas,Malaria,2023,50,22,0
West Bengal,North 24 Parganas,Malaria,2023,51,22,0
West Bengal,North 24 Parganas,Malaria,2023,52,20,0
West Bengal,North 24 Parganas,Malaria,2024,1,19,0
West Bengal,North 24 Parganas,Malaria,2024,2,8,0
West Bengal,North 24 Parganas,Malaria,2024,3,9,0
West Bengal,North 24 Parganas,Malaria,2024,4,17,0
West Bengal,North 24 Parganas,Malaria,2024,5,10,0
West Bengal,North 24 Parganas,Malaria,2024,6,15,0
West Bengal,North 24 Parganas,Malaria,2024,7,8,0
West Bengal,North 24 Parganas,Malaria,2024,8,14,0
West Bengal,North 24 Parganas,Malaria,2024,9,0,0
West Bengal,North 24 Parganas,Malaria,2024,10,18,0
West Bengal,North 24 Parganas,Malaria,2024,11,17,0
West Bengal,North 24 Parganas,Malaria,2024,12,19,0
West Bengal,North 24 Parganas,Malaria,2024,13,20,0
West Bengal,North 24 Parganas,Malaria,2024,14,22,0
West Bengal,North 24 Parganas,Malaria,2024,15,19,0
West Bengal,North 24 Parganas,Malaria,2024,16,19,0
West Bengal,North 24 Parganas,Malaria,2024,17,20,0
West Bengal,North 24 Parganas,Malaria,2024,18,22,0
West Bengal,North 24 Parganas,Malaria,2024,19,26,0
West Bengal,North 24 Parganas,Malaria,2024,20,29,0
West Bengal,North 24 Parganas,Malaria,2024,21,36,0
West Bengal,North 24 Parganas,Malaria,2024,22,36,0
West Bengal,North 24 Parganas,Malaria,2024,23,38,1
West Bengal,North 24 Parganas,Malaria,2024,24,44,0
West Bengal,North 24 Parganas,Malaria,2024,25,46,0
West Bengal,North 24 Parganas,Malaria,2024,26,45,0
West Bengal,North 24 Parganas,Malaria,2024,27,46,0
West Bengal,North 24 Parganas,Malaria,2024,28,50,0
West Bengal,North 24 Parganas,Malaria,2024,29,52,0
West Bengal,North 24 Parganas,Malaria,2024,30,43,0
West Bengal,North 24 Parganas,Malaria,2024,31,47,0
West Bengal,North 24 Parganas,Malaria,2024,32,53,0
West Bengal,North 24 Parganas,Malaria,2024,33,48,0
West Bengal,North 24 Parganas,Malaria,2024,34,53,0
West Bengal,North 24 Parganas,Malaria,2024,35,50,0
West Bengal,North 24 Parganas,Malaria,2024,36,40,0
West Bengal,North 24 Parganas,Malaria,2024,37,44,0
West Bengal,North 24 Parganas,Malaria,2024,38,48,0
West Bengal,North 24 Parganas,Malaria,2024,39,34,0
West Bengal,North 24 Parganas,Malaria,2024,40,42,0
West Bengal,North 24 Parganas,Malaria,2024,41,38,0
West Bengal,North 24 Parganas,Malaria,2024,42,41,0
West Bengal,North 24 Parganas,Malaria,2024,43,43,0
West Bengal,North 24 Parganas,Malaria,2024,44,30,0
West Bengal,North 24 Parganas,Malaria,2024,45,28,0
West Bengal,North 24 Parganas,Malaria,2024,46,27,0
West Bengal,North 24 Parganas,Malaria,2024,47,30,0
West Bengal,North 24 Parganas,Malaria,2024,48,31,0
West Bengal,North 24 Parganas,Malaria,2024,49,18,0
West Bengal,North 24 Parganas,Malaria,2024,50,25,0
West Bengal,North 24 Parganas,Malaria,2024,51,16,0
West Bengal,North 24 Parganas,Malaria,2024,52,30,0
West Bengal,North 24 Parganas,Acute Diarrhoeal Disease,2017,1,74,0
West Bengal,North 24 Parganas,Acute Diarrhoeal Disease,2017,2,39,0
West Bengal,North 24 Parganas,Acute Diarrhoeal Disease,2017,3,44,0
West Bengal,North 24 Parganas,Acute Diarrhoeal Disease,2017,4,36,0
West Bengal,North 24 Parganas,Acute Diarrhoeal Disease,2017,5,0,0
West Bengal,North 24 Parganas,Acute Diarrhoeal Disease,2017,6,25,0
West Bengal,North 24 Parganas,Acute Diarrhoeal Disease,2017,7,39,0
West Bengal,North 24 Parganas,Acute Diarrhoeal Disease,2017,8,15,0
West Bengal,North 24 Parganas,Acute Diarrhoeal Disease,2017,9,14,0
West Bengal,North 24 Parganas,Acute Diarrhoeal Disease,2017,10,14,0
West Bengal,North 24 Parganas,Acute Diarrhoeal Disease,2017,11,21,0
West Bengal,North 24 Parganas,Acute Diarrhoeal Disease,2017,12,13,0
West Bengal,North 24 Parganas,Acute Diarrhoeal Disease,2017,13,13,0
West Bengal,North 24 Parganas,Acute Diarrhoeal Disease,2017,14,32,0
West Bengal,North 24 Parganas,Acute Diarrhoeal Disease,2017,15,14,0
West Bengal,North 24 Parganas,Acute Diarrhoeal Disease,2017,16,16,0
West Bengal,North 24 Parganas,Acute Diarrhoeal Disease,2017,17,29,0
West Bengal,North 24 Parganas,Acute Diarrhoeal Disease,2017,18,12,0
West Bengal,North 24 Parganas,Acute Diarrhoeal Disease,2017,19,26,0
West Bengal,North 24 Parganas,Acute Diarrhoeal Disease,2017,20,35,0
West Bengal,North 24 Parganas,Acute Diarrhoeal Disease,2017,21,55,0
West Bengal,North 24 Parganas,Acute Diarrhoeal Disease,2017,22,44,0
West Bengal,North 24 Parganas,Acute Diarrhoeal Disease,2017,23,66,0
West Bengal,North 24 Parganas,Acute Diarrhoeal Disease,2017,24,46,0
West Bengal,North 24 Parganas,Acute Diarrhoeal Disease,2017,25,70,0
West Bengal,North 24 Parganas,Acute Diarrhoeal Disease,2017,26,76,0
West Bengal,North 24 Parganas,Acute Diarrhoeal Disease,2017,27,90,0
West Bengal,North 24 Parganas,Acute Diarrhoeal Disease,2017,28,97,0
West Bengal,North 24 Parganas,Acute Diarrhoeal Disease,2017,29,105,0
West Bengal,North 24 Parganas,Acute Diarrhoeal Disease,2017,30,105,0
West Bengal,North 24 Parganas,Acute Diarrhoeal Disease,2017,31,111,0
West Bengal,North 24 Parganas,Acute Diarrhoeal Disease,2017,32,104,0
West Bengal,North 24 Parganas,Acute Diarrhoeal Disease,2017,33,121,0
West Bengal,North 24 Parganas,Acute Diarrhoeal Disease,2017,34,128,0
West Bengal,North 24 Parganas,Acute Diarrhoeal Disease,2017,35,132,0
West Bengal,North 24 Parganas,Acute Diarrhoeal Disease,2017,36,140,0
West Bengal,North 24 Parganas,Acute Diarrhoeal Disease,2017,37,130,1
West Bengal,North 24 Parganas,Acute Diarrhoeal Disease,2017,38,121,0
West Bengal,North 24 Parganas,Acute Diarrhoeal Disease,2017,39,125,0
West Bengal,North 24 Parganas,Acute Diarrhoeal Disease,2017,40,122,0
West Bengal,North 24 Parganas,Acute Diarrhoeal Disease,2017,41,113,0
West Bengal,North 24 Parganas,Acute Diarrhoeal Disease,2017,42,127,0
West Bengal,North 24 Parganas,Acute Diarrhoeal Disease,2017,43,112,0
West Bengal,North 24 Parganas,Acute Diarrhoeal Disease,2017,44,122,0
West Bengal,North 24 Parganas,Acute Diarrhoeal Disease,2017,45,111,0
West Bengal,North 24 Parganas,Acute Diarrhoeal Disease,2017,46,110,0
West Bengal,North 24 Parganas,Acute Diarrhoeal Disease,2017,47,101,0
West Bengal,North 24 Parganas,Acute Diarrhoeal Disease,2017,48,93,0
West Bengal,North 24 Parganas,Acute Diarrhoeal Disease,2017,49,86,0
West Bengal,North 24 Parganas,Acute Diarrhoeal Disease,2017,50,74,0
West Bengal,North 24 Parganas,Acute Diarrhoeal Disease,2017,51,80,0
West Bengal,North 24 Parganas,Acute Diarrhoeal Disease,2017,52,70,0
West Bengal,North 24 Parganas,Acute Diarrhoeal Disease,2018,1,64,0
West Bengal,North 24 Parganas,Acute Diarrhoeal Disease,2018,2,50,0
West Bengal,North 24 Parganas,Acute Diarrhoeal Disease,2018,3,59,0
West Bengal,North 24 Parganas,Acute Diarrhoeal Disease,2018,4,48,0
West Bengal,North 24 Parganas,Acute Diarrhoeal Disease,2018,5,32,0
West Bengal,North 24 Parganas,Acute Diarrhoeal Disease,2018,6,45,0
West Bengal,North 24 Parganas,Acute Diarrhoeal Disease,2018,7,28,0
West Bengal,North 24 Parganas,Acute Diarrhoeal Disease,2018,8,25,0
West Bengal,North 24 Parganas,Acute Diarrhoeal Disease,2018,9,36,0
West Bengal,North 24 Parganas,Acute Diarrhoeal Disease,2018,10,10,0
West Bengal,North 24 Parganas,Acute Diarrhoeal Disease,2018,11,22,0
West Bengal,North 24 Parganas,Acute Diarrhoeal Disease,2018,12,14,0
West Bengal,North 24 Parganas,Acute Diarrhoeal Disease,2018,13,8,0
West Bengal,North 24 Parganas,Acute Diarrhoeal Disease,2018,14,4,0
West Bengal,North 24 Parganas,Acute Diarrhoeal Disease,2018,15,6,2
West Bengal,North 24 Parganas,Acute Diarrhoeal Disease,2018,16,32,0
West Bengal,North 24 Parganas,Acute Diarrhoeal Disease,2018,17,29,0
West Bengal,North 24 Parganas,Acute Diarrhoeal Disease,2018,18,25,0
West Bengal,North 24 Parganas,Acute Diarrhoeal Disease,2018,19,45,0
West Bengal,North 24 Parganas,Acute Diarrhoeal Disease,2018,20,44,0
West Bengal,North 24 Parganas,Acute Diarrhoeal Disease,2018,21,50,0
West Bengal,North 24 Parganas,Acute Diarrhoeal Disease,2018,22,55,0
West Bengal,North 24 Parganas,Acute Diarrhoeal Disease,2018,23,59,0
West Bengal,North 24 Parganas,Acute Diarrhoeal Disease,2018,24,52,0
West Bengal,North 24 Parganas,Acute Diarrhoeal Disease,2018,25,65,0
West Bengal,North 24 Parganas,Acute Diarrhoeal Disease,2018,26,84,0
West Bengal,North 24 Parganas,Acute Diarrhoeal Disease,2018,27,90,0
West Bengal,North 24 Parganas,Acute Diarrhoeal Disease,2018,28,83,0
West Bengal,North 24 Parganas,Acute Diarrhoeal Disease,2018,29,106,0
West Bengal,North 24 Parganas,Acute Diarrhoeal Disease,2018,30,106,0
West Bengal,North 24 Parganas,Acute Diarrhoeal Disease,2018,31,104,0
West Bengal,North 24 Parganas,Acute Diarrhoeal Disease,2018,32,121,0
West Bengal,North 24 Parganas,Acute Diarrhoeal Disease,2018,33,0,0
West Bengal,North 24 Parganas,Acute Diarrhoeal Disease,2018,34,130,0
West Bengal,North 24 Parganas,Acute Diarrhoeal Disease,2018,35,120,0
West Bengal,North 24 Parganas,Acute Diarrhoeal Disease,2018,36,124,0
West Bengal,North 24 Parganas,Acute Diarrhoeal Disease,2018,37,128,0
West Bengal,North 24 Parganas,Acute Diarrhoeal Disease,2018,38,129,0
West Bengal,North 24 Parganas,Acute Diarrhoeal Disease,2018,39,141,0
West Bengal,North 24 Parganas,Acute Diarrhoeal Disease,2018,40,129,0
West Bengal,North 24 Parganas,Acute Diarrhoeal Disease,2018,41,118,0
West Bengal,North 24 Parganas,Acute Diarrhoeal Disease,2018,42,142,0
West Bengal,North 24 Parganas,Acute Diarrhoeal Disease,2018,43,110,0
West Bengal,North 24 Parganas,Acute Diarrhoeal Disease,2018,44,121,0
West Bengal,North 24 Parganas,Acute Diarrhoeal Disease,2018,45,111,0
West Bengal,North 24 Parganas,Acute Diarrhoeal Disease,2018,46,109,0
West Bengal,North 24 Parganas,Acute Diarrhoeal Disease,2018,47,99,0
West Bengal,North 24 Parganas,Acute Diarrhoeal Disease,2018,48,87,0
West Bengal,North 24 Parganas,Acute Diarrhoeal Disease,2018,49,78,0
West Bengal,North 24 Parganas,Acute Diarrhoeal Disease,2018,50,57,0
West Bengal,North 24 Parganas,Acute Diarrhoeal Disease,2018,51,82,0
West Bengal,North 24 Parganas,Acute Diarrhoeal Disease,2018,52,47,0
West Bengal,North 24 Parganas,Acute Diarrhoeal Disease,2019,1,56,0
West Bengal,North 24 Parganas,Acute Diarrhoeal Disease,2019,2,55,0
West Bengal,North 24 Parganas,Acute Diarrhoeal Disease,2019,3,57,0
West Bengal,North 24 Parganas,Acute Diarrhoeal Disease,2019,4,35,0
West Bengal,North 24 Parganas,Acute Diarrhoeal Disease,2019,5,38,0
West Bengal,North 24 Parganas,Acute Diarrhoeal Disease,2019,6,30,0
West Bengal,North 24 Parganas,Acute Diarrhoeal Disease,2019,7,4,0
West Bengal,North 24 Parganas,Acute Diarrhoeal Disease,2019,8,39,0
West Bengal,North 24 Parganas,Acute Diarrhoeal Disease,2019,9,18,0
West Bengal,North 24 Parganas,Acute Diarrhoeal Disease,2019,10,15,0
West Bengal,North 24 Parganas,Acute Diarrhoeal Disease,2019,11,10,0
West Bengal,North 24 Parganas,Acute Diarrhoeal Disease,2019,12,6,0
West Bengal,North 24 Parganas,Acute Diarrhoeal Disease,2019,13,17,0
West Bengal,North 24 Parganas,Acute Diarrhoeal Disease,2019,14,13,0
West Bengal,North 24 Parganas,Acute Diarrhoeal Disease,2019,15,34,0
West Bengal,North 24 Parganas,Acute Diarrhoeal Disease,2019,16,24,0
West Bengal,North 24 Parganas,Acute Diarrhoeal Disease,2019,17,22,1
West Bengal,North 24 Parganas,Acute Diarrhoeal Disease,2019,18,29,0
West Bengal,North 24 Parganas,Acute Diarrhoeal Disease,2019,19,42,0
West Bengal,North 24 Parganas,Acute Diarrhoeal Disease,2019,20,37,0
West Bengal,North 24 Parganas,Acute Diarrhoeal Disease,2019,21,43,0
West Bengal,North 24 Parganas,Acute Diarrhoeal Disease,2019,22,45,0
West Bengal,North 24 Parganas,Acute Diarrhoeal Disease,2019,23,61,0
West Bengal,North 24 Parganas,Acute Diarrhoeal Disease,2019,24,72,0
West Bengal,North 24 Parganas,Acute Diarrhoeal Disease,2019,25,64,0
West Bengal,North 24 Parganas,Acute Diarrhoeal Disease,2019,26,103,0
West Bengal,North 24 Parganas,Acute Diarrhoeal Disease,2019,27,75,0
West Bengal,North 24 Parganas,Acute Diarrhoeal Disease,2019,28,88,0
West Bengal,North 24 Parganas,Acute Diarrhoeal Disease,2019,29,92,0
West Bengal,North 24 Parganas,Acute Diarrhoeal Disease,2019,30,107,0
West Bengal,North 24 Parganas,Acute Diarrhoeal Disease,2019,31,109,0
West Bengal,North 24 Parganas,Acute Diarrhoeal Disease,2019,32,107,0
West Bengal,North 24 Parganas,Acute Diarrhoeal Disease,2019,33,103,0
West Bengal,North 24 Parganas,Acute Diarrhoeal Disease,2019,34,135,0
West Bengal,North 24 Parganas,Acute Diarrhoeal Disease,2019,35,130,0
West Bengal,North 24 Parganas,Acute Diarrhoeal Disease,2019,36,122,0
West Bengal,North 24 Parganas,Acute Diarrhoeal Disease,2019,37,128,0
West Bengal,North 24 Parganas,Acute Diarrhoeal Disease,2019,38,140,0
West Bengal,North 24 Parganas,Acute Diarrhoeal Disease,2019,39,136,0
West Bengal,North 24 Parganas,Acute Diarrhoeal Disease,2019,40,130,0
West Bengal,North 24 Parganas,Acute Diarrhoeal Disease,2019,41,138,0
West Bengal,North 24 Parganas,Acute Diarrhoeal Disease,2019,42,122,0
West Bengal,North 24 Parganas,Acute Diarrhoeal Disease,2019,43,118,0
West Bengal,North 24 Parganas,Acute Diarrhoeal Disease,2019,44,121,0
West Bengal,North 24 Parganas,Acute Diarrhoeal Disease,2019,45,119,0
West Bengal,North 24 Parganas,Acute Diarrhoeal Disease,2019,46,114,0
West Bengal,North 24 Parganas,Acute Diarrhoeal Disease,2019,47,107,0
West Bengal,North 24 Parganas,Acute Diarrhoeal Disease,2019,48,86,0
West Bengal,North 24 Parganas,Acute Diarrhoeal Disease,2019,49,74,0
West Bengal,North 24 Parganas,Acute Diarrhoeal Disease,2019,50,80,0
West Bengal,North 24 Parganas,Acute Diarrhoeal Disease,2019,51,70,0
West Bengal,North 24 Parganas,Acute Diarrhoeal Disease,2019,52,74,0
West Bengal,North 24 Parganas,Acute Diarrhoeal Disease,2020,1,43,0
West Bengal,North 24 Parganas,Acute Diarrhoeal Disease,2020,2,45,0
West Bengal,North 24 Parganas,Acute Diarrhoeal Disease,2020,3,55,0
West Bengal,North 24 Parganas,Acute Diarrhoeal Disease,2020,4,48,0
West Bengal,North 24 Parganas,Acute Diarrhoeal Disease,2020,5,29,0
West Bengal,North 24 Parganas,Acute Diarrhoeal Disease,2020,6,25,1
West Bengal,North 24 Parganas,Acute Diarrhoeal Disease,2020,7,15,0
West Bengal,North 24 Parganas,Acute Diarrhoeal Disease,2020,8,17,0
West Bengal,North 24 Parganas,Acute Diarrhoeal Disease,2020,9,17,0
West Bengal,North 24 Parganas,Acute Diarrhoeal Disease,2020,10,24,0
West Bengal,North 24 Parganas,Acute Diarrhoeal Disease,2020,11,20,0
West Bengal,North 24 Parganas,Acute Diarrhoeal Disease,2020,12,17,0
West Bengal,North 24 Parganas,Acute Diarrhoeal Disease,2020,13,21,0
West Bengal,North 24 Parganas,Acute Diarrhoeal Disease,2020,14,30,0
West Bengal,North 24 Parganas,Acute Diarrhoeal Disease,2020,15,21,0
West Bengal,North 24 Parganas,Acute Diarrhoeal Disease,2020,16,29,0
West Bengal,North 24 Parganas,Acute Diarrhoeal Disease,2020,17,25,0
West Bengal,North 24 Parganas,Acute Diarrhoeal Disease,2020,18,38,0
West Bengal,North 24 Parganas,Acute Diarrhoeal Disease,2020,19,21,0
West Bengal,North 24 Parganas,Acute Diarrhoeal Disease,2020,20,49,1
West Bengal,North 24 Parganas,Acute Diarrhoeal Disease,2020,21,37,0
West Bengal,North 24 Parganas,Acute Diarrhoeal Disease,2020,22,40,0
West Bengal,North 24 Parganas,Acute Diarrhoeal Disease,2020,23,63,0
West Bengal,North 24 Parganas,Acute Diarrhoeal Disease,2020,24,63,0
West Bengal,North 24 Parganas,Acute Diarrhoeal Disease,2020,25,74,2
West Bengal,North 24 Parganas,Acute Diarrhoeal Disease,2020,26,76,0
West Bengal,North 24 Parganas,Acute Diarrhoeal Disease,2020,27,91,0
West Bengal,North 24 Parganas,Acute Diarrhoeal Disease,2020,28,94,0
West Bengal,North 24 Parganas,Acute Diarrhoeal Disease,2020,29,103,0
West Bengal,North 24 Parganas,Acute Diarrhoeal Disease,2020,30,93,0
West Bengal,North 24 Parganas,Acute Diarrhoeal Disease,2020,31,108,0
West Bengal,North 24 Parganas,Acute Diarrhoeal Disease,2020,32,100,2
West Bengal,North 24 Parganas,Acute Diarrhoeal Disease,2020,33,114,0
West Bengal,North 24 Parganas,Acute Diarrhoeal Disease,2020,34,118,2
West Bengal,North 24 Parganas,Acute Diarrhoeal Disease,2020,35,129,0
West Bengal,North 24 Parganas,Acute Diarrhoeal Disease,2020,36,145,0
West Bengal,North 24 Parganas,Acute Diarrhoeal Disease,2020,37,141,0
West Bengal,North 24 Parganas,Acute Diarrhoeal Disease,2020,38,135,0
West Bengal,North 24 Parganas,Acute Diarrhoeal Disease,2020,39,146,0
West Bengal,North 24 Parganas,Acute Diarrhoeal Disease,2020,40,129,0
West Bengal,North 24 Parganas,Acute Diarrhoeal Disease,2020,41,118,0
West Bengal,North 24 Parganas,Acute Diarrhoeal Disease,2020,42,139,0
West Bengal,North 24 Parganas,Acute Diarrhoeal Disease,2020,43,124,0
West Bengal,North 24 Parganas,Acute Diarrhoeal Disease,2020,44,113,0
West Bengal,North 24 Parganas,Acute Diarrhoeal Disease,2020,45,111,0
West Bengal,North 24 Parganas,Acute Diarrhoeal Disease,2020,46,106,0
West Bengal,North 24 Parganas,Acute Diarrhoeal Disease,2020,47,89,0
West Bengal,North 24 Parganas,Acute Diarrhoeal Disease,2020,48,90,0
West Bengal,North 24 Parganas,Acute Diarrhoeal Disease,2020,49,87,0
West Bengal,North 24 Parganas,Acute Diarrhoeal Disease,2020,50,78,0
West Bengal,North 24 Parganas,Acute Diarrhoeal Disease,2020,51,67,0
West Bengal,North 24 Parganas,Acute Diarrhoeal Disease,2020,52,82,0
West Bengal,North 24 Parganas,Acute Diarrhoeal Disease,2021,1,57,0
West Bengal,North 24 Parganas,Acute Diarrhoeal Disease,2021,2,69,0
West Bengal,North 24 Parganas,Acute Diarrhoeal Disease,2021,3,36,0
West Bengal,North 24 Parganas,Acute Diarrhoeal Disease,2021,4,28,0
West Bengal,North 24 Parganas,Acute Diarrhoeal Disease,2021,5,19,0
West Bengal,North 24 Parganas,Acute Diarrhoeal Disease,2021,6,18,0
West Bengal,North 24 Parganas,Acute Diarrhoeal Disease,2021,7,5,0
West Bengal,North 24 Parganas,Acute Diarrhoeal Disease,2021,8,16,0
West Bengal,North 24 Parganas,Acute Diarrhoeal Disease,2021,9,20,0
West Bengal,North 24 Parganas,Acute Diarrhoeal Disease,2021,10,13,0
West Bengal,North 24 Parganas,Acute Diarrhoeal Disease,2021,11,11,0
West Bengal,North 24 Parganas,Acute Diarrhoeal Disease,2021,12,6,0
West Bengal,North 24 Parganas,Acute Diarrhoeal Disease,2021,13,13,0
West Bengal,North 24 Parganas,Acute Diarrhoeal Disease,2021,14,0,0
West Bengal,North 24 Parganas,Acute Diarrhoeal Disease,2021,15,23,0
West Bengal,North 24 Parganas,Acute Diarrhoeal Disease,2021,16,23,0
West Bengal,North 24 Parganas,Acute Diarrhoeal Disease,2021,17,27,1
West Bengal,North 24 Parganas,Acute Diarrhoeal Disease,2021,18,28,0
West Bengal,North 24 Parganas,Acute Diarrhoeal Disease,2021,19,33,1
West Bengal,North 24 Parganas,Acute Diarrhoeal Disease,2021,20,36,0
West Bengal,North 24 Parganas,Acute Diarrhoeal Disease,2021,21,51,0
West Bengal,North 24 Parganas,Acute Diarrhoeal Disease,2021,22,44,0
West Bengal,North 24 Parganas,Acute Diarrhoeal Disease,2021,23,51,0
West Bengal,North 24 Parganas,Acute Diarrhoeal Disease,2021,24,74,0
West Bengal,North 24 Parganas,Acute Diarrhoeal Disease,2021,25,70,0
West Bengal,North 24 Parganas,Acute Diarrhoeal Disease,2021,26,60,0
West Bengal,North 24 Parganas,Acute Diarrhoeal Disease,2021,27,99,0
West Bengal,North 24 Parganas,Acute Diarrhoeal Disease,2021,28,87,0
West Bengal,North 24 Parganas,Acute Diarrhoeal Disease,2021,29,101,0
West Bengal,North 24 Parganas,Acute Diarrhoeal Disease,2021,30,100,0
West Bengal,North 24 Parganas,Acute Diarrhoeal Disease,2021,31,109,0
West Bengal,North 24 Parganas,Acute Diarrhoeal Disease,2021,32,132,0
West Bengal,North 24 Parganas,Acute Diarrhoeal Disease,2021,33,130,1
West Bengal,North 24 Parganas,Acute Diarrhoeal Disease,2021,34,123,0
West Bengal,North 24 Parganas,Acute Diarrhoeal Disease,2021,35,127,0
West Bengal,North 24 Parganas,Acute Diarrhoeal Disease,2021,36,126,0
West Bengal,North 24 Parganas,Acute Diarrhoeal Disease,2021,37,125,0
West Bengal,North 24 Parganas,Acute Diarrhoeal Disease,2021,38,135,0
West Bengal,North 24 Parganas,Acute Diarrhoeal Disease,2021,39,121,0
West Bengal,North 24 Parganas,Acute Diarrhoeal Disease,2021,40,135,0
West Bengal,North 24 Parganas,Acute Diarrhoeal Disease,2021,41,121,0
West Bengal,North 24 Parganas,Acute Diarrhoeal Disease,2021,42,113,0
West Bengal,North 24 Parganas,Acute Diarrhoeal Disease,2021,43,124,0
West Bengal,North 24 Parganas,Acute Diarrhoeal Disease,2021,44,135,0
West Bengal,North 24 Parganas,Acute Diarrhoeal Disease,2021,45,118,0
West Bengal,North 24 Parganas,Acute Diarrhoeal Disease,2021,46,100,0
West Bengal,North 24 Parganas,Acute Diarrhoeal Disease,2021,47,83,0
West Bengal,North 24 Parganas,Acute Diarrhoeal Disease,2021,48,101,0
West Bengal,North 24 Parganas,Acute Diarrhoeal Disease,2021,49,79,0
West Bengal,North 24 Parganas,Acute Diarrhoeal Disease,2021,50,69,0
West Bengal,North 24 Parganas,Acute Diarrhoeal Disease,2021,51,91,0
West Bengal,North 24 Parganas,Acute Diarrhoeal Disease,2021,52,55,0
West Bengal,North 24 Parganas,Acute Diarrhoeal Disease,2022,1,58,0
West Bengal,North 24 Parganas,Acute Diarrhoeal Disease,2022,2,38,0
West Bengal,North 24 Parganas,Acute Diarrhoeal Disease,2022,3,50,0
West Bengal,North 24 Parganas,Acute Diarrhoeal Disease,2022,4,46,0
West Bengal,North 24 Parganas,Acute Diarrhoeal Disease,2022,5,41,0
West Bengal,North 24 Parganas,Acute Diarrhoeal Disease,2022,6,31,0
West Bengal,North 24 Parganas,Acute Diarrhoeal Disease,2022,7,20,0
West Bengal,North 24 Parganas,Acute Diarrhoeal Disease,2022,8,19,0
West Bengal,North 24 Parganas,Acute Diarrhoeal Disease,2022,9,24,0
West Bengal,North 24 Parganas,Acute Diarrhoeal Disease,2022,10,17,0
West Bengal,North 24 Parganas,Acute Diarrhoeal Disease,2022,11,16,0
West Bengal,North 24 Parganas,Acute Diarrhoeal Disease,2022,12,11,0
West Bengal,North 24 Parganas,Acute Diarrhoeal Disease,2022,13,9,0
West Bengal,North 24 Parganas,Acute Diarrhoeal Disease,2022,14,21,0
West Bengal,North 24 Parganas,Acute Diarrhoeal Disease,2022,15,25,2
West Bengal,North 24 Parganas,Acute Diarrhoeal Disease,2022,16,13,0
West Bengal,North 24 Parganas,Acute Diarrhoeal Disease,2022,17,24,0
West Bengal,North 24 Parganas,Acute Diarrhoeal Disease,2022,18,24,0
West Bengal,North 24 Parganas,Acute Diarrhoeal Disease,2022,19,32,0
West Bengal,North 24 Parganas,Acute Diarrhoeal Disease,2022,20,43,0
West Bengal,North 24 Parganas,Acute Diarrhoeal Disease,2022,21,62,0
West Bengal,North 24 Parganas,Acute Diarrhoeal Disease,2022,22,43,0
West Bengal,North 24 Parganas,Acute Diarrhoeal Disease,2022,23,43,0
West Bengal,North 24 Parganas,Acute Diarrhoeal Disease,2022,24,63,0
West Bengal,North 24 Parganas,Acute Diarrhoeal Disease,2022,25,71,0
West Bengal,North 24 Parganas,Acute Diarrhoeal Disease,2022,26,64,0
West Bengal,North 24 Parganas,Acute Diarrhoeal Disease,2022,27,90,0
West Bengal,North 24 Parganas,Acute Diarrhoeal Disease,2022,28,103,0
West Bengal,North 24 Parganas,Acute Diarrhoeal Disease,2022,29,101,0
West Bengal,North 24 Parganas,Acute Diarrhoeal Disease,2022,30,111,0
West Bengal,North 24 Parganas,Acute Diarrhoeal Disease,2022,31,111,0
West Bengal,North 24 Parganas,Acute Diarrhoeal Disease,2022,32,111,0
West Bengal,North 24 Parganas,Acute Diarrhoeal Disease,2022,33,130,0
West Bengal,North 24 Parganas,Acute Diarrhoeal Disease,2022,34,109,0
West Bengal,North 24 Parganas,Acute Diarrhoeal Disease,2022,35,116,0
West Bengal,North 24 Parganas,Acute Diarrhoeal Disease,2022,36,134,0
West Bengal,North 24 Parganas,Acute Diarrhoeal Disease,2022,37,136,0
West Bengal,North 24 Parganas,Acute Diarrhoeal Disease,2022,38,140,0
West Bengal,North 24 Parganas,Acute Diarrhoeal Disease,2022,39,127,0
West Bengal,North 24 Parganas,Acute Diarrhoeal Disease,2022,40,0,0
West Bengal,North 24 Parganas,Acute Diarrhoeal Disease,2022,41,139,0
West Bengal,North 24 Parganas,Acute Diarrhoeal Disease,2022,42,117,0
West Bengal,North 24 Parganas,Acute Diarrhoeal Disease,2022,43,131,0
West Bengal,North 24 Parganas,Acute Diarrhoeal Disease,2022,44,115,0
West Bengal,North 24 Parganas,Acute Diarrhoeal Disease,2022,45,111,0
West Bengal,North 24 Parganas,Acute Diarrhoeal Disease,2022,46,118,0
West Bengal,North 24 Parganas,Acute Diarrhoeal Disease,2022,47,100,0
West Bengal,North 24 Parganas,Acute Diarrhoeal Disease,2022,48,87,0
West Bengal,North 24 Parganas,Acute Diarrhoeal Disease,2022,49,76,0
West Bengal,North 24 Parganas,Acute Diarrhoeal Disease,2022,50,76,0
West Bengal,North 24 Parganas,Acute Diarrhoeal Disease,2022,51,76,0
West Bengal,North 24 Parganas,Acute Diarrhoeal Disease,2022,52,74,0
West Bengal,North 24 Parganas,Acute Diarrhoeal Disease,2023,1,49,0
West Bengal,North 24 Parganas,Acute Diarrhoeal Disease,2023,2,35,0
West Bengal,North 24 Parganas,Acute Diarrhoeal Disease,2023,3,32,1
West Bengal,North 24 Parganas,Acute Diarrhoeal Disease,2023,4,38,0
West Bengal,North 24 Parganas,Acute Diarrhoeal Disease,2023,5,34,0
West Bengal,North 24 Parganas,Acute Diarrhoeal Disease,2023,6,23,1
West Bengal,North 24 Parganas,Acute Diarrhoeal Disease,2023,7,42,0
West Bengal,North 24 Parganas,Acute Diarrhoeal Disease,2023,8,35,0
West Bengal,North 24 Parganas,Acute Diarrhoeal Disease,2023,9,19,0
West Bengal,North 24 Parganas,Acute Diarrhoeal Disease,2023,10,27,1
West Bengal,North 24 Parganas,Acute Diarrhoeal Disease,2023,11,11,0
West Bengal,North 24 Parganas,Acute Diarrhoeal Disease,2023,12,18,0
West Bengal,North 24 Parganas,Acute Diarrhoeal Disease,2023,13,11,0
West Bengal,North 24 Parganas,Acute Diarrhoeal Disease,2023,14,1,0
West Bengal,North 24 Parganas,Acute Diarrhoeal Disease,2023,15,8,0
West Bengal,North 24 Parganas,Acute Diarrhoeal Disease,2023,16,29,0
West Bengal,North 24 Parganas,Acute Diarrhoeal Disease,2023,17,43,0
West Bengal,North 24 Parganas,Acute Diarrhoeal Disease,2023,18,29,0
West Bengal,North 24 Parganas,Acute Diarrhoeal Disease,2023,19,35,0
West Bengal,North 24 Parganas,Acute Diarrhoeal Disease,2023,20,27,0
West Bengal,North 24 Parganas,Acute Diarrhoeal Disease,2023,21,41,0
West Bengal,North 24 Parganas,Acute Diarrhoeal Disease,2023,22,51,0
West Bengal,North 24 Parganas,Acute Diarrhoeal Disease,2023,23,51,0
West Bengal,North 24 Parganas,Acute Diarrhoeal Disease,2023,24,63,2
West Bengal,North 24 Parganas,Acute Diarrhoeal Disease,2023,25,74,0
West Bengal,North 24 Parganas,Acute Diarrhoeal Disease,2023,26,74,0
West Bengal,North 24 Parganas,Acute Diarrhoeal Disease,2023,27,81,0
West Bengal,North 24 Parganas,Acute Diarrhoeal Disease,2023,28,95,0
West Bengal,North 24 Parganas,Acute Diarrhoeal Disease,2023,29,102,0
West Bengal,North 24 Parganas,Acute Diarrhoeal Disease,2023,30,116,0
West Bengal,North 24 Parganas,Acute Diarrhoeal Disease,2023,31,99,0
West Bengal,North 24 Parganas,Acute Diarrhoeal Disease,2023,32,107,0
West Bengal,North 24 Parganas,Acute Diarrhoeal Disease,2023,33,130,0
West Bengal,North 24 Parganas,Acute Diarrhoeal Disease,2023,34,135,0
West Bengal,North 24 Parganas,Acute Diarrhoeal Disease,2023,35,116,0
West Bengal,North 24 Parganas,Acute Diarrhoeal Disease,2023,36,133,0
West Bengal,North 24 Parganas,Acute Diarrhoeal Disease,2023,37,118,0
West Bengal,North 24 Parganas,Acute Diarrhoeal Disease,2023,38,130,0
West Bengal,North 24 Parganas,Acute Diarrhoeal Disease,2023,39,128,0
West Bengal,North 24 Parganas,Acute Diarrhoeal Disease,2023,40,135,0
West Bengal,North 24 Parganas,Acute Diarrhoeal Disease,2023,41,110,0
West Bengal,North 24 Parganas,Acute Diarrhoeal Disease,2023,42,122,0
West Bengal,North 24 Parganas,Acute Diarrhoeal Disease,2023,43,117,0
West Bengal,North 24 Parganas,Acute Diarrhoeal Disease,2023,44,124,0
West Bengal,North 24 Parganas,Acute Diarrhoeal Disease,2023,45,111,0
West Bengal,North 24 Parganas,Acute Diarrhoeal Disease,2023,46,100,0
West Bengal,North 24 Parganas,Acute Diarrhoeal Disease,2023,47,92,0
West Bengal,North 24 Parganas,Acute Diarrhoeal Disease,2023,48,106,0
West Bengal,North 24 Parganas,Acute Diarrhoeal Disease,2023,49,83,1
West Bengal,North 24 Parganas,Acute Diarrhoeal Disease,2023,50,83,0
West Bengal,North 24 Parganas,Acute Diarrhoeal Disease,2023,51,63,0
West Bengal,North 24 Parganas,Acute Diarrhoeal Disease,2023,52,67,0
West Bengal,North 24 Parganas,Acute Diarrhoeal Disease,2024,1,62,0
West Bengal,North 24 Parganas,Acute Diarrhoeal Disease,2024,2,61,0
West Bengal,North 24 Parganas,Acute Diarrhoeal Disease,2024,3,53,0
West Bengal,North 24 Parganas,Acute Diarrhoeal Disease,2024,4,31,0
West Bengal,North 24 Parganas,Acute Diarrhoeal Disease,2024,5,28,0
West Bengal,North 24 Parganas,Acute Diarrhoeal Disease,2024,6,19,0
West Bengal,North 24 Parganas,Acute Diarrhoeal Disease,2024,7,24,1
West Bengal,North 24 Parganas,Acute Diarrhoeal Disease,2024,8,16,0
West Bengal,North 24 Parganas,Acute Diarrhoeal Disease,2024,9,32,0
West Bengal,North 24 Parganas,Acute Diarrhoeal Disease,2024,10,12,0
West Bengal,North 24 Parganas,Acute Diarrhoeal Disease,2024,11,12,0
West Bengal,North 24 Parganas,Acute Diarrhoeal Disease,2024,12,0,0
West Bengal,North 24 Parganas,Acute Diarrhoeal Disease,2024,13,13,0
West Bengal,North 24 Parganas,Acute Diarrhoeal Disease,2024,14,14,0
West Bengal,North 24 Parganas,Acute Diarrhoeal Disease,2024,15,18,0
West Bengal,North 24 Parganas,Acute Diarrhoeal Disease,2024,16,15,2
West Bengal,North 24 Parganas,Acute Diarrhoeal Disease,2024,17,14,0
West Bengal,North 24 Parganas,Acute Diarrhoeal Disease,2024,18,33,0
West Bengal,North 24 Parganas,Acute Diarrhoeal Disease,2024,19,40,0
West Bengal,North 24 Parganas,Acute Diarrhoeal Disease,2024,20,45,0
West Bengal,North 24 Parganas,Acute Diarrhoeal Disease,2024,21,45,0
West Bengal,North 24 Parganas,Acute Diarrhoeal Disease,2024,22,42,0
West Bengal,North 24 Parganas,Acute Diarrhoeal Disease,2024,23,50,0
West Bengal,North 24 Parganas,Acute Diarrhoeal Disease,2024,24,86,0
West Bengal,North 24 Parganas,Acute Diarrhoeal Disease,2024,25,61,0
West Bengal,North 24 Parganas,Acute Diarrhoeal Disease,2024,26,60,0
West Bengal,North 24 Parganas,Acute Diarrhoeal Disease,2024,27,85,0
West Bengal,North 24 Parganas,Acute Diarrhoeal Disease,2024,28,94,0
West Bengal,North 24 Parganas,Acute Diarrhoeal Disease,2024,29,91,0
West Bengal,North 24 Parganas,Acute Diarrhoeal Disease,2024,30,98,0
West Bengal,North 24 Parganas,Acute Diarrhoeal Disease,2024,31,115,0
West Bengal,North 24 Parganas,Acute Diarrhoeal Disease,2024,32,113,0
West Bengal,North 24 Parganas,Acute Diarrhoeal Disease,2024,33,114,0
West Bengal,North 24 Parganas,Acute Diarrhoeal Disease,2024,34,115,0
West Bengal,North 24 Parganas,Acute Diarrhoeal Disease,2024,35,113,0
West Bengal,North 24 Parganas,Acute Diarrhoeal Disease,2024,36,124,0
West Bengal,North 24 Parganas,Acute Diarrhoeal Disease,2024,37,142,0
West Bengal,North 24 Parganas,Acute Diarrhoeal Disease,2024,38,0,0
West Bengal,North 24 Parganas,Acute Diarrhoeal Disease,2024,39,136,0
West Bengal,North 24 Parganas,Acute Diarrhoeal Disease,2024,40,126,0
West Bengal,North 24 Parganas,Acute Diarrhoeal Disease,2024,41,128,0
West Bengal,North 24 Parganas,Acute Diarrhoeal Disease,2024,42,121,0
West Bengal,North 24 Parganas,Acute Diarrhoeal Disease,2024,43,122,0
West Bengal,North 24 Parganas,Acute Diarrhoeal Disease,2024,44,113,0
West Bengal,North 24 Parganas,Acute Diarrhoeal Disease,2024,45,103,0
West Bengal,North 24 Parganas,Acute Diarrhoeal Disease,2024,46,97,0
West Bengal,North 24 Parganas,Acute Diarrhoeal Disease,2024,47,98,0
West Bengal,North 24 Parganas,Acute Diarrhoeal Disease,2024,48,100,0
West Bengal,North 24 Parganas,Acute Diarrhoeal Disease,2024,49,79,0
West Bengal,North 24 Parganas,Acute Diarrhoeal Disease,2024,50,75,0
West Bengal,North 24 Parganas,Acute Diarrhoeal Disease,2024,51,52,0
West Bengal,North 24 Parganas,Acute Diarrhoeal Disease,2024,52,78,0
West Bengal,Howrah,Dengue,2017,1,15,0
West Bengal,Howrah,Dengue,2017,2,13,0
West Bengal,Howrah,Dengue,2017,3,7,0
West Bengal,Howrah,Dengue,2017,4,8,0
West Bengal,Howrah,Dengue,2017,5,7,0
West Bengal,Howrah,Dengue,2017,6,6,0
West Bengal,Howrah,Dengue,2017,7,2,0
West Bengal,Howrah,Dengue,2017,8,0,0
West Bengal,Howrah,Dengue,2017,9,1,0
West Bengal,Howrah,Dengue,2017,10,2,0
West Bengal,Howrah,Dengue,2017,11,0,0
West Bengal,Howrah,Dengue,2017,12,0,0
West Bengal,Howrah,Dengue,2017,13,0,0
West Bengal,Howrah,Dengue,2017,14,0,0
West Bengal,Howrah,Dengue,2017,15,9,0
West Bengal,Howrah,Dengue,2017,16,8,0
West Bengal,Howrah,Dengue,2017,17,11,0
West Bengal,Howrah,Dengue,2017,18,9,0
West Bengal,Howrah,Dengue,2017,19,15,0
West Bengal,Howrah,Dengue,2017,20,20,0
West Bengal,Howrah,Dengue,2017,21,18,0
West Bengal,Howrah,Dengue,2017,22,19,0
West Bengal,Howrah,Dengue,2017,23,33,0
West Bengal,Howrah,Dengue,2017,24,36,0
West Bengal,Howrah,Dengue,2017,25,40,0
West Bengal,Howrah,Dengue,2017,26,37,0
West Bengal,Howrah,Dengue,2017,27,45,0
West Bengal,Howrah,Dengue,2017,28,42,0
West Bengal,Howrah,Dengue,2017,29,45,0
West Bengal,Howrah,Dengue,2017,30,49,1
West Bengal,Howrah,Dengue,2017,31,52,0
West Bengal,Howrah,Dengue,2017,32,60,0
West Bengal,Howrah,Dengue,2017,33,53,0
West Bengal,Howrah,Dengue,2017,34,58,0
West Bengal,Howrah,Dengue,2017,35,64,0
West Bengal,Howrah,Dengue,2017,36,57,0
West Bengal,Howrah,Dengue,2017,37,52,0
West Bengal,Howrah,Dengue,2017,38,58,0
West Bengal,Howrah,Dengue,2017,39,58,0
West Bengal,Howrah,Dengue,2017,40,53,0
West Bengal,Howrah,Dengue,2017,41,51,0
West Bengal,Howrah,Dengue,2017,42,50,0
West Bengal,Howrah,Dengue,2017,43,47,0
West Bengal,Howrah,Dengue,2017,44,52,0
West Bengal,Howrah,Dengue,2017,45,44,0
West Bengal,Howrah,Dengue,2017,46,39,0
West Bengal,Howrah,Dengue,2017,47,31,0
West Bengal,Howrah,Dengue,2017,48,28,0
West Bengal,Howrah,Dengue,2017,49,25,0
West Bengal,Howrah,Dengue,2017,50,25,0
West Bengal,Howrah,Dengue,2017,51,20,1
West Bengal,Howrah,Dengue,2017,52,23,0
West Bengal,Howrah,Dengue,2018,1,17,0
West Bengal,Howrah,Dengue,2018,2,6,0
West Bengal,Howrah,Dengue,2018,3,6,0
West Bengal,Howrah,Dengue,2018,4,10,0
West Bengal,Howrah,Dengue,2018,5,0,0
West Bengal,Howrah,Dengue,2018,6,3,0
West Bengal,Howrah,Dengue,2018,7,6,0
West Bengal,Howrah,Dengue,2018,8,0,0
West Bengal,Howrah,Dengue,2018,9,0,0
West Bengal,Howrah,Dengue,2018,10,0,0
West Bengal,Howrah,Dengue,2018,11,0,0
West Bengal,Howrah,Dengue,2018,12,0,0
West Bengal,Howrah,Dengue,2018,13,6,0
West Bengal,Howrah,Dengue,2018,14,9,0
West Bengal,Howrah,Dengue,2018,15,11,0
West Bengal,Howrah,Dengue,2018,16,11,0
West Bengal,Howrah,Dengue,2018,17,4,0
West Bengal,Howrah,Dengue,2018,18,14,0
West Bengal,Howrah,Dengue,2018,19,21,0
West Bengal,Howrah,Dengue,2018,20,20,0
West Bengal,Howrah,Dengue,2018,21,27,1
West Bengal,Howrah,Dengue,2018,22,25,0
West Bengal,Howrah,Dengue,2018,23,29,0
West Bengal,Howrah,Dengue,2018,24,35,0
West Bengal,Howrah,Dengue,2018,25,40,0
West Bengal,Howrah,Dengue,2018,26,34,0
West Bengal,Howrah,Dengue,2018,27,46,0
West Bengal,Howrah,Dengue,2018,28,44,0
West Bengal,Howrah,Dengue,2018,29,47,0
West Bengal,Howrah,Dengue,2018,30,46,0
West Bengal,Howrah,Dengue,2018,31,59,0
West Bengal,Howrah,Dengue,2018,32,59,0
West Bengal,Howrah,Dengue,2018,33,58,0
West Bengal,Howrah,Dengue,2018,34,64,1
West Bengal,Howrah,Dengue,2018,35,66,0
West Bengal,Howrah,Dengue,2018,36,58,0
West Bengal,Howrah,Dengue,2018,37,59,0
West Bengal,Howrah,Dengue,2018,38,64,0
West Bengal,Howrah,Dengue,2018,39,59,0
West Bengal,Howrah,Dengue,2018,40,59,0
West Bengal,Howrah,Dengue,2018,41,54,0
West Bengal,Howrah,Dengue,2018,42,51,0
West Bengal,Howrah,Dengue,2018,43,43,0
West Bengal,Howrah,Dengue,2018,44,48,0
West Bengal,Howrah,Dengue,2018,45,51,0
West Bengal,Howrah,Dengue,2018,46,40,0
West Bengal,Howrah,Dengue,2018,47,42,0
West Bengal,Howrah,Dengue,2018,48,35,2
West Bengal,Howrah,Dengue,2018,49,21,0
West Bengal,Howrah,Dengue,2018,50,28,0
West Bengal,Howrah,Dengue,2018,51,26,1
West Bengal,Howrah,Dengue,2018,52,17,0
West Bengal,Howrah,Dengue,2019,1,13,1
West Bengal,Howrah,Dengue,2019,2,0,0
West Bengal,Howrah,Dengue,2019,3,6,0
West Bengal,Howrah,Dengue,2019,4,9,0
West Bengal,Howrah,Dengue,2019,5,3,0
West Bengal,Howrah,Dengue,2019,6,0,0
West Bengal,Howrah,Dengue,2019,7,6,0
West Bengal,Howrah,Dengue,2019,8,0,0
West Bengal,Howrah,Dengue,2019,9,0,0
West Bengal,Howrah,Dengue,2019,10,0,0
West Bengal,Howrah,Dengue,2019,11,2,0
West Bengal,Howrah,Dengue,2019,12,4,0
West Bengal,Howrah,Dengue,2019,13,1,0
West Bengal,Howrah,Dengue,2019,14,6,0
West Bengal,Howrah,Dengue,2019,15,5,0
West Bengal,Howrah,Dengue,2019,16,3,0
West Bengal,Howrah,Dengue,2019,17,10,0
West Bengal,Howrah,Dengue,2019,18,12,1
West Bengal,Howrah,Dengue,2019,19,17,0
West Bengal,Howrah,Dengue,2019,20,13,0
West Bengal,Howrah,Dengue,2019,21,25,0
West Bengal,Howrah,Dengue,2019,22,27,0
West Bengal,Howrah,Dengue,2019,23,25,0
West Bengal,Howrah,Dengue,2019,24,33,0
West Bengal,Howrah,Dengue,2019,25,37,0
West Bengal,Howrah,Dengue,2019,26,44,0
West Bengal,Howrah,Dengue,2019,27,42,0
West Bengal,Howrah,Dengue,2019,28,42,0
West Bengal,Howrah,Dengue,2019,29,53,0
West Bengal,Howrah,Dengue,2019,30,45,0
West Bengal,Howrah,Dengue,2019,31,54,0
West Bengal,Howrah,Dengue,2019,32,58,0
West Bengal,Howrah,Dengue,2019,33,63,0
West Bengal,Howrah,Dengue,2019,34,53,0
West Bengal,Howrah,Dengue,2019,35,65,0
West Bengal,Howrah,Dengue,2019,36,60,0
West Bengal,Howrah,Dengue,2019,37,61,0
West Bengal,Howrah,Dengue,2019,38,56,0
West Bengal,Howrah,Dengue,2019,39,60,0
West Bengal,Howrah,Dengue,2019,40,52,0
West Bengal,Howrah,Dengue,2019,41,53,0
West Bengal,Howrah,Dengue,2019,42,50,0
West Bengal,Howrah,Dengue,2019,43,49,1
West Bengal,Howrah,Dengue,2019,44,42,0
West Bengal,Howrah,Dengue,2019,45,44,0
West Bengal,Howrah,Dengue,2019,46,42,0
West Bengal,Howrah,Dengue,2019,47,36,0
West Bengal,Howrah,Dengue,2019,48,36,0
West Bengal,Howrah,Dengue,2019,49,35,0
West Bengal,Howrah,Dengue,2019,50,30,0
West Bengal,Howrah,Dengue,2019,51,21,0
West Bengal,Howrah,Dengue,2019,52,17,0
West Bengal,Howrah,Dengue,2020,1,20,0
West Bengal,Howrah,Dengue,2020,2,20,0
West Bengal,Howrah,Dengue,2020,3,10,0
West Bengal,Howrah,Dengue,2020,4,15,0
West Bengal,Howrah,Dengue,2020,5,0,0
West Bengal,Howrah,Dengue,2020,6,2,0
West Bengal,Howrah,Dengue,2020,7,4,0
West Bengal,Howrah,Dengue,2020,8,2,0
West Bengal,Howrah,Dengue,2020,9,0,0
West Bengal,Howrah,Dengue,2020,10,1,0
West Bengal,Howrah,Dengue,2020,11,1,0
West Bengal,Howrah,Dengue,2020,12,2,0
West Bengal,Howrah,Dengue,2020,13,5,0
West Bengal,Howrah,Dengue,2020,14,0,0
West Bengal,Howrah,Dengue,2020,15,2,0
West Bengal,Howrah,Dengue,2020,16,14,2
West Bengal,Howrah,Dengue,2020,17,11,1
West Bengal,Howrah,Dengue,2020,18,14,0
West Bengal,Howrah,Dengue,2020,19,15,1
West Bengal,Howrah,Dengue,2020,20,22,0
West Bengal,Howrah,Dengue,2020,21,21,0
West Bengal,Howrah,Dengue,2020,22,32,0
West Bengal,Howrah,Dengue,2020,23,33,0
West Bengal,Howrah,Dengue,2020,24,33,0
West Bengal,Howrah,Dengue,2020,25,36,0
West Bengal,Howrah,Dengue,2020,26,32,0
West Bengal,Howrah,Dengue,2020,27,45,0
West Bengal,Howrah,Dengue,2020,28,43,0
West Bengal,Howrah,Dengue,2020,29,47,0
West Bengal,Howrah,Dengue,2020,30,49,0
West Bengal,Howrah,Dengue,2020,31,48,0
West Bengal,Howrah,Dengue,2020,32,57,0
West Bengal,Howrah,Dengue,2020,33,64,0
West Bengal,Howrah,Dengue,2020,34,56,0
West Bengal,Howrah,Dengue,2020,35,63,0
West Bengal,Howrah,Dengue,2020,36,62,0
West Bengal,Howrah,Dengue,2020,37,65,0
West Bengal,Howrah,Dengue,2020,38,62,0
West Bengal,Howrah,Dengue,2020,39,54,0
West Bengal,Howrah,Dengue,2020,40,53,0
West Bengal,Howrah,Dengue,2020,41,60,0
West Bengal,Howrah,Dengue,2020,42,51,0
West Bengal,Howrah,Dengue,2020,43,47,0
West Bengal,Howrah,Dengue,2020,44,47,0
West Bengal,Howrah,Dengue,2020,45,38,0
West Bengal,Howrah,Dengue,2020,46,32,0
West Bengal,Howrah,Dengue,2020,47,38,0
West Bengal,Howrah,Dengue,2020,48,32,0
West Bengal,Howrah,Dengue,2020,49,30,0
West Bengal,Howrah,Dengue,2020,50,18,0
West Bengal,Howrah,Dengue,2020,51,22,0
West Bengal,Howrah,Dengue,2020,52,17,0
West Bengal,Howrah,Dengue,2021,1,13,0
West Bengal,Howrah,Dengue,2021,2,12,0
West Bengal,Howrah,Dengue,2021,3,13,0
West Bengal,Howrah,Dengue,2021,4,6,0
West Bengal,Howrah,Dengue,2021,5,7,0
West Bengal,Howrah,Dengue,2021,6,4,0
West Bengal,Howrah,Dengue,2021,7,0,0
West Bengal,Howrah,Dengue,2021,8,1,0
West Bengal,Howrah,Dengue,2021,9,4,0
West Bengal,Howrah,Dengue,2021,10,0,0
West Bengal,Howrah,Dengue,2021,11,0,0
West Bengal,Howrah,Dengue,2021,12,2,0
West Bengal,Howrah,Dengue,2021,13,3,0
West Bengal,Howrah,Dengue,2021,14,3,0
West Bengal,Howrah,Dengue,2021,15,7,0
West Bengal,Howrah,Dengue,2021,16,4,0
West Bengal,Howrah,Dengue,2021,17,1,0
West Bengal,Howrah,Dengue,2021,18,13,0
West Bengal,Howrah,Dengue,2021,19,15,0
West Bengal,Howrah,Dengue,2021,20,13,0
West Bengal,Howrah,Dengue,2021,21,19,0
West Bengal,Howrah,Dengue,2021,22,36,0
West Bengal,Howrah,Dengue,2021,23,27,0
West Bengal,Howrah,Dengue,2021,24,33,0
West Bengal,Howrah,Dengue,2021,25,41,0
West Bengal,Howrah,Dengue,2021,26,39,0
West Bengal,Howrah,Dengue,2021,27,48,0
West Bengal,Howrah,Dengue,2021,28,39,0
West Bengal,Howrah,Dengue,2021,29,47,0
West Bengal,Howrah,Dengue,2021,30,48,0
West Bengal,Howrah,Dengue,2021,31,57,0
West Bengal,Howrah,Dengue,2021,32,55,0
West Bengal,Howrah,Dengue,2021,33,61,0
West Bengal,Howrah,Dengue,2021,34,59,0
West Bengal,Howrah,Dengue,2021,35,56,0
West Bengal,Howrah,Dengue,2021,36,67,0
West Bengal,Howrah,Dengue,2021,37,62,0
West Bengal,Howrah,Dengue,2021,38,56,0
West Bengal,Howrah,Dengue,2021,39,62,0
West Bengal,Howrah,Dengue,2021,40,52,0
West Bengal,Howrah,Dengue,2021,41,46,0
West Bengal,Howrah,Dengue,2021,42,52,0
West Bengal,Howrah,Dengue,2021,43,51,0
West Bengal,Howrah,Dengue,2021,44,46,0
West Bengal,Howrah,Dengue,2021,45,46,0
West Bengal,Howrah,Dengue,2021,46,41,0
West Bengal,Howrah,Dengue,2021,47,35,0
West Bengal,Howrah,Dengue,2021,48,31,2
West Bengal,Howrah,Dengue,2021,49,32,0
West Bengal,Howrah,Dengue,2021,50,26,0
West Bengal,Howrah,Dengue,2021,51,19,0
West Bengal,Howrah,Dengue,2021,52,18,0
West Bengal,Howrah,Dengue,2022,1,18,0
West Bengal,Howrah,Dengue,2022,2,3,0
West Bengal,Howrah,Dengue,2022,3,10,0
West Bengal,Howrah,Dengue,2022,4,8,0
West Bengal,Howrah,Dengue,2022,5,6,0
West Bengal,Howrah,Dengue,2022,6,3,0
West Bengal,Howrah,Dengue,2022,7,0,0
West Bengal,Howrah,Dengue,2022,8,0,0
West Bengal,Howrah,Dengue,2022,9,3,0
West Bengal,Howrah,Dengue,2022,10,0,0
West Bengal,Howrah,Dengue,2022,11,0,0
West Bengal,Howrah,Dengue,2022,12,0,0
West Bengal,Howrah,Dengue,2022,13,4,0
West Bengal,Howrah,Dengue,2022,14,0,0
West Bengal,Howrah,Dengue,2022,15,8,0
West Bengal,Howrah,Dengue,2022,16,6,1
West Bengal,Howrah,Dengue,2022,17,11,0
West Bengal,Howrah,Dengue,2022,18,10,0
West Bengal,Howrah,Dengue,2022,19,20,0
West Bengal,Howrah,Dengue,2022,20,19,0
West Bengal,Howrah,Dengue,2022,21,20,0
West Bengal,Howrah,Dengue,2022,22,26,0
West Bengal,Howrah,Dengue,2022,23,28,0
West Bengal,Howrah,Dengue,2022,24,34,0
West Bengal,Howrah,Dengue,2022,25,28,1
West Bengal,Howrah,Dengue,2022,26,42,0
West Bengal,Howrah,Dengue,2022,27,42,0
West Bengal,Howrah,Dengue,2022,28,43,0
West Bengal,Howrah,Dengue,2022,29,56,0
West Bengal,Howrah,Dengue,2022,30,59,2
West Bengal,Howrah,Dengue,2022,31,57,0
West Bengal,Howrah,Dengue,2022,32,53,0
West Bengal,Howrah,Dengue,2022,33,60,0
West Bengal,Howrah,Dengue,2022,34,54,0
West Bengal,Howrah,Dengue,2022,35,61,0
West Bengal,Howrah,Dengue,2022,36,59,0
West Bengal,Howrah,Dengue,2022,37,61,0
West Bengal,Howrah,Dengue,2022,38,61,0
West Bengal,Howrah,Dengue,2022,39,52,0
West Bengal,Howrah,Dengue,2022,40,59,0
West Bengal,Howrah,Dengue,2022,41,55,0
West Bengal,Howrah,Dengue,2022,42,48,0
West Bengal,Howrah,Dengue,2022,43,47,0
West Bengal,Howrah,Dengue,2022,44,46,0
West Bengal,Howrah,Dengue,2022,45,46,0
West Bengal,Howrah,Dengue,2022,46,35,0
West Bengal,Howrah,Dengue,2022,47,32,0
West Bengal,Howrah,Dengue,2022,48,32,0
West Bengal,Howrah,Dengue,2022,49,30,0
West Bengal,Howrah,Dengue,2022,50,31,0
West Bengal,Howrah,Dengue,2022,51,22,0
West Bengal,Howrah,Dengue,2022,52,15,2
West Bengal,Howrah,Dengue,2023,1,0,0
West Bengal,Howrah,Dengue,2023,2,17,2
West Bengal,Howrah,Dengue,2023,3,10,0
West Bengal,Howrah,Dengue,2023,4,9,0
West Bengal,Howrah,Dengue,2023,5,6,0
West Bengal,Howrah,Dengue,2023,6,1,0
West Bengal,Howrah,Dengue,2023,7,0,0
West Bengal,Howrah,Dengue,2023,8,0,0
West Bengal,Howrah,Dengue,2023,9,0,0
West Bengal,Howrah,Dengue,2023,10,0,0
West Bengal,Howrah,Dengue,2023,11,0,0
West Bengal,Howrah,Dengue,2023,12,0,0
West Bengal,Howrah,Dengue,2023,13,3,0
West Bengal,Howrah,Dengue,2023,14,3,0
West Bengal,Howrah,Dengue,2023,15,3,0
West Bengal,Howrah,Dengue,2023,16,7,0
West Bengal,Howrah,Dengue,2023,17,4,0
West Bengal,Howrah,Dengue,2023,18,14,0
West Bengal,Howrah,Dengue,2023,19,9,0
West Bengal,Howrah,Dengue,2023,20,24,0
West Bengal,Howrah,Dengue,2023,21,22,0
West Bengal,Howrah,Dengue,2023,22,25,0
West Bengal,Howrah,Dengue,2023,23,25,0
West Bengal,Howrah,Dengue,2023,24,0,0
West Bengal,Howrah,Dengue,2023,25,38,0
West Bengal,Howrah,Dengue,2023,26,44,0
West Bengal,Howrah,Dengue,2023,27,48,0
West Bengal,Howrah,Dengue,2023,28,44,0
West Bengal,Howrah,Dengue,2023,29,52,0
West Bengal,Howrah,Dengue,2023,30,55,0
West Bengal,Howrah,Dengue,2023,31,55,0
West Bengal,Howrah,Dengue,2023,32,57,1
West Bengal,Howrah,Dengue,2023,33,62,0
West Bengal,Howrah,Dengue,2023,34,65,1
West Bengal,Howrah,Dengue,2023,35,59,0
West Bengal,Howrah,Dengue,2023,36,64,0
West Bengal,Howrah,Dengue,2023,37,56,0
West Bengal,Howrah,Dengue,2023,38,0,0
West Bengal,Howrah,Dengue,2023,39,52,0
West Bengal,Howrah,Dengue,2023,40,54,0
West Bengal,Howrah,Dengue,2023,41,54,0
West Bengal,Howrah,Dengue,2023,42,52,0
West Bengal,Howrah,Dengue,2023,43,54,0
West Bengal,Howrah,Dengue,2023,44,52,0
West Bengal,Howrah,Dengue,2023,45,55,0
West Bengal,Howrah,Dengue,2023,46,43,0
West Bengal,Howrah,Dengue,2023,47,0,0
West Bengal,Howrah,Dengue,2023,48,38,0
West Bengal,Howrah,Dengue,2023,49,24,0
West Bengal,Howrah,Dengue,2023,50,28,0
West Bengal,Howrah,Dengue,2023,51,22,0
West Bengal,Howrah,Dengue,2023,52,11,0
West Bengal,Howrah,Dengue,2024,1,21,0
West Bengal,Howrah,Dengue,2024,2,8,0
West Bengal,Howrah,Dengue,2024,3,3,0
West Bengal,Howrah,Dengue,2024,4,15,0
West Bengal,Howrah,Dengue,2024,5,9,0
West Bengal,Howrah,Dengue,2024,6,9,0
West Bengal,Howrah,Dengue,2024,7,0,0
West Bengal,Howrah,Dengue,2024,8,0,0
West Bengal,Howrah,Dengue,2024,9,5,0
West Bengal,Howrah,Dengue,2024,10,0,0
West Bengal,Howrah,Dengue,2024,11,0,0
West Bengal,Howrah,Dengue,2024,12,2,0
West Bengal,Howrah,Dengue,2024,13,3,0
West Bengal,Howrah,Dengue,2024,14,0,0
West Bengal,Howrah,Dengue,2024,15,1,0
West Bengal,Howrah,Dengue,2024,16,0,0
West Bengal,Howrah,Dengue,2024,17,7,0
West Bengal,Howrah,Dengue,2024,18,18,0
West Bengal,Howrah,Dengue,2024,19,20,0
West Bengal,Howrah,Dengue,2024,20,19,0
West Bengal,Howrah,Dengue,2024,21,21,0
West Bengal,Howrah,Dengue,2024,22,28,0
West Bengal,Howrah,Dengue,2024,23,28,0
West Bengal,Howrah,Dengue,2024,24,33,0
West Bengal,Howrah,Dengue,2024,25,32,0
West Bengal,Howrah,Dengue,2024,26,37,0
West Bengal,Howrah,Dengue,2024,27,47,0
West Bengal,Howrah,Dengue,2024,28,42,0
West Bengal,Howrah,Dengue,2024,29,48,0
West Bengal,Howrah,Dengue,2024,30,53,2
West Bengal,Howrah,Dengue,2024,31,55,0
West Bengal,Howrah,Dengue,2024,32,52,0
West Bengal,Howrah,Dengue,2024,33,60,0
West Bengal,Howrah,Dengue,2024,34,59,0
West Bengal,Howrah,Dengue,2024,35,59,0
West Bengal,Howrah,Dengue,2024,36,55,0
West Bengal,Howrah,Dengue,2024,37,60,0
West Bengal,Howrah,Dengue,2024,38,0,0
West Bengal,Howrah,Dengue,2024,39,51,0
West Bengal,Howrah,Dengue,2024,40,58,0
West Bengal,Howrah,Dengue,2024,41,55,0
West Bengal,Howrah,Dengue,2024,42,53,0
West Bengal,Howrah,Dengue,2024,43,39,0
West Bengal,Howrah,Dengue,2024,44,45,0
West Bengal,Howrah,Dengue,2024,45,47,0
West Bengal,Howrah,Dengue,2024,46,41,0
West Bengal,Howrah,Dengue,2024,47,38,0
West Bengal,Howrah,Dengue,2024,48,37,0
West Bengal,Howrah,Dengue,2024,49,28,0
West Bengal,Howrah,Dengue,2024,50,17,0
West Bengal,Howrah,Dengue,2024,51,23,0
West Bengal,Howrah,Dengue,2024,52,23,0
West Bengal,Howrah,Malaria,2017,1,8,0
West Bengal,Howrah,Malaria,2017,2,7,0
West Bengal,Howrah,Malaria,2017,3,7,0
West Bengal,Howrah,Malaria,2017,4,6,0
West Bengal,Howrah,Malaria,2017,5,6,0
West Bengal,Howrah,Malaria,2017,6,7,0
West Bengal,Howrah,Malaria,2017,7,4,0
West Bengal,Howrah,Malaria,2017,8,5,0
West Bengal,Howrah,Malaria,2017,9,7,0
West Bengal,Howrah,Malaria,2017,10,8,0
West Bengal,Howrah,Malaria,2017,11,8,0
West Bengal,Howrah,Malaria,2017,12,7,0
West Bengal,Howrah,Malaria,2017,13,9,0
West Bengal,Howrah,Malaria,2017,14,11,0
West Bengal,Howrah,Malaria,2017,15,13,0
West Bengal,Howrah,Malaria,2017,16,14,0
West Bengal,Howrah,Malaria,2017,17,15,0
West Bengal,Howrah,Malaria,2017,18,16,0
West Bengal,Howrah,Malaria,2017,19,17,0
West Bengal,Howrah,Malaria,2017,20,14,0
West Bengal,Howrah,Malaria,2017,21,20,0
West Bengal,Howrah,Malaria,2017,22,21,0
West Bengal,Howrah,Malaria,2017,23,21,0
West Bengal,Howrah,Malaria,2017,24,24,0
West Bengal,Howrah,Malaria,2017,25,24,0
West Bengal,Howrah,Malaria,2017,26,26,0
West Bengal,Howrah,Malaria,2017,27,26,0
West Bengal,Howrah,Malaria,2017,28,27,0
West Bengal,Howrah,Malaria,2017,29,26,0
West Bengal,Howrah,Malaria,2017,30,27,0
West Bengal,Howrah,Malaria,2017,31,28,0
West Bengal,Howrah,Malaria,2017,32,27,0
West Bengal,Howrah,Malaria,2017,33,28,0
West Bengal,Howrah,Malaria,2017,34,22,0
West Bengal,Howrah,Malaria,2017,35,28,0
West Bengal,Howrah,Malaria,2017,36,22,0
West Bengal,Howrah,Malaria,2017,37,27,0
West Bengal,Howrah,Malaria,2017,38,29,0
West Bengal,Howrah,Malaria,2017,39,27,0
West Bengal,Howrah,Malaria,2017,40,25,1
West Bengal,Howrah,Malaria,2017,41,22,0
West Bengal,Howrah,Malaria,2017,42,21,0
West Bengal,Howrah,Malaria,2017,43,19,0
West Bengal,Howrah,Malaria,2017,44,19,1
West Bengal,Howrah,Malaria,2017,45,16,0
West Bengal,Howrah,Malaria,2017,46,19,0
West Bengal,Howrah,Malaria,2017,47,17,0
West Bengal,Howrah,Malaria,2017,48,13,0
West Bengal,Howrah,Malaria,2017,49,11,1
West Bengal,Howrah,Malaria,2017,50,12,0
West Bengal,Howrah,Malaria,2017,51,12,0
West Bengal,Howrah,Malaria,2017,52,11,0
West Bengal,Howrah,Malaria,2018,1,10,1
West Bengal,Howrah,Malaria,2018,2,6,0
West Bengal,Howrah,Malaria,2018,3,7,0
West Bengal,Howrah,Malaria,2018,4,4,0
West Bengal,Howrah,Malaria,2018,5,7,2
West Bengal,Howrah,Malaria,2018,6,7,0
West Bengal,Howrah,Malaria,2018,7,0,0
West Bengal,Howrah,Malaria,2018,8,7,0
West Bengal,Howrah,Malaria,2018,9,9,0
West Bengal,Howrah,Malaria,2018,10,5,0
West Bengal,Howrah,Malaria,2018,11,12,0
West Bengal,Howrah,Malaria,2018,12,8,0
West Bengal,Howrah,Malaria,2018,13,12,0
West Bengal,Howrah,Malaria,2018,14,11,0
West Bengal,Howrah,Malaria,2018,15,13,0
West Bengal,Howrah,Malaria,2018,16,13,0
West Bengal,Howrah,Malaria,2018,17,15,0
West Bengal,Howrah,Malaria,2018,18,14,0
West Bengal,Howrah,Malaria,2018,19,16,0
West Bengal,Howrah,Malaria,2018,20,20,0
West Bengal,Howrah,Malaria,2018,21,17,0
West Bengal,Howrah,Malaria,2018,22,21,0
West Bengal,Howrah,Malaria,2018,23,22,0
West Bengal,Howrah,Malaria,2018,24,22,0
West Bengal,Howrah,Malaria,2018,25,24,0
West Bengal,Howrah,Malaria,2018,26,25,0
West Bengal,Howrah,Malaria,2018,27,25,0
West Bengal,Howrah,Malaria,2018,28,25,0
West Bengal,Howrah,Malaria,2018,29,27,0
West Bengal,Howrah,Malaria,2018,30,27,0
West Bengal,Howrah,Malaria,2018,31,25,0
West Bengal,Howrah,Malaria,2018,32,26,0
West Bengal,Howrah,Malaria,2018,33,28,0
West Bengal,Howrah,Malaria,2018,34,29,0
West Bengal,Howrah,Malaria,2018,35,25,0
West Bengal,Howrah,Malaria,2018,36,28,0
West Bengal,Howrah,Malaria,2018,37,22,0
West Bengal,Howrah,Malaria,2018,38,30,0
West Bengal,Howrah,Malaria,2018,39,24,0
West Bengal,Howrah,Malaria,2018,40,25,0
West Bengal,Howrah,Malaria,2018,41,22,0
West Bengal,Howrah,Malaria,2018,42,23,0
West Bengal,Howrah,Malaria,2018,43,23,0
West Bengal,Howrah,Malaria,2018,44,21,0
West Bengal,Howrah,Malaria,2018,45,17,0
West Bengal,Howrah,Malaria,2018,46,15,0
West Bengal,Howrah,Malaria,2018,47,14,0
West Bengal,Howrah,Malaria,2018,48,18,0
West Bengal,Howrah,Malaria,2018,49,11,0
West Bengal,Howrah,Malaria,2018,50,7,0
West Bengal,Howrah,Malaria,2018,51,12,0
West Bengal,Howrah,Malaria,2018,52,11,0
West Bengal,Howrah,Malaria,2019,1,4,0
West Bengal,Howrah,Malaria,2019,2,9,1
West Bengal,Howrah,Malaria,2019,3,5,0
West Bengal,Howrah,Malaria,2019,4,9,0
West Bengal,Howrah,Malaria,2019,5,6,0
West Bengal,Howrah,Malaria,2019,6,5,0
West Bengal,Howrah,Malaria,2019,7,4,0
West Bengal,Howrah,Malaria,2019,8,5,0
West Bengal,Howrah,Malaria,2019,9,4,0
West Bengal,Howrah,Malaria,2019,10,9,0
West Bengal,Howrah,Malaria,2019,11,10,0
West Bengal,Howrah,Malaria,2019,12,12,0
West Bengal,Howrah,Malaria,2019,13,12,0
West Bengal,Howrah,Malaria,2019,14,12,0
West Bengal,Howrah,Malaria,2019,15,14,0
West Bengal,Howrah,Malaria,2019,16,12,0
West Bengal,Howrah,Malaria,2019,17,16,0
West Bengal,Howrah,Malaria,2019,18,13,0
West Bengal,Howrah,Malaria,2019,19,0,0
West Bengal,Howrah,Malaria,2019,20,21,0
West Bengal,Howrah,Malaria,2019,21,18,0
West Bengal,Howrah,Malaria,2019,22,20,0
West Bengal,Howrah,Malaria,2019,23,22,0
West Bengal,Howrah,Malaria,2019,24,22,0
West Bengal,Howrah,Malaria,2019,25,22,0
West Bengal,Howrah,Malaria,2019,26,28,0
West Bengal,Howrah,Malaria,2019,27,23,0
West Bengal,Howrah,Malaria,2019,28,28,0
West Bengal,Howrah,Malaria,2019,29,27,0
West Bengal,Howrah,Malaria,2019,30,23,0
West Bengal,Howrah,Malaria,2019,31,27,0
West Bengal,Howrah,Malaria,2019,32,29,0
West Bengal,Howrah,Malaria,2019,33,25,0
West Bengal,Howrah,Malaria,2019,34,25,0
West Bengal,Howrah,Malaria,2019,35,26,0
West Bengal,Howrah,Malaria,2019,36,27,1
West Bengal,Howrah,Malaria,2019,37,25,0
West Bengal,Howrah,Malaria,2019,38,26,0
West Bengal,Howrah,Malaria,2019,39,24,0
West Bengal,Howrah,Malaria,2019,40,24,0
West Bengal,Howrah,Malaria,2019,41,23,0
West Bengal,Howrah,Malaria,2019,42,24,0
West Bengal,Howrah,Malaria,2019,43,0,0
West Bengal,Howrah,Malaria,2019,44,17,0
West Bengal,Howrah,Malaria,2019,45,19,0
West Bengal,Howrah,Malaria,2019,46,18,0
West Bengal,Howrah,Malaria,2019,47,14,1
West Bengal,Howrah,Malaria,2019,48,9,0
West Bengal,Howrah,Malaria,2019,49,13,0
West Bengal,Howrah,Malaria,2019,50,14,0
West Bengal,Howrah,Malaria,2019,51,11,0
West Bengal,Howrah,Malaria,2019,52,11,0
West Bengal,Howrah,Malaria,2020,1,8,0
West Bengal,Howrah,Malaria,2020,2,6,0
West Bengal,Howrah,Malaria,2020,3,10,0
West Bengal,Howrah,Malaria,2020,4,6,0
West Bengal,Howrah,Malaria,2020,5,7,0
West Bengal,Howrah,Malaria,2020,6,7,0
West Bengal,Howrah,Malaria,2020,7,7,0
West Bengal,Howrah,Malaria,2020,8,8,0
West Bengal,Howrah,Malaria,2020,9,3,0
West Bengal,Howrah,Malaria,2020,10,10,0
West Bengal,Howrah,Malaria,2020,11,8,0
West Bengal,Howrah,Malaria,2020,12,12,0
West Bengal,Howrah,Malaria,2020,13,9,0
West Bengal,Howrah,Malaria,2020,14,13,0
West Bengal,Howrah,Malaria,2020,15,9,0
West Bengal,Howrah,Malaria,2020,16,13,0
West Bengal,Howrah,Malaria,2020,17,14,0
West Bengal,Howrah,Malaria,2020,18,17,0
West Bengal,Howrah,Malaria,2020,19,17,0
West Bengal,Howrah,Malaria,2020,20,20,0
West Bengal,Howrah,Malaria,2020,21,19,0
West Bengal,Howrah,Malaria,2020,22,23,0
West Bengal,Howrah,Malaria,2020,23,21,0
West Bengal,Howrah,Malaria,2020,24,24,0
West Bengal,Howrah,Malaria,2020,25,23,0
West Bengal,Howrah,Malaria,2020,26,24,0
West Bengal,Howrah,Malaria,2020,27,26,0
West Bengal,Howrah,Malaria,2020,28,26,0
West Bengal,Howrah,Malaria,2020,29,22,0
West Bengal,Howrah,Malaria,2020,30,28,0
West Bengal,Howrah,Malaria,2020,31,27,0
West Bengal,Howrah,Malaria,2020,32,27,0
West Bengal,Howrah,Malaria,2020,33,27,0
West Bengal,Howrah,Malaria,2020,34,29,0
West Bengal,Howrah,Malaria,2020,35,26,0
West Bengal,Howrah,Malaria,2020,36,29,0
West Bengal,Howrah,Malaria,2020,37,24,0
West Bengal,Howrah,Malaria,2020,38,26,0
West Bengal,Howrah,Malaria,2020,39,25,0
West Bengal,Howrah,Malaria,2020,40,22,0
West Bengal,Howrah,Malaria,2020,41,22,1
West Bengal,Howrah,Malaria,2020,42,23,0
West Bengal,Howrah,Malaria,2020,43,20,0
West Bengal,Howrah,Malaria,2020,44,18,0
West Bengal,Howrah,Malaria,2020,45,19,0
West Bengal,Howrah,Malaria,2020,46,17,0
West Bengal,Howrah,Malaria,2020,47,13,0
West Bengal,Howrah,Malaria,2020,48,13,0
West Bengal,Howrah,Malaria,2020,49,12,0
West Bengal,Howrah,Malaria,2020,50,13,0
West Bengal,Howrah,Malaria,2020,51,10,0
West Bengal,Howrah,Malaria,2020,52,11,0
West Bengal,Howrah,Malaria,2021,1,6,0
West Bengal,Howrah,Malaria,2021,2,10,0
West Bengal,Howrah,Malaria,2021,3,8,0
West Bengal,Howrah,Malaria,2021,4,6,0
West Bengal,Howrah,Malaria,2021,5,9,0
West Bengal,Howrah,Malaria,2021,6,3,0
West Bengal,Howrah,Malaria,2021,7,4,0
West Bengal,Howrah,Malaria,2021,8,8,0
West Bengal,Howrah,Malaria,2021,9,7,0
West Bengal,Howrah,Malaria,2021,10,7,0
West Bengal,Howrah,Malaria,2021,11,10,0
West Bengal,Howrah,Malaria,2021,12,6,0
West Bengal,Howrah,Malaria,2021,13,7,2
West Bengal,Howrah,Malaria,2021,14,13,0
West Bengal,Howrah,Malaria,2021,15,11,0
West Bengal,Howrah,Malaria,2021,16,12,0
West Bengal,Howrah,Malaria,2021,17,13,0
West Bengal,Howrah,Malaria,2021,18,14,0
West Bengal,Howrah,Malaria,2021,19,17,0
West Bengal,Howrah,Malaria,2021,20,18,0
West Bengal,Howrah,Malaria,2021,21,20,0
West Bengal,Howrah,Malaria,2021,22,0,0
West Bengal,Howrah,Malaria,2021,23,23,0
West Bengal,Howrah,Malaria,2021,24,20,0
West Bengal,Howrah,Malaria,2021,25,22,0
West Bengal,Howrah,Malaria,2021,26,24,0
West Bengal,Howrah,Malaria,2021,27,29,0
West Bengal,Howrah,Malaria,2021,28,26,0
West Bengal,Howrah,Malaria,2021,29,29,0
West Bengal,Howrah,Malaria,2021,30,26,0
West Bengal,Howrah,Malaria,2021,31,27,0
West Bengal,Howrah,Malaria,2021,32,28,0
West Bengal,Howrah,Malaria,2021,33,28,0
West Bengal,Howrah,Malaria,2021,34,27,1
West Bengal,Howrah,Malaria,2021,35,26,0
West Bengal,Howrah,Malaria,2021,36,26,0
West Bengal,Howrah,Malaria,2021,37,28,0
West Bengal,Howrah,Malaria,2021,38,25,0
West Bengal,Howrah,Malaria,2021,39,26,0
West Bengal,Howrah,Malaria,2021,40,23,0
West Bengal,Howrah,Malaria,2021,41,25,0
West Bengal,Howrah,Malaria,2021,42,19,0
West Bengal,Howrah,Malaria,2021,43,20,0
West Bengal,Howrah,Malaria,2021,44,15,0
West Bengal,Howrah,Malaria,2021,45,0,0
West Bengal,Howrah,Malaria,2021,46,16,0
West Bengal,Howrah,Malaria,2021,47,15,0
West Bengal,Howrah,Malaria,2021,48,14,0
West Bengal,Howrah,Malaria,2021,49,13,0
West Bengal,Howrah,Malaria,2021,50,11,0
West Bengal,Howrah,Malaria,2021,51,8,0
West Bengal,Howrah,Malaria,2021,52,0,0
West Bengal,Howrah,Malaria,2022,1,9,0
West Bengal,Howrah,Malaria,2022,2,7,0
West Bengal,Howrah,Malaria,2022,3,11,0
West Bengal,Howrah,Malaria,2022,4,8,0
West Bengal,Howrah,Malaria,2022,5,11,0
West Bengal,Howrah,Malaria,2022,6,3,0
West Bengal,Howrah,Malaria,2022,7,9,0
West Bengal,Howrah,Malaria,2022,8,6,0
West Bengal,Howrah,Malaria,2022,9,5,0
West Bengal,Howrah,Malaria,2022,10,12,0
West Bengal,Howrah,Malaria,2022,11,7,0
West Bengal,Howrah,Malaria,2022,12,8,0
West Bengal,Howrah,Malaria,2022,13,12,0
West Bengal,Howrah,Malaria,2022,14,12,0
West Bengal,Howrah,Malaria,2022,15,15,0
West Bengal,Howrah,Malaria,2022,16,11,0
West Bengal,Howrah,Malaria,2022,17,0,0
West Bengal,Howrah,Malaria,2022,18,16,0
West Bengal,Howrah,Malaria,2022,19,19,0
West Bengal,Howrah,Malaria,2022,20,12,0
West Bengal,Howrah,Malaria,2022,21,20,0
West Bengal,Howrah,Malaria,2022,22,24,0
West Bengal,Howrah,Malaria,2022,23,18,0
West Bengal,Howrah,Malaria,2022,24,22,0
West Bengal,Howrah,Malaria,2022,25,23,0
West Bengal,Howrah,Malaria,2022,26,28,0
West Bengal,Howrah,Malaria,2022,27,25,0
West Bengal,Howrah,Malaria,2022,28,27,0
West Bengal,Howrah,Malaria,2022,29,27,0
West Bengal,Howrah,Malaria,2022,30,29,0
West Bengal,Howrah,Malaria,2022,31,27,0
West Bengal,Howrah,Malaria,2022,32,0,0
West Bengal,Howrah,Malaria,2022,33,27,0
West Bengal,Howrah,Malaria,2022,34,29,0
West Bengal,Howrah,Malaria,2022,35,25,0
West Bengal,Howrah,Malaria,2022,36,29,0
West Bengal,Howrah,Malaria,2022,37,24,0
West Bengal,Howrah,Malaria,2022,38,26,0
West Bengal,Howrah,Malaria,2022,39,25,0
West Bengal,Howrah,Malaria,2022,40,21,0
West Bengal,Howrah,Malaria,2022,41,21,0
West Bengal,Howrah,Malaria,2022,42,18,0
West Bengal,Howrah,Malaria,2022,43,13,0
West Bengal,Howrah,Malaria,2022,44,22,0
West Bengal,Howrah,Malaria,2022,45,13,0
West Bengal,Howrah,Malaria,2022,46,17,0
West Bengal,Howrah,Malaria,2022,47,12,0
West Bengal,Howrah,Malaria,2022,48,12,0
West Bengal,Howrah,Malaria,2022,49,13,0
West Bengal,Howrah,Malaria,2022,50,12,0
West Bengal,Howrah,Malaria,2022,51,0,0
West Bengal,Howrah,Malaria,2022,52,11,0
West Bengal,Howrah,Malaria,2023,1,11,0
West Bengal,Howrah,Malaria,2023,2,7,1
West Bengal,Howrah,Malaria,2023,3,11,0
West Bengal,Howrah,Malaria,2023,4,4,0
West Bengal,Howrah,Malaria,2023,5,9,0
West Bengal,Howrah,Malaria,2023,6,6,0
West Bengal,Howrah,Malaria,2023,7,5,0
West Bengal,Howrah,Malaria,2023,8,8,0
West Bengal,Howrah,Malaria,2023,9,6,0
West Bengal,Howrah,Malaria,2023,10,8,0
West Bengal,Howrah,Malaria,2023,11,10,0
West Bengal,Howrah,Malaria,2023,12,5,0
West Bengal,Howrah,Malaria,2023,13,11,2
West Bengal,Howrah,Malaria,2023,14,14,0
West Bengal,Howrah,Malaria,2023,15,14,1
West Bengal,Howrah,Malaria,2023,16,12,0
West Bengal,Howrah,Malaria,2023,17,16,0
West Bengal,Howrah,Malaria,2023,18,18,0
West Bengal,Howrah,Malaria,2023,19,15,0
West Bengal,Howrah,Malaria,2023,20,15,0
West Bengal,Howrah,Malaria,2023,21,21,0
West Bengal,Howrah,Malaria,2023,22,22,0
West Bengal,Howrah,Malaria,2023,23,21,0
West Bengal,Howrah,Malaria,2023,24,23,0
West Bengal,Howrah,Malaria,2023,25,23,0
West Bengal,Howrah,Malaria,2023,26,26,0
West Bengal,Howrah,Malaria,2023,27,23,0
West Bengal,Howrah,Malaria,2023,28,31,0
West Bengal,Howrah,Malaria,2023,29,27,0
West Bengal,Howrah,Malaria,2023,30,30,0
West Bengal,Howrah,Malaria,2023,31,26,0
West Bengal,Howrah,Malaria,2023,32,26,0
West Bengal,Howrah,Malaria,2023,33,31,1
West Bengal,Howrah,Malaria,2023,34,27,1
West Bengal,Howrah,Malaria,2023,35,25,0
West Bengal,Howrah,Malaria,2023,36,28,0
West Bengal,Howrah,Malaria,2023,37,28,0
West Bengal,Howrah,Malaria,2023,38,24,0
West Bengal,Howrah,Malaria,2023,39,25,0
West Bengal,Howrah,Malaria,2023,40,23,0
West Bengal,Howrah,Malaria,2023,41,22,0
West Bengal,Howrah,Malaria,2023,42,21,0
West Bengal,Howrah,Malaria,2023,43,20,0
West Bengal,Howrah,Malaria,2023,44,20,0
West Bengal,Howrah,Malaria,2023,45,17,0
West Bengal,Howrah,Malaria,2023,46,16,0
West Bengal,Howrah,Malaria,2023,47,16,0
West Bengal,Howrah,Malaria,2023,48,13,0
West Bengal,Howrah,Malaria,2023,49,13,0
West Bengal,Howrah,Malaria,2023,50,11,0
West Bengal,Howrah,Malaria,2023,51,11,0
West Bengal,Howrah,Malaria,2023,52,10,0
West Bengal,Howrah,Malaria,2024,1,9,0
West Bengal,Howrah,Malaria,2024,2,9,0
West Bengal,Howrah,Malaria,2024,3,9,0
West Bengal,Howrah,Malaria,2024,4,7,0
West Bengal,Howrah,Malaria,2024,5,8,0
West Bengal,Howrah,Malaria,2024,6,8,0
West Bengal,Howrah,Malaria,2024,7,5,0
West Bengal,Howrah,Malaria,2024,8,7,0
West Bengal,Howrah,Malaria,2024,9,10,1
West Bengal,Howrah,Malaria,2024,10,7,0
West Bengal,Howrah,Malaria,2024,11,10,0
West Bengal,Howrah,Malaria,2024,12,9,0
West Bengal,Howrah,Malaria,2024,13,11,0
West Bengal,Howrah,Malaria,2024,14,11,0
West Bengal,Howrah,Malaria,2024,15,10,0
West Bengal,Howrah,Malaria,2024,16,16,0
West Bengal,Howrah,Malaria,2024,17,14,0
West Bengal,Howrah,Malaria,2024,18,19,0
West Bengal,Howrah,Malaria,2024,19,18,0
West Bengal,Howrah,Malaria,2024,20,18,0
West Bengal,Howrah,Malaria,2024,21,0,0
West Bengal,Howrah,Malaria,2024,22,25,0
West Bengal,Howrah,Malaria,2024,23,22,0
West Bengal,Howrah,Malaria,2024,24,23,0
West Bengal,Howrah,Malaria,2024,25,26,0
West Bengal,Howrah,Malaria,2024,26,28,0
West Bengal,Howrah,Malaria,2024,27,26,0
West Bengal,Howrah,Malaria,2024,28,23,0
West Bengal,Howrah,Malaria,2024,29,23,0
West Bengal,Howrah,Malaria,2024,30,30,0
West Bengal,Howrah,Malaria,2024,31,26,0
West Bengal,Howrah,Malaria,2024,32,27,1
West Bengal,Howrah,Malaria,2024,33,25,0
West Bengal,Howrah,Malaria,2024,34,29,0
West Bengal,Howrah,Malaria,2024,35,27,0
West Bengal,Howrah,Malaria,2024,36,25,0
West Bengal,Howrah,Malaria,2024,37,27,0
West Bengal,Howrah,Malaria,2024,38,23,0
West Bengal,Howrah,Malaria,2024,39,27,0
West Bengal,Howrah,Malaria,2024,40,24,0
West Bengal,Howrah,Malaria,2024,41,25,0
West Bengal,Howrah,Malaria,2024,42,22,0
West Bengal,Howrah,Malaria,2024,43,21,0
West Bengal,Howrah,Malaria,2024,44,16,0
West Bengal,Howrah,Malaria,2024,45,18,0
West Bengal,Howrah,Malaria,2024,46,15,0
West Bengal,Howrah,Malaria,2024,47,14,0
West Bengal,Howrah,Malaria,2024,48,14,0
West Bengal,Howrah,Malaria,2024,49,10,0
West Bengal,Howrah,Malaria,2024,50,10,1
West Bengal,Howrah,Malaria,2024,51,11,0
West Bengal,Howrah,Malaria,2024,52,0,0
West Bengal,Howrah,Acute Diarrhoeal Disease,2017,1,31,0
West Bengal,Howrah,Acute Diarrhoeal Disease,2017,2,36,0
West Bengal,Howrah,Acute Diarrhoeal Disease,2017,3,15,0
West Bengal,Howrah,Acute Diarrhoeal Disease,2017,4,19,0
West Bengal,Howrah,Acute Diarrhoeal Disease,2017,5,18,0
West Bengal,Howrah,Acute Diarrhoeal Disease,2017,6,12,0
West Bengal,Howrah,Acute Diarrhoeal Disease,2017,7,9,0
West Bengal,Howrah,Acute Diarrhoeal Disease,2017,8,9,0
West Bengal,Howrah,Acute Diarrhoeal Disease,2017,9,7,0
West Bengal,Howrah,Acute Diarrhoeal Disease,2017,10,10,0
West Bengal,Howrah,Acute Diarrhoeal Disease,2017,11,10,0
West Bengal,Howrah,Acute Diarrhoeal Disease,2017,12,7,0
West Bengal,Howrah,Acute Diarrhoeal Disease,2017,13,2,0
West Bengal,Howrah,Acute Diarrhoeal Disease,2017,14,9,0
West Bengal,Howrah,Acute Diarrhoeal Disease,2017,15,5,0
West Bengal,Howrah,Acute Diarrhoeal Disease,2017,16,19,0
West Bengal,Howrah,Acute Diarrhoeal Disease,2017,17,15,0
West Bengal,Howrah,Acute Diarrhoeal Disease,2017,18,16,0
West Bengal,Howrah,Acute Diarrhoeal Disease,2017,19,18,0
West Bengal,Howrah,Acute Diarrhoeal Disease,2017,20,22,0
West Bengal,Howrah,Acute Diarrhoeal Disease,2017,21,13,0
West Bengal,Howrah,Acute Diarrhoeal Disease,2017,22,20,0
West Bengal,Howrah,Acute Diarrhoeal Disease,2017,23,36,0
West Bengal,Howrah,Acute Diarrhoeal Disease,2017,24,41,0
West Bengal,Howrah,Acute Diarrhoeal Disease,2017,25,36,0
West Bengal,Howrah,Acute Diarrhoeal Disease,2017,26,47,0
West Bengal,Howrah,Acute Diarrhoeal Disease,2017,27,49,0
West Bengal,Howrah,Acute Diarrhoeal Disease,2017,28,55,0
West Bengal,Howrah,Acute Diarrhoeal Disease,2017,29,59,0
West Bengal,Howrah,Acute Diarrhoeal Disease,2017,30,57,0
West Bengal,Howrah,Acute Diarrhoeal Disease,2017,31,66,0
West Bengal,Howrah,Acute Diarrhoeal Disease,2017,32,51,0
West Bengal,Howrah,Acute Diarrhoeal Disease,2017,33,70,0
West Bengal,Howrah,Acute Diarrhoeal Disease,2017,34,67,0
West Bengal,Howrah,Acute Diarrhoeal Disease,2017,35,76,0
West Bengal,Howrah,Acute Diarrhoeal Disease,2017,36,71,0
West Bengal,Howrah,Acute Diarrhoeal Disease,2017,37,74,0
West Bengal,Howrah,Acute Diarrhoeal Disease,2017,38,81,0
West Bengal,Howrah,Acute Diarrhoeal Disease,2017,39,76,0
West Bengal,Howrah,Acute Diarrhoeal Disease,2017,40,66,0
West Bengal,Howrah,Acute Diarrhoeal Disease,2017,41,0,0
West Bengal,Howrah,Acute Diarrhoeal Disease,2017,42,72,0
West Bengal,Howrah,Acute Diarrhoeal Disease,2017,43,68,0
West Bengal,Howrah,Acute Diarrhoeal Disease,2017,44,60,0
West Bengal,Howrah,Acute Diarrhoeal Disease,2017,45,64,0
West Bengal,Howrah,Acute Diarrhoeal Disease,2017,46,62,0
West Bengal,Howrah,Acute Diarrhoeal Disease,2017,47,60,0
West Bengal,Howrah,Acute Diarrhoeal Disease,2017,48,53,0
West Bengal,Howrah,Acute Diarrhoeal Disease,2017,49,40,0
West Bengal,Howrah,Acute Diarrhoeal Disease,2017,50,46,0
West Bengal,Howrah,Acute Diarrhoeal Disease,2017,51,36,0
West Bengal,Howrah,Acute Diarrhoeal Disease,2017,52,38,0
West Bengal,Howrah,Acute Diarrhoeal Disease,2018,1,35,0
West Bengal,Howrah,Acute Diarrhoeal Disease,2018,2,30,0
West Bengal,Howrah,Acute Diarrhoeal Disease,2018,3,32,0
West Bengal,Howrah,Acute Diarrhoeal Disease,2018,4,20,0
West Bengal,Howrah,Acute Diarrhoeal Disease,2018,5,24,0
West Bengal,Howrah,Acute Diarrhoeal Disease,2018,6,15,0
West Bengal,Howrah,Acute Diarrhoeal Disease,2018,7,19,0
West Bengal,Howrah,Acute Diarrhoeal Disease,2018,8,14,1
West Bengal,Howrah,Acute Diarrhoeal Disease,2018,9,18,0
West Bengal,Howrah,Acute Diarrhoeal Disease,2018,10,5,0
West Bengal,Howrah,Acute Diarrhoeal Disease,2018,11,5,0
West Bengal,Howrah,Acute Diarrhoeal Disease,2018,12,6,0
West Bengal,Howrah,Acute Diarrhoeal Disease,2018,13,0,0
West Bengal,Howrah,Acute Diarrhoeal Disease,2018,14,10,0
West Bengal,Howrah,Acute Diarrhoeal Disease,2018,15,10,0
West Bengal,Howrah,Acute Diarrhoeal Disease,2018,16,19,0
West Bengal,Howrah,Acute Diarrhoeal Disease,2018,17,13,0
West Bengal,Howrah,Acute Diarrhoeal Disease,2018,18,16,0
West Bengal,Howrah,Acute Diarrhoeal Disease,2018,19,15,0
West Bengal,Howrah,Acute Diarrhoeal Disease,2018,20,23,0
West Bengal,Howrah,Acute Diarrhoeal Disease,2018,21,16,0
West Bengal,Howrah,Acute Diarrhoeal Disease,2018,22,29,0
West Bengal,Howrah,Acute Diarrhoeal Disease,2018,23,41,0
West Bengal,Howrah,Acute Diarrhoeal Disease,2018,24,38,0
West Bengal,Howrah,Acute Diarrhoeal Disease,2018,25,49,0
West Bengal,Howrah,Acute Diarrhoeal Disease,2018,26,39,0
West Bengal,Howrah,Acute Diarrhoeal Disease,2018,27,50,0
West Bengal,Howrah,Acute Diarrhoeal Disease,2018,28,56,0
West Bengal,Howrah,Acute Diarrhoeal Disease,2018,29,59,0
West Bengal,Howrah,Acute Diarrhoeal Disease,2018,30,53,0
West Bengal,Howrah,Acute Diarrhoeal Disease,2018,31,61,0
West Bengal,Howrah,Acute Diarrhoeal Disease,2018,32,78,0
West Bengal,Howrah,Acute Diarrhoeal Disease,2018,33,62,0
West Bengal,Howrah,Acute Diarrhoeal Disease,2018,34,67,0
West Bengal,Howrah,Acute Diarrhoeal Disease,2018,35,0,0
West Bengal,Howrah,Acute Diarrhoeal Disease,2018,36,69,0
West Bengal,Howrah,Acute Diarrhoeal Disease,2018,37,79,0
West Bengal,Howrah,Acute Diarrhoeal Disease,2018,38,76,0
West Bengal,Howrah,Acute Diarrhoeal Disease,2018,39,66,0
West Bengal,Howrah,Acute Diarrhoeal Disease,2018,40,72,0
West Bengal,Howrah,Acute Diarrhoeal Disease,2018,41,70,0
West Bengal,Howrah,Acute Diarrhoeal Disease,2018,42,68,0
West Bengal,Howrah,Acute Diarrhoeal Disease,2018,43,70,0
West Bengal,Howrah,Acute Diarrhoeal Disease,2018,44,70,0
West Bengal,Howrah,Acute Diarrhoeal Disease,2018,45,55,0
West Bengal,Howrah,Acute Diarrhoeal Disease,2018,46,58,0
West Bengal,Howrah,Acute Diarrhoeal Disease,2018,47,54,0
West Bengal,Howrah,Acute Diarrhoeal Disease,2018,48,50,0
West Bengal,Howrah,Acute Diarrhoeal Disease,2018,49,47,0
West Bengal,Howrah,Acute Diarrhoeal Disease,2018,50,43,0
West Bengal,Howrah,Acute Diarrhoeal Disease,2018,51,37,0
West Bengal,Howrah,Acute Diarrhoeal Disease,2018,52,34,0
West Bengal,Howrah,Acute Diarrhoeal Disease,2019,1,35,0
West Bengal,Howrah,Acute Diarrhoeal Disease,2019,2,22,0
West Bengal,Howrah,Acute Diarrhoeal Disease,2019,3,24,0
West Bengal,Howrah,Acute Diarrhoeal Disease,2019,4,28,0
West Bengal,Howrah,Acute Diarrhoeal Disease,2019,5,14,0
West Bengal,Howrah,Acute Diarrhoeal Disease,2019,6,18,0
West Bengal,Howrah,Acute Diarrhoeal Disease,2019,7,18,0
West Bengal,Howrah,Acute Diarrhoeal Disease,2019,8,19,0
West Bengal,Howrah,Acute Diarrhoeal Disease,2019,9,4,0
West Bengal,Howrah,Acute Diarrhoeal Disease,2019,10,16,0
West Bengal,Howrah,Acute Diarrhoeal Disease,2019,11,6,0
West Bengal,Howrah,Acute Diarrhoeal Disease,2019,12,8,0
West Bengal,Howrah,Acute Diarrhoeal Disease,2019,13,9,0
West Bengal,Howrah,Acute Diarrhoeal Disease,2019,14,14,0
West Bengal,Howrah,Acute Diarrhoeal Disease,2019,15,9,0
West Bengal,Howrah,Acute Diarrhoeal Disease,2019,16,2,0
West Bengal,Howrah,Acute Diarrhoeal Disease,2019,17,7,0
West Bengal,Howrah,Acute Diarrhoeal Disease,2019,18,11,0
West Bengal,Howrah,Acute Diarrhoeal Disease,2019,19,15,0
West Bengal,Howrah,Acute Diarrhoeal Disease,2019,20,30,0
West Bengal,Howrah,Acute Diarrhoeal Disease,2019,21,25,0
West Bengal,Howrah,Acute Diarrhoeal Disease,2019,22,23,0
West Bengal,Howrah,Acute Diarrhoeal Disease,2019,23,34,0
West Bengal,Howrah,Acute Diarrhoeal Disease,2019,24,34,0
West Bengal,Howrah,Acute Diarrhoeal Disease,2019,25,33,0
West Bengal,Howrah,Acute Diarrhoeal Disease,2019,26,42,0
West Bengal,Howrah,Acute Diarrhoeal Disease,2019,27,0,0
West Bengal,Howrah,Acute Diarrhoeal Disease,2019,28,49,0
West Bengal,Howrah,Acute Diarrhoeal Disease,2019,29,54,0
West Bengal,Howrah,Acute Diarrhoeal Disease,2019,30,43,0
West Bengal,Howrah,Acute Diarrhoeal Disease,2019,31,50,0
West Bengal,Howrah,Acute Diarrhoeal Disease,2019,32,61,0
West Bengal,Howrah,Acute Diarrhoeal Disease,2019,33,68,0
West Bengal,Howrah,Acute Diarrhoeal Disease,2019,34,72,0
West Bengal,Howrah,Acute Diarrhoeal Disease,2019,35,70,0
West Bengal,Howrah,Acute Diarrhoeal Disease,2019,36,65,0
West Bengal,Howrah,Acute Diarrhoeal Disease,2019,37,70,1
West Bengal,Howrah,Acute Diarrhoeal Disease,2019,38,70,0
West Bengal,Howrah,Acute Diarrhoeal Disease,2019,39,78,0
West Bengal,Howrah,Acute Diarrhoeal Disease,2019,40,73,0
West Bengal,Howrah,Acute Diarrhoeal Disease,2019,41,67,0
West Bengal,Howrah,Acute Diarrhoeal Disease,2019,42,71,0
West Bengal,Howrah,Acute Diarrhoeal Disease,2019,43,66,0
West Bengal,Howrah,Acute Diarrhoeal Disease,2019,44,65,0
West Bengal,Howrah,Acute Diarrhoeal Disease,2019,45,53,0
West Bengal,Howrah,Acute Diarrhoeal Disease,2019,46,54,0
West Bengal,Howrah,Acute Diarrhoeal Disease,2019,47,47,0
West Bengal,Howrah,Acute Diarrhoeal Disease,2019,48,43,0
West Bengal,Howrah,Acute Diarrhoeal Disease,2019,49,56,0
West Bengal,Howrah,Acute Diarrhoeal Disease,2019,50,47,0
West Bengal,Howrah,Acute Diarrhoeal Disease,2019,51,35,0
West Bengal,Howrah,Acute Diarrhoeal Disease,2019,52,45,0
West Bengal,Howrah,Acute Diarrhoeal Disease,2020,1,21,0
West Bengal,Howrah,Acute Diarrhoeal Disease,2020,2,28,0
West Bengal,Howrah,Acute Diarrhoeal Disease,2020,3,22,0
West Bengal,Howrah,Acute Diarrhoeal Disease,2020,4,21,0
West Bengal,Howrah,Acute Diarrhoeal Disease,2020,5,24,0
West Bengal,Howrah,Acute Diarrhoeal Disease,2020,6,17,0
West Bengal,Howrah,Acute Diarrhoeal Disease,2020,7,18,0
West Bengal,Howrah,Acute Diarrhoeal Disease,2020,8,17,0
West Bengal,Howrah,Acute Diarrhoeal Disease,2020,9,15,0
West Bengal,Howrah,Acute Diarrhoeal Disease,2020,10,17,0
West Bengal,Howrah,Acute Diarrhoeal Disease,2020,11,4,0
West Bengal,Howrah,Acute Diarrhoeal Disease,2020,12,8,0
West Bengal,Howrah,Acute Diarrhoeal Disease,2020,13,0,0
West Bengal,Howrah,Acute Diarrhoeal Disease,2020,14,0,0
West Bengal,Howrah,Acute Diarrhoeal Disease,2020,15,15,0
West Bengal,Howrah,Acute Diarrhoeal Disease,2020,16,5,0
West Bengal,Howrah,Acute Diarrhoeal Disease,2020,17,7,0
West Bengal,Howrah,Acute Diarrhoeal Disease,2020,18,9,0
West Bengal,Howrah,Acute Diarrhoeal Disease,2020,19,22,0
West Bengal,Howrah,Acute Diarrhoeal Disease,2020,20,29,0
West Bengal,Howrah,Acute Diarrhoeal Disease,2020,21,31,0
West Bengal,Howrah,Acute Diarrhoeal Disease,2020,22,29,0
West Bengal,Howrah,Acute Diarrhoeal Disease,2020,23,40,0
West Bengal,Howrah,Acute Diarrhoeal Disease,2020,24,36,0
West Bengal,Howrah,Acute Diarrhoeal Disease,2020,25,44,0
West Bengal,Howrah,Acute Diarrhoeal Disease,2020,26,36,0
West Bengal,Howrah,Acute Diarrhoeal Disease,2020,27,49,0
West Bengal,Howrah,Acute Diarrhoeal Disease,2020,28,54,0
West Bengal,Howrah,Acute Diarrhoeal Disease,2020,29,54,0
West Bengal,Howrah,Acute Diarrhoeal Disease,2020,30,59,0
West Bengal,Howrah,Acute Diarrhoeal Disease,2020,31,59,0
West Bengal,Howrah,Acute Diarrhoeal Disease,2020,32,69,0
West Bengal,Howrah,Acute Diarrhoeal Disease,2020,33,0,0
West Bengal,Howrah,Acute Diarrhoeal Disease,2020,34,71,0
West Bengal,Howrah,Acute Diarrhoeal Disease,2020,35,76,0
West Bengal,Howrah,Acute Diarrhoeal Disease,2020,36,73,0
West Bengal,Howrah,Acute Diarrhoeal Disease,2020,37,66,0
West Bengal,Howrah,Acute Diarrhoeal Disease,2020,38,64,0
West Bengal,Howrah,Acute Diarrhoeal Disease,2020,39,65,0
West Bengal,Howrah,Acute Diarrhoeal Disease,2020,40,66,0
West Bengal,Howrah,Acute Diarrhoeal Disease,2020,41,71,0
West Bengal,Howrah,Acute Diarrhoeal Disease,2020,42,72,0
West Bengal,Howrah,Acute Diarrhoeal Disease,2020,43,60,0
West Bengal,Howrah,Acute Diarrhoeal Disease,2020,44,65,0
West Bengal,Howrah,Acute Diarrhoeal Disease,2020,45,59,0
West Bengal,Howrah,Acute Diarrhoeal Disease,2020,46,63,0
West Bengal,Howrah,Acute Diarrhoeal Disease,2020,47,55,0
West Bengal,Howrah,Acute Diarrhoeal Disease,2020,48,51,0
West Bengal,Howrah,Acute Diarrhoeal Disease,2020,49,41,0
West Bengal,Howrah,Acute Diarrhoeal Disease,2020,50,36,0
West Bengal,Howrah,Acute Diarrhoeal Disease,2020,51,43,1
West Bengal,Howrah,Acute Diarrhoeal Disease,2020,52,41,0
West Bengal,Howrah,Acute Diarrhoeal Disease,2021,1,28,0
West Bengal,Howrah,Acute Diarrhoeal Disease,2021,2,33,0
West Bengal,Howrah,Acute Diarrhoeal Disease,2021,3,14,0
West Bengal,Howrah,Acute Diarrhoeal Disease,2021,4,23,0
West Bengal,Howrah,Acute Diarrhoeal Disease,2021,5,16,0
West Bengal,Howrah,Acute Diarrhoeal Disease,2021,6,18,0
West Bengal,Howrah,Acute Diarrhoeal Disease,2021,7,4,0
West Bengal,Howrah,Acute Diarrhoeal Disease,2021,8,21,0
West Bengal,Howrah,Acute Diarrhoeal Disease,2021,9,6,0
West Bengal,Howrah,Acute Diarrhoeal Disease,2021,10,8,0
West Bengal,Howrah,Acute Diarrhoeal Disease,2021,11,5,0
West Bengal,Howrah,Acute Diarrhoeal Disease,2021,12,14,0
West Bengal,Howrah,Acute Diarrhoeal Disease,2021,13,13,0
West Bengal,Howrah,Acute Diarrhoeal Disease,2021,14,14,0
West Bengal,Howrah,Acute Diarrhoeal Disease,2021,15,0,0
West Bengal,Howrah,Acute Diarrhoeal Disease,2021,16,5,0
West Bengal,Howrah,Acute Diarrhoeal Disease,2021,17,22,0
West Bengal,Howrah,Acute Diarrhoeal Disease,2021,18,18,0
West Bengal,Howrah,Acute Diarrhoeal Disease,2021,19,17,0
West Bengal,Howrah,Acute Diarrhoeal Disease,2021,20,15,0
West Bengal,Howrah,Acute Diarrhoeal Disease,2021,21,31,0
West Bengal,Howrah,Acute Diarrhoeal Disease,2021,22,28,0
West Bengal,Howrah,Acute Diarrhoeal Disease,2021,23,31,1
West Bengal,Howrah,Acute Diarrhoeal Disease,2021,24,39,0
West Bengal,Howrah,Acute Diarrhoeal Disease,2021,25,39,0
West Bengal,Howrah,Acute Diarrhoeal Disease,2021,26,42,0
West Bengal,Howrah,Acute Diarrhoeal Disease,2021,27,52,0
West Bengal,Howrah,Acute Diarrhoeal Disease,2021,28,53,1
West Bengal,Howrah,Acute Diarrhoeal Disease,2021,29,55,0
West Bengal,Howrah,Acute Diarrhoeal Disease,2021,30,51,0
West Bengal,Howrah,Acute Diarrhoeal Disease,2021,31,56,0
West Bengal,Howrah,Acute Diarrhoeal Disease,2021,32,63,0
West Bengal,Howrah,Acute Diarrhoeal Disease,2021,33,64,0
West Bengal,Howrah,Acute Diarrhoeal Disease,2021,34,69,0
West Bengal,Howrah,Acute Diarrhoeal Disease,2021,35,71,0
West Bengal,Howrah,Acute Diarrhoeal Disease,2021,36,64,0
West Bengal,Howrah,Acute Diarrhoeal Disease,2021,37,69,0
West Bengal,Howrah,Acute Diarrhoeal Disease,2021,38,71,0
West Bengal,Howrah,Acute Diarrhoeal Disease,2021,39,67,0
West Bengal,Howrah,Acute Diarrhoeal Disease,2021,40,64,0
West Bengal,Howrah,Acute Diarrhoeal Disease,2021,41,59,0
West Bengal,Howrah,Acute Diarrhoeal Disease,2021,42,69,0
West Bengal,Howrah,Acute Diarrhoeal Disease,2021,43,70,0
West Bengal,Howrah,Acute Diarrhoeal Disease,2021,44,67,0
West Bengal,Howrah,Acute Diarrhoeal Disease,2021,45,56,0
West Bengal,Howrah,Acute Diarrhoeal Disease,2021,46,62,0
West Bengal,Howrah,Acute Diarrhoeal Disease,2021,47,59,0
West Bengal,Howrah,Acute Diarrhoeal Disease,2021,48,45,0
West Bengal,Howrah,Acute Diarrhoeal Disease,2021,49,53,0
West Bengal,Howrah,Acute Diarrhoeal Disease,2021,50,45,0
West Bengal,Howrah,Acute Diarrhoeal Disease,2021,51,50,0
West Bengal,Howrah,Acute Diarrhoeal Disease,2021,52,24,0
West Bengal,Howrah,Acute Diarrhoeal Disease,2022,1,24,0
West Bengal,Howrah,Acute Diarrhoeal Disease,2022,2,31,0
West Bengal,Howrah,Acute Diarrhoeal Disease,2022,3,28,0
West Bengal,Howrah,Acute Diarrhoeal Disease,2022,4,24,0
West Bengal,Howrah,Acute Diarrhoeal Disease,2022,5,22,0
West Bengal,Howrah,Acute Diarrhoeal Disease,2022,6,13,0
West Bengal,Howrah,Acute Diarrhoeal Disease,2022,7,13,0
West Bengal,Howrah,Acute Diarrhoeal Disease,2022,8,5,0
West Bengal,Howrah,Acute Diarrhoeal Disease,2022,9,6,0
West Bengal,Howrah,Acute Diarrhoeal Disease,2022,10,8,0
West Bengal,Howrah,Acute Diarrhoeal Disease,2022,11,18,0
West Bengal,Howrah,Acute Diarrhoeal Disease,2022,12,11,0
West Bengal,Howrah,Acute Diarrhoeal Disease,2022,13,7,2
West Bengal,Howrah,Acute Diarrhoeal Disease,2022,14,10,0
West Bengal,Howrah,Acute Diarrhoeal Disease,2022,15,1,0
West Bengal,Howrah,Acute Diarrhoeal Disease,2022,16,18,0
West Bengal,Howrah,Acute Diarrhoeal Disease,2022,17,17,0
West Bengal,Howrah,Acute Diarrhoeal Disease,2022,18,12,0
West Bengal,Howrah,Acute Diarrhoeal Disease,2022,19,27,0
West Bengal,Howrah,Acute Diarrhoeal Disease,2022,20,20,0
West Bengal,Howrah,Acute Diarrhoeal Disease,2022,21,31,0
West Bengal,Howrah,Acute Diarrhoeal Disease,2022,22,27,0
West Bengal,Howrah,Acute Diarrhoeal Disease,2022,23,23,0
West Bengal,Howrah,Acute Diarrhoeal Disease,2022,24,40,0
West Bengal,Howrah,Acute Diarrhoeal Disease,2022,25,42,0
West Bengal,Howrah,Acute Diarrhoeal Disease,2022,26,47,0
West Bengal,Howrah,Acute Diarrhoeal Disease,2022,27,40,0
West Bengal,Howrah,Acute Diarrhoeal Disease,2022,28,60,0
West Bengal,Howrah,Acute Diarrhoeal Disease,2022,29,51,0
West Bengal,Howrah,Acute Diarrhoeal Disease,2022,30,51,0
West Bengal,Howrah,Acute Diarrhoeal Disease,2022,31,61,0
West Bengal,Howrah,Acute Diarrhoeal Disease,2022,32,65,0
West Bengal,Howrah,Acute Diarrhoeal Disease,2022,33,62,0
West Bengal,Howrah,Acute Diarrhoeal Disease,2022,34,62,0
West Bengal,Howrah,Acute Diarrhoeal Disease,2022,35,74,0
West Bengal,Howrah,Acute Diarrhoeal Disease,2022,36,64,0
West Bengal,Howrah,Acute Diarrhoeal Disease,2022,37,64,0
West Bengal,Howrah,Acute Diarrhoeal Disease,2022,38,67,0
West Bengal,Howrah,Acute Diarrhoeal Disease,2022,39,67,0
West Bengal,Howrah,Acute Diarrhoeal Disease,2022,40,74,0
West Bengal,Howrah,Acute Diarrhoeal Disease,2022,41,64,0
West Bengal,Howrah,Acute Diarrhoeal Disease,2022,42,65,0
West Bengal,Howrah,Acute Diarrhoeal Disease,2022,43,72,0
West Bengal,Howrah,Acute Diarrhoeal Disease,2022,44,60,0
West Bengal,Howrah,Acute Diarrhoeal Disease,2022,45,62,0
West Bengal,Howrah,Acute Diarrhoeal Disease,2022,46,57,0
West Bengal,Howrah,Acute Diarrhoeal Disease,2022,47,64,0
West Bengal,Howrah,Acute Diarrhoeal Disease,2022,48,47,0
West Bengal,Howrah,Acute Diarrhoeal Disease,2022,49,40,0
West Bengal,Howrah,Acute Diarrhoeal Disease,2022,50,44,0
West Bengal,Howrah,Acute Diarrhoeal Disease,2022,51,34,2
West Bengal,Howrah,Acute Diarrhoeal Disease,2022,52,36,0
West Bengal,Howrah,Acute Diarrhoeal Disease,2023,1,35,2
West Bengal,Howrah,Acute Diarrhoeal Disease,2023,2,32,0
West Bengal,Howrah,Acute Diarrhoeal Disease,2023,3,27,0
West Bengal,Howrah,Acute Diarrhoeal Disease,2023,4,22,0
West Bengal,Howrah,Acute Diarrhoeal Disease,2023,5,12,0
West Bengal,Howrah,Acute Diarrhoeal Disease,2023,6,12,0
West Bengal,Howrah,Acute Diarrhoeal Disease,2023,7,9,0
West Bengal,Howrah,Acute Diarrhoeal Disease,2023,8,14,0
West Bengal,Howrah,Acute Diarrhoeal Disease,2023,9,10,0
West Bengal,Howrah,Acute Diarrhoeal Disease,2023,10,8,0
West Bengal,Howrah,Acute Diarrhoeal Disease,2023,11,12,0
West Bengal,Howrah,Acute Diarrhoeal Disease,2023,12,0,0
West Bengal,Howrah,Acute Diarrhoeal Disease,2023,13,11,0
West Bengal,Howrah,Acute Diarrhoeal Disease,2023,14,8,0
West Bengal,Howrah,Acute Diarrhoeal Disease,2023,15,5,0
West Bengal,Howrah,Acute Diarrhoeal Disease,2023,16,13,0
West Bengal,Howrah,Acute Diarrhoeal Disease,2023,17,21,0
West Bengal,Howrah,Acute Diarrhoeal Disease,2023,18,21,0
West Bengal,Howrah,Acute Diarrhoeal Disease,2023,19,15,0
West Bengal,Howrah,Acute Diarrhoeal Disease,2023,20,24,0
West Bengal,Howrah,Acute Diarrhoeal Disease,2023,21,28,0
West Bengal,Howrah,Acute Diarrhoeal Disease,2023,22,30,0
West Bengal,Howrah,Acute Diarrhoeal Disease,2023,23,35,0
West Bengal,Howrah,Acute Diarrhoeal Disease,2023,24,27,0
West Bengal,Howrah,Acute Diarrhoeal Disease,2023,25,41,0
West Bengal,Howrah,Acute Diarrhoeal Disease,2023,26,49,0
West Bengal,Howrah,Acute Diarrhoeal Disease,2023,27,44,0
West Bengal,Howrah,Acute Diarrhoeal Disease,2023,28,48,0
West Bengal,Howrah,Acute Diarrhoeal Disease,2023,29,47,0
West Bengal,Howrah,Acute Diarrhoeal Disease,2023,30,65,0
West Bengal,Howrah,Acute Diarrhoeal Disease,2023,31,66,0
West Bengal,Howrah,Acute Diarrhoeal Disease,2023,32,57,0
West Bengal,Howrah,Acute Diarrhoeal Disease,2023,33,65,0
West Bengal,Howrah,Acute Diarrhoeal Disease,2023,34,69,1
West Bengal,Howrah,Acute Diarrhoeal Disease,2023,35,71,0
West Bengal,Howrah,Acute Diarrhoeal Disease,2023,36,60,0
West Bengal,Howrah,Acute Diarrhoeal Disease,2023,37,0,0
West Bengal,Howrah,Acute Diarrhoeal Disease,2023,38,70,0
West Bengal,Howrah,Acute Diarrhoeal Disease,2023,39,71,0
West Bengal,Howrah,Acute Diarrhoeal Disease,2023,40,75,0
West Bengal,Howrah,Acute Diarrhoeal Disease,2023,41,67,0
West Bengal,Howrah,Acute Diarrhoeal Disease,2023,42,77,0
West Bengal,Howrah,Acute Diarrhoeal Disease,2023,43,60,0
West Bengal,Howrah,Acute Diarrhoeal Disease,2023,44,65,0
West Bengal,Howrah,Acute Diarrhoeal Disease,2023,45,62,0
West Bengal,Howrah,Acute Diarrhoeal Disease,2023,46,58,0
West Bengal,Howrah,Acute Diarrhoeal Disease,2023,47,57,0
West Bengal,Howrah,Acute Diarrhoeal Disease,2023,48,53,0
West Bengal,Howrah,Acute Diarrhoeal Disease,2023,49,46,0
West Bengal,Howrah,Acute Diarrhoeal Disease,2023,50,37,0
West Bengal,Howrah,Acute Diarrhoeal Disease,2023,51,41,0
West Bengal,Howrah,Acute Diarrhoeal Disease,2023,52,37,0
West Bengal,Howrah,Acute Diarrhoeal Disease,2024,1,33,0
West Bengal,Howrah,Acute Diarrhoeal Disease,2024,2,28,0
West Bengal,Howrah,Acute Diarrhoeal Disease,2024,3,21,0
West Bengal,Howrah,Acute Diarrhoeal Disease,2024,4,15,0
West Bengal,Howrah,Acute Diarrhoeal Disease,2024,5,25,0
West Bengal,Howrah,Acute Diarrhoeal Disease,2024,6,18,0
West Bengal,Howrah,Acute Diarrhoeal Disease,2024,7,11,0
West Bengal,Howrah,Acute Diarrhoeal Disease,2024,8,8,0
West Bengal,Howrah,Acute Diarrhoeal Disease,2024,9,10,0
West Bengal,Howrah,Acute Diarrhoeal Disease,2024,10,8,0
West Bengal,Howrah,Acute Diarrhoeal Disease,2024,11,4,0
West Bengal,Howrah,Acute Diarrhoeal Disease,2024,12,9,0
West Bengal,Howrah,Acute Diarrhoeal Disease,2024,13,4,0
West Bengal,Howrah,Acute Diarrhoeal Disease,2024,14,16,0
West Bengal,Howrah,Acute Diarrhoeal Disease,2024,15,14,0
West Bengal,Howrah,Acute Diarrhoeal Disease,2024,16,12,0
West Bengal,Howrah,Acute Diarrhoeal Disease,2024,17,12,0
West Bengal,Howrah,Acute Diarrhoeal Disease,2024,18,15,0
West Bengal,Howrah,Acute Diarrhoeal Disease,2024,19,18,0
West Bengal,Howrah,Acute Diarrhoeal Disease,2024,20,19,2
West Bengal,Howrah,Acute Diarrhoeal Disease,2024,21,26,0
West Bengal,Howrah,Acute Diarrhoeal Disease,2024,22,41,0
West Bengal,Howrah,Acute Diarrhoeal Disease,2024,23,31,0
West Bengal,Howrah,Acute Diarrhoeal Disease,2024,24,34,0
West Bengal,Howrah,Acute Diarrhoeal Disease,2024,25,40,0
West Bengal,Howrah,Acute Diarrhoeal Disease,2024,26,40,0
West Bengal,Howrah,Acute Diarrhoeal Disease,2024,27,49,1
West Bengal,Howrah,Acute Diarrhoeal Disease,2024,28,54,0
West Bengal,Howrah,Acute Diarrhoeal Disease,2024,29,54,0
West Bengal,Howrah,Acute Diarrhoeal Disease,2024,30,54,0
West Bengal,Howrah,Acute Diarrhoeal Disease,2024,31,59,0
West Bengal,Howrah,Acute Diarrhoeal Disease,2024,32,69,0
West Bengal,Howrah,Acute Diarrhoeal Disease,2024,33,70,0
West Bengal,Howrah,Acute Diarrhoeal Disease,2024,34,68,0
West Bengal,Howrah,Acute Diarrhoeal Disease,2024,35,69,0
West Bengal,Howrah,Acute Diarrhoeal Disease,2024,36,64,0
West Bengal,Howrah,Acute Diarrhoeal Disease,2024,37,64,0
West Bengal,Howrah,Acute Diarrhoeal Disease,2024,38,65,0
West Bengal,Howrah,Acute Diarrhoeal Disease,2024,39,74,0
West Bengal,Howrah,Acute Diarrhoeal Disease,2024,40,75,0
West Bengal,Howrah,Acute Diarrhoeal Disease,2024,41,71,0
West Bengal,Howrah,Acute Diarrhoeal Disease,2024,42,72,0
West Bengal,Howrah,Acute Diarrhoeal Disease,2024,43,65,0
West Bengal,Howrah,Acute Diarrhoeal Disease,2024,44,72,0
West Bengal,Howrah,Acute Diarrhoeal Disease,2024,45,54,0
West Bengal,Howrah,Acute Diarrhoeal Disease,2024,46,57,0
West Bengal,Howrah,Acute Diarrhoeal Disease,2024,47,52,0
West Bengal,Howrah,Acute Diarrhoeal Disease,2024,48,54,0
West Bengal,Howrah,Acute Diarrhoeal Disease,2024,49,49,0
West Bengal,Howrah,Acute Diarrhoeal Disease,2024,50,32,0
West Bengal,Howrah,Acute Diarrhoeal Disease,2024,51,36,0
West Bengal,Howrah,Acute Diarrhoeal Disease,2024,52,41,0
Karnataka,Bengaluru Urban,Dengue,2017,1,46,0
Karnataka,Bengaluru Urban,Dengue,2017,2,23,0
Karnataka,Bengaluru Urban,Dengue,2017,3,36,0
Karnataka,Bengaluru Urban,Dengue,2017,4,10,0
Karnataka,Bengaluru Urban,Dengue,2017,5,7,0
Karnataka,Bengaluru Urban,Dengue,2017,6,9,0
Karnataka,Bengaluru Urban,Dengue,2017,7,4,0
Karnataka,Bengaluru Urban,Dengue,2017,8,0,0
Karnataka,Bengaluru Urban,Dengue,2017,9,0,0
Karnataka,Bengaluru Urban,Dengue,2017,10,0,0
Karnataka,Bengaluru Urban,Dengue,2017,11,0,0
Karnataka,Bengaluru Urban,Dengue,2017,12,8,0
Karnataka,Bengaluru Urban,Dengue,2017,13,4,0
Karnataka,Bengaluru Urban,Dengue,2017,14,0,0
Karnataka,Bengaluru Urban,Dengue,2017,15,8,0
Karnataka,Bengaluru Urban,Dengue,2017,16,9,0
Karnataka,Bengaluru Urban,Dengue,2017,17,22,0
Karnataka,Bengaluru Urban,Dengue,2017,18,31,0
Karnataka,Bengaluru Urban,Dengue,2017,19,33,0
Karnataka,Bengaluru Urban,Dengue,2017,20,47,0
Karnataka,Bengaluru Urban,Dengue,2017,21,45,0
Karnataka,Bengaluru Urban,Dengue,2017,22,67,0
Karnataka,Bengaluru Urban,Dengue,2017,23,70,1
Karnataka,Bengaluru Urban,Dengue,2017,24,69,0
Karnataka,Bengaluru Urban,Dengue,2017,25,94,0
Karnataka,Bengaluru Urban,Dengue,2017,26,111,0
Karnataka,Bengaluru Urban,Dengue,2017,27,113,0
Karnataka,Bengaluru Urban,Dengue,2017,28,100,0
Karnataka,Bengaluru Urban,Dengue,2017,29,114,0
Karnataka,Bengaluru Urban,Dengue,2017,30,133,0
Karnataka,Bengaluru Urban,Dengue,2017,31,146,0
Karnataka,Bengaluru Urban,Dengue,2017,32,0,0
Karnataka,Bengaluru Urban,Dengue,2017,33,130,2
Karnataka,Bengaluru Urban,Dengue,2017,34,137,0
Karnataka,Bengaluru Urban,Dengue,2017,35,140,0
Karnataka,Bengaluru Urban,Dengue,2017,36,135,0
Karnataka,Bengaluru Urban,Dengue,2017,37,139,0
Karnataka,Bengaluru Urban,Dengue,2017,38,134,0
Karnataka,Bengaluru Urban,Dengue,2017,39,160,0
Karnataka,Bengaluru Urban,Dengue,2017,40,140,0
Karnataka,Bengaluru Urban,Dengue,2017,41,120,0
Karnataka,Bengaluru Urban,Dengue,2017,42,133,0
Karnataka,Bengaluru Urban,Dengue,2017,43,125,0
Karnataka,Bengaluru Urban,Dengue,2017,44,115,0
Karnataka,Bengaluru Urban,Dengue,2017,45,111,0
Karnataka,Bengaluru Urban,Dengue,2017,46,86,0
Karnataka,Bengaluru Urban,Dengue,2017,47,99,0
Karnataka,Bengaluru Urban,Dengue,2017,48,83,0
Karnataka,Bengaluru Urban,Dengue,2017,49,78,0
Karnataka,Bengaluru Urban,Dengue,2017,50,55,0
Karnataka,Bengaluru Urban,Dengue,2017,51,55,0
Karnataka,Bengaluru Urban,Dengue,2017,52,47,0
Karnataka,Bengaluru Urban,Dengue,2018,1,38,0
Karnataka,Bengaluru Urban,Dengue,2018,2,28,0
Karnataka,Bengaluru Urban,Dengue,2018,3,30,0
Karnataka,Bengaluru Urban,Dengue,2018,4,27,0
Karnataka,Bengaluru Urban,Dengue,2018,5,10,0
Karnataka,Bengaluru Urban,Dengue,2018,6,7,0
Karnataka,Bengaluru Urban,Dengue,2018,7,17,0
Karnataka,Bengaluru Urban,Dengue,2018,8,19,0
Karnataka,Bengaluru Urban,Dengue,2018,9,0,0
Karnataka,Bengaluru Urban,Dengue,2018,10,6,0
Karnataka,Bengaluru Urban,Dengue,2018,11,9,0
Karnataka,Bengaluru Urban,Dengue,2018,12,5,0
Karnataka,Bengaluru Urban,Dengue,2018,13,20,0
Karnataka,Bengaluru Urban,Dengue,2018,14,19,0
Karnataka,Bengaluru Urban,Dengue,2018,15,11,0
Karnataka,Bengaluru Urban,Dengue,2018,16,14,0
Karnataka,Bengaluru Urban,Dengue,2018,17,17,0
Karnataka,Bengaluru Urban,Dengue,2018,18,27,0
Karnataka,Bengaluru Urban,Dengue,2018,19,38,0
Karnataka,Bengaluru Urban,Dengue,2018,20,45,0
Karnataka,Bengaluru Urban,Dengue,2018,21,58,0
Karnataka,Bengaluru Urban,Dengue,2018,22,65,0
Karnataka,Bengaluru Urban,Dengue,2018,23,58,0
Karnataka,Bengaluru Urban,Dengue,2018,24,81,0
Karnataka,Bengaluru Urban,Dengue,2018,25,79,0
Karnataka,Bengaluru Urban,Dengue,2018,26,96,0
Karnataka,Bengaluru Urban,Dengue,2018,27,106,0
Karnataka,Bengaluru Urban,Dengue,2018,28,109,0
Karnataka,Bengaluru Urban,Dengue,2018,29,124,0
Karnataka,Bengaluru Urban,Dengue,2018,30,125,0
Karnataka,Bengaluru Urban,Dengue,2018,31,121,0
Karnataka,Bengaluru Urban,Dengue,2018,32,150,0
Karnataka,Bengaluru Urban,Dengue,2018,33,150,0
Karnataka,Bengaluru Urban,Dengue,2018,34,145,0
Karnataka,Bengaluru Urban,Dengue,2018,35,143,0
Karnataka,Bengaluru Urban,Dengue,2018,36,151,0
Karnataka,Bengaluru Urban,Dengue,2018,37,142,0
Karnataka,Bengaluru Urban,Dengue,2018,38,145,0
Karnataka,Bengaluru Urban,Dengue,2018,39,148,0
Karnataka,Bengaluru Urban,Dengue,2018,40,131,0
Karnataka,Bengaluru Urban,Dengue,2018,41,138,0
Karnataka,Bengaluru Urban,Dengue,2018,42,121,0
Karnataka,Bengaluru Urban,Dengue,2018,43,121,2
Karnataka,Bengaluru Urban,Dengue,2018,44,112,0
Karnataka,Bengaluru Urban,Dengue,2018,45,85,0
Karnataka,Bengaluru Urban,Dengue,2018,46,103,0
Karnataka,Bengaluru Urban,Dengue,2018,47,101,0
Karnataka,Bengaluru Urban,Dengue,2018,48,69,0
Karnataka,Bengaluru Urban,Dengue,2018,49,59,0
Karnataka,Bengaluru Urban,Dengue,2018,50,71,0
Karnataka,Bengaluru Urban,Dengue,2018,51,42,0
Karnataka,Bengaluru Urban,Dengue,2018,52,48,0
Karnataka,Bengaluru Urban,Dengue,2019,1,39,0
Karnataka,Bengaluru Urban,Dengue,2019,2,30,0
Karnataka,Bengaluru Urban,Dengue,2019,3,25,0
Karnataka,Bengaluru Urban,Dengue,2019,4,20,0
Karnataka,Bengaluru Urban,Dengue,2019,5,25,0
Karnataka,Bengaluru Urban,Dengue,2019,6,8,0
Karnataka,Bengaluru Urban,Dengue,2019,7,20,0
Karnataka,Bengaluru Urban,Dengue,2019,8,0,0
Karnataka,Bengaluru Urban,Dengue,2019,9,5,0
Karnataka,Bengaluru Urban,Dengue,2019,10,8,0
Karnataka,Bengaluru Urban,Dengue,2019,11,1,0
Karnataka,Bengaluru Urban,Dengue,2019,12,12,0
Karnataka,Bengaluru Urban,Dengue,2019,13,0,0
Karnataka,Bengaluru Urban,Dengue,2019,14,11,0
Karnataka,Bengaluru Urban,Dengue,2019,15,19,0
Karnataka,Bengaluru Urban,Dengue,2019,16,19,0
Karnataka,Bengaluru Urban,Dengue,2019,17,30,0
Karnataka,Bengaluru Urban,Dengue,2019,18,36,0
Karnataka,Bengaluru Urban,Dengue,2019,19,55,0
Karnataka,Bengaluru Urban,Dengue,2019,20,49,0
Karnataka,Bengaluru Urban,Dengue,2019,21,59,0
Karnataka,Bengaluru Urban,Dengue,2019,22,61,0
Karnataka,Bengaluru Urban,Dengue,2019,23,78,0
Karnataka,Bengaluru Urban,Dengue,2019,24,77,0
Karnataka,Bengaluru Urban,Dengue,2019,25,100,0
Karnataka,Bengaluru Urban,Dengue,2019,26,96,0
Karnataka,Bengaluru Urban,Dengue,2019,27,106,0
Karnataka,Bengaluru Urban,Dengue,2019,28,111,0
Karnataka,Bengaluru Urban,Dengue,2019,29,116,0
Karnataka,Bengaluru Urban,Dengue,2019,30,132,0
Karnataka,Bengaluru Urban,Dengue,2019,31,131,0
Karnataka,Bengaluru Urban,Dengue,2019,32,131,0
Karnataka,Bengaluru Urban,Dengue,2019,33,135,0
Karnataka,Bengaluru Urban,Dengue,2019,34,159,0
Karnataka,Bengaluru Urban,Dengue,2019,35,132,0
Karnataka,Bengaluru Urban,Dengue,2019,36,139,1
Karnataka,Bengaluru Urban,Dengue,2019,37,130,2
Karnataka,Bengaluru Urban,Dengue,2019,38,136,0
Karnataka,Bengaluru Urban,Dengue,2019,39,142,0
Karnataka,Bengaluru Urban,Dengue,2019,40,138,0
Karnataka,Bengaluru Urban,Dengue,2019,41,131,0
Karnataka,Bengaluru Urban,Dengue,2019,42,145,0
Karnataka,Bengaluru Urban,Dengue,2019,43,124,0
Karnataka,Bengaluru Urban,Dengue,2019,44,102,0
Karnataka,Bengaluru Urban,Dengue,2019,45,100,0
Karnataka,Bengaluru Urban,Dengue,2019,46,111,0
Karnataka,Bengaluru Urban,Dengue,2019,47,95,0
Karnataka,Bengaluru Urban,Dengue,2019,48,70,0
Karnataka,Bengaluru Urban,Dengue,2019,49,78,0
Karnataka,Bengaluru Urban,Dengue,2019,50,73,0
Karnataka,Bengaluru Urban,Dengue,2019,51,50,0
Karnataka,Bengaluru Urban,Dengue,2019,52,54,0
Karnataka,Bengaluru Urban,Dengue,2020,1,45,0
Karnataka,Bengaluru Urban,Dengue,2020,2,34,0
Karnataka,Bengaluru Urban,Dengue,2020,3,34,0
Karnataka,Bengaluru Urban,Dengue,2020,4,22,0
Karnataka,Bengaluru Urban,Dengue,2020,5,10,0
Karnataka,Bengaluru Urban,Dengue,2020,6,17,0
Karnataka,Bengaluru Urban,Dengue,2020,7,2,0
Karnataka,Bengaluru Urban,Dengue,2020,8,9,0
Karnataka,Bengaluru Urban,Dengue,2020,9,1,0
Karnataka,Bengaluru Urban,Dengue,2020,10,0,0
Karnataka,Bengaluru Urban,Dengue,2020,11,0,0
Karnataka,Bengaluru Urban,Dengue,2020,12,8,0
Karnataka,Bengaluru Urban,Dengue,2020,13,0,0
Karnataka,Bengaluru Urban,Dengue,2020,14,21,0
Karnataka,Bengaluru Urban,Dengue,2020,15,5,0
Karnataka,Bengaluru Urban,Dengue,2020,16,16,0
Karnataka,Bengaluru Urban,Dengue,2020,17,29,0
Karnataka,Bengaluru Urban,Dengue,2020,18,21,0
Karnataka,Bengaluru Urban,Dengue,2020,19,39,0
Karnataka,Bengaluru Urban,Dengue,2020,20,61,0
Karnataka,Bengaluru Urban,Dengue,2020,21,53,0
Karnataka,Bengaluru Urban,Dengue,2020,22,68,0
Karnataka,Bengaluru Urban,Dengue,2020,23,77,0
Karnataka,Bengaluru Urban,Dengue,2020,24,87,0
Karnataka,Bengaluru Urban,Dengue,2020,25,74,0
Karnataka,Bengaluru Urban,Dengue,2020,26,109,0
Karnataka,Bengaluru Urban,Dengue,2020,27,104,0
Karnataka,Bengaluru Urban,Dengue,2020,28,117,0
Karnataka,Bengaluru Urban,Dengue,2020,29,105,0
Karnataka,Bengaluru Urban,Dengue,2020,30,122,0
Karnataka,Bengaluru Urban,Dengue,2020,31,121,2
Karnataka,Bengaluru Urban,Dengue,2020,32,0,0
Karnataka,Bengaluru Urban,Dengue,2020,33,144,0
Karnataka,Bengaluru Urban,Dengue,2020,34,147,0
Karnataka,Bengaluru Urban,Dengue,2020,35,136,0
Karnataka,Bengaluru Urban,Dengue,2020,36,0,0
Karnataka,Bengaluru Urban,Dengue,2020,37,132,0
Karnataka,Bengaluru Urban,Dengue,2020,38,148,0
Karnataka,Bengaluru Urban,Dengue,2020,39,131,0
Karnataka,Bengaluru Urban,Dengue,2020,40,0,0
Karnataka,Bengaluru Urban,Dengue,2020,41,135,0
Karnataka,Bengaluru Urban,Dengue,2020,42,136,0
Karnataka,Bengaluru Urban,Dengue,2020,43,109,0
Karnataka,Bengaluru Urban,Dengue,2020,44,122,0
Karnataka,Bengaluru Urban,Dengue,2020,45,112,0
Karnataka,Bengaluru Urban,Dengue,2020,46,96,0
Karnataka,Bengaluru Urban,Dengue,2020,47,90,0
Karnataka,Bengaluru Urban,Dengue,2020,48,87,0
Karnataka,Bengaluru Urban,Dengue,2020,49,74,0
Karnataka,Bengaluru Urban,Dengue,2020,50,85,0
Karnataka,Bengaluru Urban,Dengue,2020,51,61,0
Karnataka,Bengaluru Urban,Dengue,2020,52,50,0
Karnataka,Bengaluru Urban,Dengue,2021,1,39,0
Karnataka,Bengaluru Urban,Dengue,2021,2,26,0
Karnataka,Bengaluru Urban,Dengue,2021,3,40,1
Karnataka,Bengaluru Urban,Dengue,2021,4,7,0
Karnataka,Bengaluru Urban,Dengue,2021,5,10,0
Karnataka,Bengaluru Urban,Dengue,2021,6,9,0
Karnataka,Bengaluru Urban,Dengue,2021,7,15,0
Karnataka,Bengaluru Urban,Dengue,2021,8,12,0
Karnataka,Bengaluru Urban,Dengue,2021,9,0,0
Karnataka,Bengaluru Urban,Dengue,2021,10,0,0
Karnataka,Bengaluru Urban,Dengue,2021,11,4,0
Karnataka,Bengaluru Urban,Dengue,2021,12,3,0
Karnataka,Bengaluru Urban,Dengue,2021,13,0,0
Karnataka,Bengaluru Urban,Dengue,2021,14,1,0
Karnataka,Bengaluru Urban,Dengue,2021,15,2,0
Karnataka,Bengaluru Urban,Dengue,2021,16,19,0
Karnataka,Bengaluru Urban,Dengue,2021,17,17,0
Karnataka,Bengaluru Urban,Dengue,2021,18,30,0
Karnataka,Bengaluru Urban,Dengue,2021,19,37,0
Karnataka,Bengaluru Urban,Dengue,2021,20,51,0
Karnataka,Bengaluru Urban,Dengue,2021,21,47,0
Karnataka,Bengaluru Urban,Dengue,2021,22,65,0
Karnataka,Bengaluru Urban,Dengue,2021,23,75,0
Karnataka,Bengaluru Urban,Dengue,2021,24,85,0
Karnataka,Bengaluru Urban,Dengue,2021,25,83,0
Karnataka,Bengaluru Urban,Dengue,2021,26,88,0
Karnataka,Bengaluru Urban,Dengue,2021,27,118,0
Karnataka,Bengaluru Urban,Dengue,2021,28,109,0
Karnataka,Bengaluru Urban,Dengue,2021,29,110,0
Karnataka,Bengaluru Urban,Dengue,2021,30,131,0
Karnataka,Bengaluru Urban,Dengue,2021,31,135,0
Karnataka,Bengaluru Urban,Dengue,2021,32,136,0
Karnataka,Bengaluru Urban,Dengue,2021,33,144,0
Karnataka,Bengaluru Urban,Dengue,2021,34,149,0
Karnataka,Bengaluru Urban,Dengue,2021,35,149,0
Karnataka,Bengaluru Urban,Dengue,2021,36,138,0
Karnataka,Bengaluru Urban,Dengue,2021,37,130,0
Karnataka,Bengaluru Urban,Dengue,2021,38,160,0
Karnataka,Bengaluru Urban,Dengue,2021,39,133,1
Karnataka,Bengaluru Urban,Dengue,2021,40,149,0
Karnataka,Bengaluru Urban,Dengue,2021,41,128,0
Karnataka,Bengaluru Urban,Dengue,2021,42,134,0
Karnataka,Bengaluru Urban,Dengue,2021,43,120,0
Karnataka,Bengaluru Urban,Dengue,2021,44,0,0
Karnataka,Bengaluru Urban,Dengue,2021,45,113,0
Karnataka,Bengaluru Urban,Dengue,2021,46,105,0
Karnataka,Bengaluru Urban,Dengue,2021,47,90,0
Karnataka,Bengaluru Urban,Dengue,2021,48,78,0
Karnataka,Bengaluru Urban,Dengue,2021,49,60,0
Karnataka,Bengaluru Urban,Dengue,2021,50,63,0
Karnataka,Bengaluru Urban,Dengue,2021,51,55,0
Karnataka,Bengaluru Urban,Dengue,2021,52,39,0
Karnataka,Bengaluru Urban,Dengue,2022,1,33,0
Karnataka,Bengaluru Urban,Dengue,2022,2,47,0
Karnataka,Bengaluru Urban,Dengue,2022,3,21,0
Karnataka,Bengaluru Urban,Dengue,2022,4,27,0
Karnataka,Bengaluru Urban,Dengue,2022,5,12,1
Karnataka,Bengaluru Urban,Dengue,2022,6,7,0
Karnataka,Bengaluru Urban,Dengue,2022,7,10,0
Karnataka,Bengaluru Urban,Dengue,2022,8,0,0
Karnataka,Bengaluru Urban,Dengue,2022,9,4,0
Karnataka,Bengaluru Urban,Dengue,2022,10,11,0
Karnataka,Bengaluru Urban,Dengue,2022,11,24,0
Karnataka,Bengaluru Urban,Dengue,2022,12,0,0
Karnataka,Bengaluru Urban,Dengue,2022,13,6,0
Karnataka,Bengaluru Urban,Dengue,2022,14,10,0
Karnataka,Bengaluru Urban,Dengue,2022,15,5,0
Karnataka,Bengaluru Urban,Dengue,2022,16,23,0
Karnataka,Bengaluru Urban,Dengue,2022,17,16,0
Karnataka,Bengaluru Urban,Dengue,2022,18,16,0
Karnataka,Bengaluru Urban,Dengue,2022,19,42,0
Karnataka,Bengaluru Urban,Dengue,2022,20,48,0
Karnataka,Bengaluru Urban,Dengue,2022,21,65,0
Karnataka,Bengaluru Urban,Dengue,2022,22,54,0
Karnataka,Bengaluru Urban,Dengue,2022,23,71,0
Karnataka,Bengaluru Urban,Dengue,2022,24,103,0
Karnataka,Bengaluru Urban,Dengue,2022,25,78,0
Karnataka,Bengaluru Urban,Dengue,2022,26,100,1
Karnataka,Bengaluru Urban,Dengue,2022,27,96,0
Karnataka,Bengaluru Urban,Dengue,2022,28,110,0
Karnataka,Bengaluru Urban,Dengue,2022,29,127,0
Karnataka,Bengaluru Urban,Dengue,2022,30,115,0
Karnataka,Bengaluru Urban,Dengue,2022,31,129,0
Karnataka,Bengaluru Urban,Dengue,2022,32,134,0
Karnataka,Bengaluru Urban,Dengue,2022,33,155,0
Karnataka,Bengaluru Urban,Dengue,2022,34,147,0
Karnataka,Bengaluru Urban,Dengue,2022,35,137,0
Karnataka,Bengaluru Urban,Dengue,2022,36,141,0
Karnataka,Bengaluru Urban,Dengue,2022,37,149,0
Karnataka,Bengaluru Urban,Dengue,2022,38,146,0
Karnataka,Bengaluru Urban,Dengue,2022,39,134,0
Karnataka,Bengaluru Urban,Dengue,2022,40,123,0
Karnataka,Bengaluru Urban,Dengue,2022,41,118,0
Karnataka,Bengaluru Urban,Dengue,2022,42,125,0
Karnataka,Bengaluru Urban,Dengue,2022,43,118,0
Karnataka,Bengaluru Urban,Dengue,2022,44,119,0
Karnataka,Bengaluru Urban,Dengue,2022,45,99,0
Karnataka,Bengaluru Urban,Dengue,2022,46,82,0
Karnataka,Bengaluru Urban,Dengue,2022,47,90,0
Karnataka,Bengaluru Urban,Dengue,2022,48,87,0
Karnataka,Bengaluru Urban,Dengue,2022,49,91,0
Karnataka,Bengaluru Urban,Dengue,2022,50,64,0
Karnataka,Bengaluru Urban,Dengue,2022,51,59,0
Karnataka,Bengaluru Urban,Dengue,2022,52,38,0
Karnataka,Bengaluru Urban,Dengue,2023,1,50,0
Karnataka,Bengaluru Urban,Dengue,2023,2,21,0
Karnataka,Bengaluru Urban,Dengue,2023,3,20,0
Karnataka,Bengaluru Urban,Dengue,2023,4,13,0
Karnataka,Bengaluru Urban,Dengue,2023,5,0,0
Karnataka,Bengaluru Urban,Dengue,2023,6,23,0
Karnataka,Bengaluru Urban,Dengue,2023,7,8,0
Karnataka,Bengaluru Urban,Dengue,2023,8,0,0
Karnataka,Bengaluru Urban,Dengue,2023,9,2,0
Karnataka,Bengaluru Urban,Dengue,2023,10,2,0
Karnataka,Bengaluru Urban,Dengue,2023,11,6,0
Karnataka,Bengaluru Urban,Dengue,2023,12,1,0
Karnataka,Bengaluru Urban,Dengue,2023,13,0,0
Karnataka,Bengaluru Urban,Dengue,2023,14,12,0
Karnataka,Bengaluru Urban,Dengue,2023,15,12,0
Karnataka,Bengaluru Urban,Dengue,2023,16,30,0
Karnataka,Bengaluru Urban,Dengue,2023,17,22,0
Karnataka,Bengaluru Urban,Dengue,2023,18,27,0
Karnataka,Bengaluru Urban,Dengue,2023,19,34,0
Karnataka,Bengaluru Urban,Dengue,2023,20,36,0
Karnataka,Bengaluru Urban,Dengue,2023,21,58,0
Karnataka,Bengaluru Urban,Dengue,2023,22,78,0
Karnataka,Bengaluru Urban,Dengue,2023,23,80,0
Karnataka,Bengaluru Urban,Dengue,2023,24,94,0
Karnataka,Bengaluru Urban,Dengue,2023,25,85,0
Karnataka,Bengaluru Urban,Dengue,2023,26,92,0
Karnataka,Bengaluru Urban,Dengue,2023,27,97,0
Karnataka,Bengaluru Urban,Dengue,2023,28,128,0
Karnataka,Bengaluru Urban,Dengue,2023,29,122,0
Karnataka,Bengaluru Urban,Dengue,2023,30,116,0
Karnataka,Bengaluru Urban,Dengue,2023,31,113,0
Karnataka,Bengaluru Urban,Dengue,2023,32,138,0
Karnataka,Bengaluru Urban,Dengue,2023,33,150,0
Karnataka,Bengaluru Urban,Dengue,2023,34,129,0
Karnataka,Bengaluru Urban,Dengue,2023,35,147,0
Karnataka,Bengaluru Urban,Dengue,2023,36,142,0
Karnataka,Bengaluru Urban,Dengue,2023,37,142,0
Karnataka,Bengaluru Urban,Dengue,2023,38,129,0
Karnataka,Bengaluru Urban,Dengue,2023,39,135,0
Karnataka,Bengaluru Urban,Dengue,2023,40,137,0
Karnataka,Bengaluru Urban,Dengue,2023,41,135,0
Karnataka,Bengaluru Urban,Dengue,2023,42,138,0
Karnataka,Bengaluru Urban,Dengue,2023,43,110,0
Karnataka,Bengaluru Urban,Dengue,2023,44,98,0
Karnataka,Bengaluru Urban,Dengue,2023,45,113,0
Karnataka,Bengaluru Urban,Dengue,2023,46,84,0
Karnataka,Bengaluru Urban,Dengue,2023,47,80,0
Karnataka,Bengaluru Urban,Dengue,2023,48,82,0
Karnataka,Bengaluru Urban,Dengue,2023,49,65,0
Karnataka,Bengaluru Urban,Dengue,2023,50,65,0
Karnataka,Bengaluru Urban,Dengue,2023,51,0,0
Karnataka,Bengaluru Urban,Dengue,2023,52,60,0
Karnataka,Bengaluru Urban,Dengue,2024,1,41,0
Karnataka,Bengaluru Urban,Dengue,2024,2,24,0
Karnataka,Bengaluru Urban,Dengue,2024,3,26,0
Karnataka,Bengaluru Urban,Dengue,2024,4,6,0
Karnataka,Bengaluru Urban,Dengue,2024,5,13,0
Karnataka,Bengaluru Urban,Dengue,2024,6,1,0
Karnataka,Bengaluru Urban,Dengue,2024,7,0,0
Karnataka,Bengaluru Urban,Dengue,2024,8,2,0
Karnataka,Bengaluru Urban,Dengue,2024,9,14,0
Karnataka,Bengaluru Urban,Dengue,2024,10,12,0
Karnataka,Bengaluru Urban,Dengue,2024,11,0,0
Karnataka,Bengaluru Urban,Dengue,2024,12,0,0
Karnataka,Bengaluru Urban,Dengue,2024,13,0,0
Karnataka,Bengaluru Urban,Dengue,2024,14,3,0
Karnataka,Bengaluru Urban,Dengue,2024,15,25,0
Karnataka,Bengaluru Urban,Dengue,2024,16,3,0
Karnataka,Bengaluru Urban,Dengue,2024,17,12,0
Karnataka,Bengaluru Urban,Dengue,2024,18,45,0
Karnataka,Bengaluru Urban,Dengue,2024,19,44,0
Karnataka,Bengaluru Urban,Dengue,2024,20,50,0
Karnataka,Bengaluru Urban,Dengue,2024,21,43,0
Karnataka,Bengaluru Urban,Dengue,2024,22,50,0
Karnataka,Bengaluru Urban,Dengue,2024,23,95,0
Karnataka,Bengaluru Urban,Dengue,2024,24,95,0
Karnataka,Bengaluru Urban,Dengue,2024,25,95,0
Karnataka,Bengaluru Urban,Dengue,2024,26,105,0
Karnataka,Bengaluru Urban,Dengue,2024,27,126,0
Karnataka,Bengaluru Urban,Dengue,2024,28,0,0
Karnataka,Bengaluru Urban,Dengue,2024,29,114,0
Karnataka,Bengaluru Urban,Dengue,2024,30,112,0
Karnataka,Bengaluru Urban,Dengue,2024,31,126,0
Karnataka,Bengaluru Urban,Dengue,2024,32,149,0
Karnataka,Bengaluru Urban,Dengue,2024,33,136,0
Karnataka,Bengaluru Urban,Dengue,2024,34,146,0
Karnataka,Bengaluru Urban,Dengue,2024,35,141,0
Karnataka,Bengaluru Urban,Dengue,2024,36,126,0
Karnataka,Bengaluru Urban,Dengue,2024,37,154,0
Karnataka,Bengaluru Urban,Dengue,2024,38,126,0
Karnataka,Bengaluru Urban,Dengue,2024,39,158,0
Karnataka,Bengaluru Urban,Dengue,2024,40,137,0
Karnataka,Bengaluru Urban,Dengue,2024,41,128,0
Karnataka,Bengaluru Urban,Dengue,2024,42,0,0
Karnataka,Bengaluru Urban,Dengue,2024,43,126,0
Karnataka,Bengaluru Urban,Dengue,2024,44,104,0
Karnataka,Bengaluru Urban,Dengue,2024,45,103,0
Karnataka,Bengaluru Urban,Dengue,2024,46,90,0
Karnataka,Bengaluru Urban,Dengue,2024,47,84,0
Karnataka,Bengaluru Urban,Dengue,2024,48,69,0
Karnataka,Bengaluru Urban,Dengue,2024,49,68,0
Karnataka,Bengaluru Urban,Dengue,2024,50,65,0
Karnataka,Bengaluru Urban,Dengue,2024,51,39,0
Karnataka,Bengaluru Urban,Dengue,2024,52,45,0
Karnataka,Bengaluru Urban,Malaria,2017,1,12,0
Karnataka,Bengaluru Urban,Malaria,2017,2,31,0
Karnataka,Bengaluru Urban,Malaria,2017,3,0,0
Karnataka,Bengaluru Urban,Malaria,2017,4,23,0
Karnataka,Bengaluru Urban,Malaria,2017,5,25,0
Karnataka,Bengaluru Urban,Malaria,2017,6,1,0
Karnataka,Bengaluru Urban,Malaria,2017,7,17,0
Karnataka,Bengaluru Urban,Malaria,2017,8,13,0
Karnataka,Bengaluru Urban,Malaria,2017,9,15,0
Karnataka,Bengaluru Urban,Malaria,2017,10,16,0
Karnataka,Bengaluru Urban,Malaria,2017,11,24,2
Karnataka,Bengaluru Urban,Malaria,2017,12,27,0
Karnataka,Bengaluru Urban,Malaria,2017,13,33,0
Karnataka,Bengaluru Urban,Malaria,2017,14,29,0
Karnataka,Bengaluru Urban,Malaria,2017,15,24,0
Karnataka,Bengaluru Urban,Malaria,2017,16,32,0
Karnataka,Bengaluru Urban,Malaria,2017,17,38,0
Karnataka,Bengaluru Urban,Malaria,2017,18,50,0
Karnataka,Bengaluru Urban,Malaria,2017,19,48,0
Karnataka,Bengaluru Urban,Malaria,2017,20,48,0
Karnataka,Bengaluru Urban,Malaria,2017,21,49,0
Karnataka,Bengaluru Urban,Malaria,2017,22,53,0
Karnataka,Bengaluru Urban,Malaria,2017,23,61,0
Karnataka,Bengaluru Urban,Malaria,2017,24,56,0
Karnataka,Bengaluru Urban,Malaria,2017,25,59,0
Karnataka,Bengaluru Urban,Malaria,2017,26,58,0
Karnataka,Bengaluru Urban,Malaria,2017,27,62,0
Karnataka,Bengaluru Urban,Malaria,2017,28,64,0
Karnataka,Bengaluru Urban,Malaria,2017,29,69,0
Karnataka,Bengaluru Urban,Malaria,2017,30,69,0
Karnataka,Bengaluru Urban,Malaria,2017,31,62,0
Karnataka,Bengaluru Urban,Malaria,2017,32,63,0
Karnataka,Bengaluru Urban,Malaria,2017,33,73,0
Karnataka,Bengaluru Urban,Malaria,2017,34,64,0
Karnataka,Bengaluru Urban,Malaria,2017,35,63,0
Karnataka,Bengaluru Urban,Malaria,2017,36,72,0
Karnataka,Bengaluru Urban,Malaria,2017,37,57,0
Karnataka,Bengaluru Urban,Malaria,2017,38,57,0
Karnataka,Bengaluru Urban,Malaria,2017,39,61,0
Karnataka,Bengaluru Urban,Malaria,2017,40,52,0
Karnataka,Bengaluru Urban,Malaria,2017,41,59,0
Karnataka,Bengaluru Urban,Malaria,2017,42,50,0
Karnataka,Bengaluru Urban,Malaria,2017,43,47,0
Karnataka,Bengaluru Urban,Malaria,2017,44,41,0
Karnataka,Bengaluru Urban,Malaria,2017,45,32,0
Karnataka,Bengaluru Urban,Malaria,2017,46,34,0
Karnataka,Bengaluru Urban,Malaria,2017,47,38,0
Karnataka,Bengaluru Urban,Malaria,2017,48,33,0
Karnataka,Bengaluru Urban,Malaria,2017,49,29,0
Karnataka,Bengaluru Urban,Malaria,2017,50,26,0
Karnataka,Bengaluru Urban,Malaria,2017,51,13,0
Karnataka,Bengaluru Urban,Malaria,2017,52,17,2
Karnataka,Bengaluru Urban,Malaria,2018,1,26,0
Karnataka,Bengaluru Urban,Malaria,2018,2,28,0
Karnataka,Bengaluru Urban,Malaria,2018,3,0,0
Karnataka,Bengaluru Urban,Malaria,2018,4,24,0
Karnataka,Bengaluru Urban,Malaria,2018,5,19,0
Karnataka,Bengaluru Urban,Malaria,2018,6,19,0
Karnataka,Bengaluru Urban,Malaria,2018,7,15,0
Karnataka,Bengaluru Urban,Malaria,2018,8,11,0
Karnataka,Bengaluru Urban,Malaria,2018,9,26,0
Karnataka,Bengaluru Urban,Malaria,2018,10,19,0
Karnataka,Bengaluru Urban,Malaria,2018,11,21,1
Karnataka,Bengaluru Urban,Malaria,2018,12,18,0
Karnataka,Bengaluru Urban,Malaria,2018,13,26,0
Karnataka,Bengaluru Urban,Malaria,2018,14,21,0
Karnataka,Bengaluru Urban,Malaria,2018,15,27,0
Karnataka,Bengaluru Urban,Malaria,2018,16,36,0
Karnataka,Bengaluru Urban,Malaria,2018,17,32,0
Karnataka,Bengaluru Urban,Malaria,2018,18,42,0
Karnataka,Bengaluru Urban,Malaria,2018,19,44,0
Karnataka,Bengaluru Urban,Malaria,2018,20,42,0
Karnataka,Bengaluru Urban,Malaria,2018,21,47,0
Karnataka,Bengaluru Urban,Malaria,2018,22,47,0
Karnataka,Bengaluru Urban,Malaria,2018,23,56,0
Karnataka,Bengaluru Urban,Malaria,2018,24,60,0
Karnataka,Bengaluru Urban,Malaria,2018,25,57,0
Karnataka,Bengaluru Urban,Malaria,2018,26,63,0
Karnataka,Bengaluru Urban,Malaria,2018,27,68,0
Karnataka,Bengaluru Urban,Malaria,2018,28,64,0
Karnataka,Bengaluru Urban,Malaria,2018,29,66,0
Karnataka,Bengaluru Urban,Malaria,2018,30,59,0
Karnataka,Bengaluru Urban,Malaria,2018,31,72,0
Karnataka,Bengaluru Urban,Malaria,2018,32,66,0
Karnataka,Bengaluru Urban,Malaria,2018,33,67,0
Karnataka,Bengaluru Urban,Malaria,2018,34,57,0
Karnataka,Bengaluru Urban,Malaria,2018,35,67,0
Karnataka,Bengaluru Urban,Malaria,2018,36,0,0
Karnataka,Bengaluru Urban,Malaria,2018,37,60,0
Karnataka,Bengaluru Urban,Malaria,2018,38,71,0
Karnataka,Bengaluru Urban,Malaria,2018,39,48,0
Karnataka,Bengaluru Urban,Malaria,2018,40,59,0
Karnataka,Bengaluru Urban,Malaria,2018,41,46,1
Karnataka,Bengaluru Urban,Malaria,2018,42,0,0
Karnataka,Bengaluru Urban,Malaria,2018,43,53,2
Karnataka,Bengaluru Urban,Malaria,2018,44,45,0
Karnataka,Bengaluru Urban,Malaria,2018,45,0,0
Karnataka,Bengaluru Urban,Malaria,2018,46,44,0
Karnataka,Bengaluru Urban,Malaria,2018,47,31,0
Karnataka,Bengaluru Urban,Malaria,2018,48,31,0
Karnataka,Bengaluru Urban,Malaria,2018,49,29,0
Karnataka,Bengaluru Urban,Malaria,2018,50,35,0
Karnataka,Bengaluru Urban,Malaria,2018,51,30,0
Karnataka,Bengaluru Urban,Malaria,2018,52,16,0
Karnataka,Bengaluru Urban,Malaria,2019,1,25,0
Karnataka,Bengaluru Urban,Malaria,2019,2,25,0
Karnataka,Bengaluru Urban,Malaria,2019,3,20,0
Karnataka,Bengaluru Urban,Malaria,2019,4,22,0
Karnataka,Bengaluru Urban,Malaria,2019,5,20,0
Karnataka,Bengaluru Urban,Malaria,2019,6,23,0
Karnataka,Bengaluru Urban,Malaria,2019,7,19,0
Karnataka,Bengaluru Urban,Malaria,2019,8,25,0
Karnataka,Bengaluru Urban,Malaria,2019,9,19,0
Karnataka,Bengaluru Urban,Malaria,2019,10,5,0
Karnataka,Bengaluru Urban,Malaria,2019,11,20,0
Karnataka,Bengaluru Urban,Malaria,2019,12,24,0
Karnataka,Bengaluru Urban,Malaria,2019,13,25,0
Karnataka,Bengaluru Urban,Malaria,2019,14,24,0
Karnataka,Bengaluru Urban,Malaria,2019,15,34,0
Karnataka,Bengaluru Urban,Malaria,2019,16,42,0
Karnataka,Bengaluru Urban,Malaria,2019,17,38,0
Karnataka,Bengaluru Urban,Malaria,2019,18,38,1
Karnataka,Bengaluru Urban,Malaria,2019,19,40,0
Karnataka,Bengaluru Urban,Malaria,2019,20,36,0
Karnataka,Bengaluru Urban,Malaria,2019,21,48,0
Karnataka,Bengaluru Urban,Malaria,2019,22,49,0
Karnataka,Bengaluru Urban,Malaria,2019,23,53,0
Karnataka,Bengaluru Urban,Malaria,2019,24,56,0
Karnataka,Bengaluru Urban,Malaria,2019,25,60,0
Karnataka,Bengaluru Urban,Malaria,2019,26,57,0
Karnataka,Bengaluru Urban,Malaria,2019,27,70,0
Karnataka,Bengaluru Urban,Malaria,2019,28,68,0
Karnataka,Bengaluru Urban,Malaria,2019,29,60,0
Karnataka,Bengaluru Urban,Malaria,2019,30,61,0
Karnataka,Bengaluru Urban,Malaria,2019,31,63,0
Karnataka,Bengaluru Urban,Malaria,2019,32,68,0
Karnataka,Bengaluru Urban,Malaria,2019,33,68,0
Karnataka,Bengaluru Urban,Malaria,2019,34,57,0
Karnataka,Bengaluru Urban,Malaria,2019,35,58,0
Karnataka,Bengaluru Urban,Malaria,2019,36,74,0
Karnataka,Bengaluru Urban,Malaria,2019,37,64,0
Karnataka,Bengaluru Urban,Malaria,2019,38,56,0
Karnataka,Bengaluru Urban,Malaria,2019,39,58,0
Karnataka,Bengaluru Urban,Malaria,2019,40,53,0
Karnataka,Bengaluru Urban,Malaria,2019,41,46,0
Karnataka,Bengaluru Urban,Malaria,2019,42,52,0
Karnataka,Bengaluru Urban,Malaria,2019,43,47,0
Karnataka,Bengaluru Urban,Malaria,2019,44,48,0
Karnataka,Bengaluru Urban,Malaria,2019,45,42,0
Karnataka,Bengaluru Urban,Malaria,2019,46,49,0
Karnataka,Bengaluru Urban,Malaria,2019,47,34,0
Karnataka,Bengaluru Urban,Malaria,2019,48,30,0
Karnataka,Bengaluru Urban,Malaria,2019,49,28,0
Karnataka,Bengaluru Urban,Malaria,2019,50,32,0
Karnataka,Bengaluru Urban,Malaria,2019,51,32,0
Karnataka,Bengaluru Urban,Malaria,2019,52,30,0
Karnataka,Bengaluru Urban,Malaria,2020,1,22,0
Karnataka,Bengaluru Urban,Malaria,2020,2,21,0
Karnataka,Bengaluru Urban,Malaria,2020,3,14,0
Karnataka,Bengaluru Urban,Malaria,2020,4,17,0
Karnataka,Bengaluru Urban,Malaria,2020,5,15,0
Karnataka,Bengaluru Urban,Malaria,2020,6,15,0
Karnataka,Bengaluru Urban,Malaria,2020,7,17,0
Karnataka,Bengaluru Urban,Malaria,2020,8,18,0
Karnataka,Bengaluru Urban,Malaria,2020,9,15,0
Karnataka,Bengaluru Urban,Malaria,2020,10,16,0
Karnataka,Bengaluru Urban,Malaria,2020,11,22,0
Karnataka,Bengaluru Urban,Malaria,2020,12,26,0
Karnataka,Bengaluru Urban,Malaria,2020,13,26,0
Karnataka,Bengaluru Urban,Malaria,2020,14,22,0
Karnataka,Bengaluru Urban,Malaria,2020,15,36,0
Karnataka,Bengaluru Urban,Malaria,2020,16,27,0
Karnataka,Bengaluru Urban,Malaria,2020,17,30,0
Karnataka,Bengaluru Urban,Malaria,2020,18,38,0
Karnataka,Bengaluru Urban,Malaria,2020,19,35,0
Karnataka,Bengaluru Urban,Malaria,2020,20,40,0
Karnataka,Bengaluru Urban,Malaria,2020,21,47,0
Karnataka,Bengaluru Urban,Malaria,2020,22,52,0
Karnataka,Bengaluru Urban,Malaria,2020,23,55,0
Karnataka,Bengaluru Urban,Malaria,2020,24,57,0
Karnataka,Bengaluru Urban,Malaria,2020,25,66,0
Karnataka,Bengaluru Urban,Malaria,2020,26,63,0
Karnataka,Bengaluru Urban,Malaria,2020,27,61,0
Karnataka,Bengaluru Urban,Malaria,2020,28,66,0
Karnataka,Bengaluru Urban,Malaria,2020,29,65,0
Karnataka,Bengaluru Urban,Malaria,2020,30,67,0
Karnataka,Bengaluru Urban,Malaria,2020,31,64,0
Karnataka,Bengaluru Urban,Malaria,2020,32,61,0
Karnataka,Bengaluru Urban,Malaria,2020,33,67,0
Karnataka,Bengaluru Urban,Malaria,2020,34,72,0
Karnataka,Bengaluru Urban,Malaria,2020,35,0,0
Karnataka,Bengaluru Urban,Malaria,2020,36,69,0
Karnataka,Bengaluru Urban,Malaria,2020,37,56,0
Karnataka,Bengaluru Urban,Malaria,2020,38,61,0
Karnataka,Bengaluru Urban,Malaria,2020,39,56,0
Karnataka,Bengaluru Urban,Malaria,2020,40,47,0
Karnataka,Bengaluru Urban,Malaria,2020,41,53,0
Karnataka,Bengaluru Urban,Malaria,2020,42,55,0
Karnataka,Bengaluru Urban,Malaria,2020,43,46,0
Karnataka,Bengaluru Urban,Malaria,2020,44,47,0
Karnataka,Bengaluru Urban,Malaria,2020,45,43,0
Karnataka,Bengaluru Urban,Malaria,2020,46,30,0
Karnataka,Bengaluru Urban,Malaria,2020,47,31,0
Karnataka,Bengaluru Urban,Malaria,2020,48,38,0
Karnataka,Bengaluru Urban,Malaria,2020,49,25,0
Karnataka,Bengaluru Urban,Malaria,2020,50,24,0
Karnataka,Bengaluru Urban,Malaria,2020,51,31,0
Karnataka,Bengaluru Urban,Malaria,2020,52,28,0
Karnataka,Bengaluru Urban,Malaria,2021,1,16,0
Karnataka,Bengaluru Urban,Malaria,2021,2,17,0
Karnataka,Bengaluru Urban,Malaria,2021,3,15,0
Karnataka,Bengaluru Urban,Malaria,2021,4,18,0
Karnataka,Bengaluru Urban,Malaria,2021,5,7,0
Karnataka,Bengaluru Urban,Malaria,2021,6,14,0
Karnataka,Bengaluru Urban,Malaria,2021,7,21,0
Karnataka,Bengaluru Urban,Malaria,2021,8,23,0
Karnataka,Bengaluru Urban,Malaria,2021,9,22,0
Karnataka,Bengaluru Urban,Malaria,2021,10,21,0
Karnataka,Bengaluru Urban,Malaria,2021,11,22,0
Karnataka,Bengaluru Urban,Malaria,2021,12,27,0
Karnataka,Bengaluru Urban,Malaria,2021,13,24,0
Karnataka,Bengaluru Urban,Malaria,2021,14,24,0
Karnataka,Bengaluru Urban,Malaria,2021,15,17,0
Karnataka,Bengaluru Urban,Malaria,2021,16,23,0
Karnataka,Bengaluru Urban,Malaria,2021,17,39,0
Karnataka,Bengaluru Urban,Malaria,2021,18,39,0
Karnataka,Bengaluru Urban,Malaria,2021,19,51,0
Karnataka,Bengaluru Urban,Malaria,2021,20,38,0
Karnataka,Bengaluru Urban,Malaria,2021,21,54,0
Karnataka,Bengaluru Urban,Malaria,2021,22,52,0
Karnataka,Bengaluru Urban,Malaria,2021,23,55,0
Karnataka,Bengaluru Urban,Malaria,2021,24,65,0
Karnataka,Bengaluru Urban,Malaria,2021,25,60,0
Karnataka,Bengaluru Urban,Malaria,2021,26,53,0
Karnataka,Bengaluru Urban,Malaria,2021,27,66,0
Karnataka,Bengaluru Urban,Malaria,2021,28,65,0
Karnataka,Bengaluru Urban,Malaria,2021,29,65,0
Karnataka,Bengaluru Urban,Malaria,2021,30,58,0
Karnataka,Bengaluru Urban,Malaria,2021,31,70,0
Karnataka,Bengaluru Urban,Malaria,2021,32,72,0
Karnataka,Bengaluru Urban,Malaria,2021,33,53,0
Karnataka,Bengaluru Urban,Malaria,2021,34,58,0
Karnataka,Bengaluru Urban,Malaria,2021,35,58,0
Karnataka,Bengaluru Urban,Malaria,2021,36,66,0
Karnataka,Bengaluru Urban,Malaria,2021,37,58,0
Karnataka,Bengaluru Urban,Malaria,2021,38,61,0
Karnataka,Bengaluru Urban,Malaria,2021,39,60,0
Karnataka,Bengaluru Urban,Malaria,2021,40,54,0
Karnataka,Bengaluru Urban,Malaria,2021,41,58,0
Karnataka,Bengaluru Urban,Malaria,2021,42,50,0
Karnataka,Bengaluru Urban,Malaria,2021,43,60,0
Karnataka,Bengaluru Urban,Malaria,2021,44,40,0
Karnataka,Bengaluru Urban,Malaria,2021,45,49,0
Karnataka,Bengaluru Urban,Malaria,2021,46,36,0
Karnataka,Bengaluru Urban,Malaria,2021,47,41,0
Karnataka,Bengaluru Urban,Malaria,2021,48,36,0
Karnataka,Bengaluru Urban,Malaria,2021,49,30,0
Karnataka,Bengaluru Urban,Malaria,2021,50,19,0
Karnataka,Bengaluru Urban,Malaria,2021,51,30,0
Karnataka,Bengaluru Urban,Malaria,2021,52,20,0
Karnataka,Bengaluru Urban,Malaria,2022,1,19,0
Karnataka,Bengaluru Urban,Malaria,2022,2,12,0
Karnataka,Bengaluru Urban,Malaria,2022,3,17,0
Karnataka,Bengaluru Urban,Malaria,2022,4,15,0
Karnataka,Bengaluru Urban,Malaria,2022,5,13,0
Karnataka,Bengaluru Urban,Malaria,2022,6,16,0
Karnataka,Bengaluru Urban,Malaria,2022,7,15,0
Karnataka,Bengaluru Urban,Malaria,2022,8,12,0
Karnataka,Bengaluru Urban,Malaria,2022,9,14,0
Karnataka,Bengaluru Urban,Malaria,2022,10,19,0
Karnataka,Bengaluru Urban,Malaria,2022,11,26,0
Karnataka,Bengaluru Urban,Malaria,2022,12,25,0
Karnataka,Bengaluru Urban,Malaria,2022,13,23,0
Karnataka,Bengaluru Urban,Malaria,2022,14,30,0
Karnataka,Bengaluru Urban,Malaria,2022,15,24,0
Karnataka,Bengaluru Urban,Malaria,2022,16,29,0
Karnataka,Bengaluru Urban,Malaria,2022,17,35,0
Karnataka,Bengaluru Urban,Malaria,2022,18,32,0
Karnataka,Bengaluru Urban,Malaria,2022,19,49,0
Karnataka,Bengaluru Urban,Malaria,2022,20,50,0
Karnataka,Bengaluru Urban,Malaria,2022,21,49,1
Karnataka,Bengaluru Urban,Malaria,2022,22,49,0
Karnataka,Bengaluru Urban,Malaria,2022,23,48,0
Karnataka,Bengaluru Urban,Malaria,2022,24,56,2
Karnataka,Bengaluru Urban,Malaria,2022,25,57,0
Karnataka,Bengaluru Urban,Malaria,2022,26,55,0
Karnataka,Bengaluru Urban,Malaria,2022,27,62,0
Karnataka,Bengaluru Urban,Malaria,2022,28,68,0
Karnataka,Bengaluru Urban,Malaria,2022,29,69,0
Karnataka,Bengaluru Urban,Malaria,2022,30,0,0
Karnataka,Bengaluru Urban,Malaria,2022,31,62,0
Karnataka,Bengaluru Urban,Malaria,2022,32,68,0
Karnataka,Bengaluru Urban,Malaria,2022,33,60,0
Karnataka,Bengaluru Urban,Malaria,2022,34,62,0
Karnataka,Bengaluru Urban,Malaria,2022,35,57,1
Karnataka,Bengaluru Urban,Malaria,2022,36,56,0
Karnataka,Bengaluru Urban,Malaria,2022,37,61,0
Karnataka,Bengaluru Urban,Malaria,2022,38,55,0
Karnataka,Bengaluru Urban,Malaria,2022,39,63,0
Karnataka,Bengaluru Urban,Malaria,2022,40,53,1
Karnataka,Bengaluru Urban,Malaria,2022,41,42,0
Karnataka,Bengaluru Urban,Malaria,2022,42,53,0
Karnataka,Bengaluru Urban,Malaria,2022,43,0,0
Karnataka,Bengaluru Urban,Malaria,2022,44,49,0
Karnataka,Bengaluru Urban,Malaria,2022,45,37,0
Karnataka,Bengaluru Urban,Malaria,2022,46,32,0
Karnataka,Bengaluru Urban,Malaria,2022,47,37,0
Karnataka,Bengaluru Urban,Malaria,2022,48,29,0
Karnataka,Bengaluru Urban,Malaria,2022,49,30,0
Karnataka,Bengaluru Urban,Malaria,2022,50,32,0
Karnataka,Bengaluru Urban,Malaria,2022,51,23,1
Karnataka,Bengaluru Urban,Malaria,2022,52,26,0
Karnataka,Bengaluru Urban,Malaria,2023,1,17,0
Karnataka,Bengaluru Urban,Malaria,2023,2,13,0
Karnataka,Bengaluru Urban,Malaria,2023,3,25,0
Karnataka,Bengaluru Urban,Malaria,2023,4,17,0
Karnataka,Bengaluru Urban,Malaria,2023,5,14,1
Karnataka,Bengaluru Urban,Malaria,2023,6,11,0
Karnataka,Bengaluru Urban,Malaria,2023,7,11,0
Karnataka,Bengaluru Urban,Malaria,2023,8,13,0
Karnataka,Bengaluru Urban,Malaria,2023,9,15,0
Karnataka,Bengaluru Urban,Malaria,2023,10,9,0
Karnataka,Bengaluru Urban,Malaria,2023,11,29,0
Karnataka,Bengaluru Urban,Malaria,2023,12,10,0
Karnataka,Bengaluru Urban,Malaria,2023,13,23,0
Karnataka,Bengaluru Urban,Malaria,2023,14,29,0
Karnataka,Bengaluru Urban,Malaria,2023,15,25,0
Karnataka,Bengaluru Urban,Malaria,2023,16,37,0
Karnataka,Bengaluru Urban,Malaria,2023,17,39,0
Karnataka,Bengaluru Urban,Malaria,2023,18,37,0
Karnataka,Bengaluru Urban,Malaria,2023,19,39,0
Karnataka,Bengaluru Urban,Malaria,2023,20,46,0
Karnataka,Bengaluru Urban,Malaria,2023,21,46,0
Karnataka,Bengaluru Urban,Malaria,2023,22,50,0
Karnataka,Bengaluru Urban,Malaria,2023,23,49,0
Karnataka,Bengaluru Urban,Malaria,2023,24,47,0
Karnataka,Bengaluru Urban,Malaria,2023,25,0,0
Karnataka,Bengaluru Urban,Malaria,2023,26,58,0
Karnataka,Bengaluru Urban,Malaria,2023,27,62,0
Karnataka,Bengaluru Urban,Malaria,2023,28,67,0
Karnataka,Bengaluru Urban,Malaria,2023,29,65,0
Karnataka,Bengaluru Urban,Malaria,2023,30,69,0
Karnataka,Bengaluru Urban,Malaria,2023,31,70,0
Karnataka,Bengaluru Urban,Malaria,2023,32,64,0
Karnataka,Bengaluru Urban,Malaria,2023,33,68,0
Karnataka,Bengaluru Urban,Malaria,2023,34,69,0
Karnataka,Bengaluru Urban,Malaria,2023,35,65,0
Karnataka,Bengaluru Urban,Malaria,2023,36,65,0
Karnataka,Bengaluru Urban,Malaria,2023,37,54,0
Karnataka,Bengaluru Urban,Malaria,2023,38,72,0
Karnataka,Bengaluru Urban,Malaria,2023,39,65,0
Karnataka,Bengaluru Urban,Malaria,2023,40,55,0
Karnataka,Bengaluru Urban,Malaria,2023,41,53,0
Karnataka,Bengaluru Urban,Malaria,2023,42,56,0
Karnataka,Bengaluru Urban,Malaria,2023,43,47,0
Karnataka,Bengaluru Urban,Malaria,2023,44,47,0
Karnataka,Bengaluru Urban,Malaria,2023,45,0,0
Karnataka,Bengaluru Urban,Malaria,2023,46,33,0
Karnataka,Bengaluru Urban,Malaria,2023,47,39,0
Karnataka,Bengaluru Urban,Malaria,2023,48,37,0
Karnataka,Bengaluru Urban,Malaria,2023,49,26,1
Karnataka,Bengaluru Urban,Malaria,2023,50,24,0
Karnataka,Bengaluru Urban,Malaria,2023,51,0,0
Karnataka,Bengaluru Urban,Malaria,2023,52,20,0
Karnataka,Bengaluru Urban,Malaria,2024,1,14,0
Karnataka,Bengaluru Urban,Malaria,2024,2,11,0
Karnataka,Bengaluru Urban,Malaria,2024,3,10,1
Karnataka,Bengaluru Urban,Malaria,2024,4,9,0
Karnataka,Bengaluru Urban,Malaria,2024,5,20,0
Karnataka,Bengaluru Urban,Malaria,2024,6,4,0
Karnataka,Bengaluru Urban,Malaria,2024,7,13,0
Karnataka,Bengaluru Urban,Malaria,2024,8,21,0
Karnataka,Bengaluru Urban,Malaria,2024,9,17,0
Karnataka,Bengaluru Urban,Malaria,2024,10,20,0
Karnataka,Bengaluru Urban,Malaria,2024,11,20,0
Karnataka,Bengaluru Urban,Malaria,2024,12,20,0
Karnataka,Bengaluru Urban,Malaria,2024,13,21,0
Karnataka,Bengaluru Urban,Malaria,2024,14,23,0
Karnataka,Bengaluru Urban,Malaria,2024,15,25,0
Karnataka,Bengaluru Urban,Malaria,2024,16,42,0
Karnataka,Bengaluru Urban,Malaria,2024,17,36,0
Karnataka,Bengaluru Urban,Malaria,2024,18,35,0
Karnataka,Bengaluru Urban,Malaria,2024,19,41,0
Karnataka,Bengaluru Urban,Malaria,2024,20,48,0
Karnataka,Bengaluru Urban,Malaria,2024,21,50,0
Karnataka,Bengaluru Urban,Malaria,2024,22,54,0
Karnataka,Bengaluru Urban,Malaria,2024,23,63,0
Karnataka,Bengaluru Urban,Malaria,2024,24,59,2
Karnataka,Bengaluru Urban,Malaria,2024,25,55,0
Karnataka,Bengaluru Urban,Malaria,2024,26,62,0
Karnataka,Bengaluru Urban,Malaria,2024,27,56,0
Karnataka,Bengaluru Urban,Malaria,2024,28,58,0
Karnataka,Bengaluru Urban,Malaria,2024,29,60,0
Karnataka,Bengaluru Urban,Malaria,2024,30,70,0
Karnataka,Bengaluru Urban,Malaria,2024,31,76,0
Karnataka,Bengaluru Urban,Malaria,2024,32,68,0
Karnataka,Bengaluru Urban,Malaria,2024,33,60,0
Karnataka,Bengaluru Urban,Malaria,2024,34,63,0
Karnataka,Bengaluru Urban,Malaria,2024,35,62,0
Karnataka,Bengaluru Urban,Malaria,2024,36,75,0
Karnataka,Bengaluru Urban,Malaria,2024,37,56,0
Karnataka,Bengaluru Urban,Malaria,2024,38,62,0
Karnataka,Bengaluru Urban,Malaria,2024,39,66,0
Karnataka,Bengaluru Urban,Malaria,2024,40,65,0
Karnataka,Bengaluru Urban,Malaria,2024,41,51,0
Karnataka,Bengaluru Urban,Malaria,2024,42,48,0
Karnataka,Bengaluru Urban,Malaria,2024,43,48,0
Karnataka,Bengaluru Urban,Malaria,2024,44,51,0
Karnataka,Bengaluru Urban,Malaria,2024,45,36,0
Karnataka,Bengaluru Urban,Malaria,2024,46,41,0
Karnataka,Bengaluru Urban,Malaria,2024,47,39,0
Karnataka,Bengaluru Urban,Malaria,2024,48,36,0
Karnataka,Bengaluru Urban,Malaria,2024,49,25,0
Karnataka,Bengaluru Urban,Malaria,2024,50,18,0
Karnataka,Bengaluru Urban,Malaria,2024,51,32,0
Karnataka,Bengaluru Urban,Malaria,2024,52,24,0
Karnataka,Bengaluru Urban,Acute Diarrhoeal Disease,2017,1,76,0
Karnataka,Bengaluru Urban,Acute Diarrhoeal Disease,2017,2,82,0
Karnataka,Bengaluru Urban,Acute Diarrhoeal Disease,2017,3,60,0
Karnataka,Bengaluru Urban,Acute Diarrhoeal Disease,2017,4,61,0
Karnataka,Bengaluru Urban,Acute Diarrhoeal Disease,2017,5,33,0
Karnataka,Bengaluru Urban,Acute Diarrhoeal Disease,2017,6,42,0
Karnataka,Bengaluru Urban,Acute Diarrhoeal Disease,2017,7,33,0
Karnataka,Bengaluru Urban,Acute Diarrhoeal Disease,2017,8,39,0
Karnataka,Bengaluru Urban,Acute Diarrhoeal Disease,2017,9,47,0
Karnataka,Bengaluru Urban,Acute Diarrhoeal Disease,2017,10,24,0
Karnataka,Bengaluru Urban,Acute Diarrhoeal Disease,2017,11,21,0
Karnataka,Bengaluru Urban,Acute Diarrhoeal Disease,2017,12,23,0
Karnataka,Bengaluru Urban,Acute Diarrhoeal Disease,2017,13,34,0
Karnataka,Bengaluru Urban,Acute Diarrhoeal Disease,2017,14,27,0
Karnataka,Bengaluru Urban,Acute Diarrhoeal Disease,2017,15,22,0
Karnataka,Bengaluru Urban,Acute Diarrhoeal Disease,2017,16,7,0
Karnataka,Bengaluru Urban,Acute Diarrhoeal Disease,2017,17,30,1
Karnataka,Bengaluru Urban,Acute Diarrhoeal Disease,2017,18,47,0
Karnataka,Bengaluru Urban,Acute Diarrhoeal Disease,2017,19,37,0
Karnataka,Bengaluru Urban,Acute Diarrhoeal Disease,2017,20,56,0
Karnataka,Bengaluru Urban,Acute Diarrhoeal Disease,2017,21,32,0
Karnataka,Bengaluru Urban,Acute Diarrhoeal Disease,2017,22,86,0
Karnataka,Bengaluru Urban,Acute Diarrhoeal Disease,2017,23,86,2
Karnataka,Bengaluru Urban,Acute Diarrhoeal Disease,2017,24,84,0
Karnataka,Bengaluru Urban,Acute Diarrhoeal Disease,2017,25,94,0
Karnataka,Bengaluru Urban,Acute Diarrhoeal Disease,2017,26,84,0
Karnataka,Bengaluru Urban,Acute Diarrhoeal Disease,2017,27,129,0
Karnataka,Bengaluru Urban,Acute Diarrhoeal Disease,2017,28,131,0
Karnataka,Bengaluru Urban,Acute Diarrhoeal Disease,2017,29,136,0
Karnataka,Bengaluru Urban,Acute Diarrhoeal Disease,2017,30,139,0
Karnataka,Bengaluru Urban,Acute Diarrhoeal Disease,2017,31,121,0
Karnataka,Bengaluru Urban,Acute Diarrhoeal Disease,2017,32,162,0
Karnataka,Bengaluru Urban,Acute Diarrhoeal Disease,2017,33,154,0
Karnataka,Bengaluru Urban,Acute Diarrhoeal Disease,2017,34,166,0
Karnataka,Bengaluru Urban,Acute Diarrhoeal Disease,2017,35,165,0
Karnataka,Bengaluru Urban,Acute Diarrhoeal Disease,2017,36,183,0
Karnataka,Bengaluru Urban,Acute Diarrhoeal Disease,2017,37,154,0
Karnataka,Bengaluru Urban,Acute Diarrhoeal Disease,2017,38,188,0
Karnataka,Bengaluru Urban,Acute Diarrhoeal Disease,2017,39,146,0
Karnataka,Bengaluru Urban,Acute Diarrhoeal Disease,2017,40,188,0
Karnataka,Bengaluru Urban,Acute Diarrhoeal Disease,2017,41,164,0
Karnataka,Bengaluru Urban,Acute Diarrhoeal Disease,2017,42,146,0
Karnataka,Bengaluru Urban,Acute Diarrhoeal Disease,2017,43,134,0
Karnataka,Bengaluru Urban,Acute Diarrhoeal Disease,2017,44,154,0
Karnataka,Bengaluru Urban,Acute Diarrhoeal Disease,2017,45,138,0
Karnataka,Bengaluru Urban,Acute Diarrhoeal Disease,2017,46,131,0
Karnataka,Bengaluru Urban,Acute Diarrhoeal Disease,2017,47,141,0
Karnataka,Bengaluru Urban,Acute Diarrhoeal Disease,2017,48,113,0
Karnataka,Bengaluru Urban,Acute Diarrhoeal Disease,2017,49,117,0
Karnataka,Bengaluru Urban,Acute Diarrhoeal Disease,2017,50,120,0
Karnataka,Bengaluru Urban,Acute Diarrhoeal Disease,2017,51,95,0
Karnataka,Bengaluru Urban,Acute Diarrhoeal Disease,2017,52,96,0
Karnataka,Bengaluru Urban,Acute Diarrhoeal Disease,2018,1,77,0
Karnataka,Bengaluru Urban,Acute Diarrhoeal Disease,2018,2,70,0
Karnataka,Bengaluru Urban,Acute Diarrhoeal Disease,2018,3,63,0
Karnataka,Bengaluru Urban,Acute Diarrhoeal Disease,2018,4,39,0
Karnataka,Bengaluru Urban,Acute Diarrhoeal Disease,2018,5,37,0
Karnataka,Bengaluru Urban,Acute Diarrhoeal Disease,2018,6,20,0
Karnataka,Bengaluru Urban,Acute Diarrhoeal Disease,2018,7,30,0
Karnataka,Bengaluru Urban,Acute Diarrhoeal Disease,2018,8,35,0
Karnataka,Bengaluru Urban,Acute Diarrhoeal Disease,2018,9,34,0
Karnataka,Bengaluru Urban,Acute Diarrhoeal Disease,2018,10,22,0
Karnataka,Bengaluru Urban,Acute Diarrhoeal Disease,2018,11,10,0
Karnataka,Bengaluru Urban,Acute Diarrhoeal Disease,2018,12,38,0
Karnataka,Bengaluru Urban,Acute Diarrhoeal Disease,2018,13,15,0
Karnataka,Bengaluru Urban,Acute Diarrhoeal Disease,2018,14,26,0
Karnataka,Bengaluru Urban,Acute Diarrhoeal Disease,2018,15,25,0
Karnataka,Bengaluru Urban,Acute Diarrhoeal Disease,2018,16,24,0
Karnataka,Bengaluru Urban,Acute Diarrhoeal Disease,2018,17,39,1
Karnataka,Bengaluru Urban,Acute Diarrhoeal Disease,2018,18,41,0
Karnataka,Bengaluru Urban,Acute Diarrhoeal Disease,2018,19,61,0
Karnataka,Bengaluru Urban,Acute Diarrhoeal Disease,2018,20,26,0
Karnataka,Bengaluru Urban,Acute Diarrhoeal Disease,2018,21,33,0
Karnataka,Bengaluru Urban,Acute Diarrhoeal Disease,2018,22,62,0
Karnataka,Bengaluru Urban,Acute Diarrhoeal Disease,2018,23,97,0
Karnataka,Bengaluru Urban,Acute Diarrhoeal Disease,2018,24,99,1
Karnataka,Bengaluru Urban,Acute Diarrhoeal Disease,2018,25,104,0
Karnataka,Bengaluru Urban,Acute Diarrhoeal Disease,2018,26,108,1
Karnataka,Bengaluru Urban,Acute Diarrhoeal Disease,2018,27,126,0
Karnataka,Bengaluru Urban,Acute Diarrhoeal Disease,2018,28,145,0
Karnataka,Bengaluru Urban,Acute Diarrhoeal Disease,2018,29,148,0
Karnataka,Bengaluru Urban,Acute Diarrhoeal Disease,2018,30,112,0
Karnataka,Bengaluru Urban,Acute Diarrhoeal Disease,2018,31,156,0
Karnataka,Bengaluru Urban,Acute Diarrhoeal Disease,2018,32,157,0
Karnataka,Bengaluru Urban,Acute Diarrhoeal Disease,2018,33,158,0
Karnataka,Bengaluru Urban,Acute Diarrhoeal Disease,2018,34,159,0
Karnataka,Bengaluru Urban,Acute Diarrhoeal Disease,2018,35,184,0
Karnataka,Bengaluru Urban,Acute Diarrhoeal Disease,2018,36,147,0
Karnataka,Bengaluru Urban,Acute Diarrhoeal Disease,2018,37,184,0
Karnataka,Bengaluru Urban,Acute Diarrhoeal Disease,2018,38,173,0
Karnataka,Bengaluru Urban,Acute Diarrhoeal Disease,2018,39,181,0
Karnataka,Bengaluru Urban,Acute Diarrhoeal Disease,2018,40,162,0
Karnataka,Bengaluru Urban,Acute Diarrhoeal Disease,2018,41,149,0
Karnataka,Bengaluru Urban,Acute Diarrhoeal Disease,2018,42,176,1
Karnataka,Bengaluru Urban,Acute Diarrhoeal Disease,2018,43,152,0
Karnataka,Bengaluru Urban,Acute Diarrhoeal Disease,2018,44,172,0
Karnataka,Bengaluru Urban,Acute Diarrhoeal Disease,2018,45,168,0
Karnataka,Bengaluru Urban,Acute Diarrhoeal Disease,2018,46,131,0
Karnataka,Bengaluru Urban,Acute Diarrhoeal Disease,2018,47,145,0
Karnataka,Bengaluru Urban,Acute Diarrhoeal Disease,2018,48,131,0
Karnataka,Bengaluru Urban,Acute Diarrhoeal Disease,2018,49,110,0
Karnataka,Bengaluru Urban,Acute Diarrhoeal Disease,2018,50,94,0
Karnataka,Bengaluru Urban,Acute Diarrhoeal Disease,2018,51,96,0
Karnataka,Bengaluru Urban,Acute Diarrhoeal Disease,2018,52,64,0
Karnataka,Bengaluru Urban,Acute Diarrhoeal Disease,2019,1,90,0
Karnataka,Bengaluru Urban,Acute Diarrhoeal Disease,2019,2,82,0
Karnataka,Bengaluru Urban,Acute Diarrhoeal Disease,2019,3,63,0
Karnataka,Bengaluru Urban,Acute Diarrhoeal Disease,2019,4,56,0
Karnataka,Bengaluru Urban,Acute Diarrhoeal Disease,2019,5,49,0
Karnataka,Bengaluru Urban,Acute Diarrhoeal Disease,2019,6,17,0
Karnataka,Bengaluru Urban,Acute Diarrhoeal Disease,2019,7,23,0
Karnataka,Bengaluru Urban,Acute Diarrhoeal Disease,2019,8,18,0
Karnataka,Bengaluru Urban,Acute Diarrhoeal Disease,2019,9,18,0
Karnataka,Bengaluru Urban,Acute Diarrhoeal Disease,2019,10,18,0
Karnataka,Bengaluru Urban,Acute Diarrhoeal Disease,2019,11,0,0
Karnataka,Bengaluru Urban,Acute Diarrhoeal Disease,2019,12,20,0
Karnataka,Bengaluru Urban,Acute Diarrhoeal Disease,2019,13,48,0
Karnataka,Bengaluru Urban,Acute Diarrhoeal Disease,2019,14,27,0
Karnataka,Bengaluru Urban,Acute Diarrhoeal Disease,2019,15,18,0
Karnataka,Bengaluru Urban,Acute Diarrhoeal Disease,2019,16,28,0
Karnataka,Bengaluru Urban,Acute Diarrhoeal Disease,2019,17,27,0
Karnataka,Bengaluru Urban,Acute Diarrhoeal Disease,2019,18,46,0
Karnataka,Bengaluru Urban,Acute Diarrhoeal Disease,2019,19,18,0
Karnataka,Bengaluru Urban,Acute Diarrhoeal Disease,2019,20,50,0
Karnataka,Bengaluru Urban,Acute Diarrhoeal Disease,2019,21,58,0
Karnataka,Bengaluru Urban,Acute Diarrhoeal Disease,2019,22,68,0
Karnataka,Bengaluru Urban,Acute Diarrhoeal Disease,2019,23,82,0
Karnataka,Bengaluru Urban,Acute Diarrhoeal Disease,2019,24,78,0
Karnataka,Bengaluru Urban,Acute Diarrhoeal Disease,2019,25,76,0
Karnataka,Bengaluru Urban,Acute Diarrhoeal Disease,2019,26,111,0
Karnataka,Bengaluru Urban,Acute Diarrhoeal Disease,2019,27,137,1
Karnataka,Bengaluru Urban,Acute Diarrhoeal Disease,2019,28,126,0
Karnataka,Bengaluru Urban,Acute Diarrhoeal Disease,2019,29,117,0
Karnataka,Bengaluru Urban,Acute Diarrhoeal Disease,2019,30,150,0
Karnataka,Bengaluru Urban,Acute Diarrhoeal Disease,2019,31,134,0
Karnataka,Bengaluru Urban,Acute Diarrhoeal Disease,2019,32,169,0
Karnataka,Bengaluru Urban,Acute Diarrhoeal Disease,2019,33,136,0
Karnataka,Bengaluru Urban,Acute Diarrhoeal Disease,2019,34,172,0
Karnataka,Bengaluru Urban,Acute Diarrhoeal Disease,2019,35,169,0
Karnataka,Bengaluru Urban,Acute Diarrhoeal Disease,2019,36,166,0
Karnataka,Bengaluru Urban,Acute Diarrhoeal Disease,2019,37,192,0
Karnataka,Bengaluru Urban,Acute Diarrhoeal Disease,2019,38,163,0
Karnataka,Bengaluru Urban,Acute Diarrhoeal Disease,2019,39,176,0
Karnataka,Bengaluru Urban,Acute Diarrhoeal Disease,2019,40,181,0
Karnataka,Bengaluru Urban,Acute Diarrhoeal Disease,2019,41,145,0
Karnataka,Bengaluru Urban,Acute Diarrhoeal Disease,2019,42,171,0
Karnataka,Bengaluru Urban,Acute Diarrhoeal Disease,2019,43,149,0
Karnataka,Bengaluru Urban,Acute Diarrhoeal Disease,2019,44,170,0
Karnataka,Bengaluru Urban,Acute Diarrhoeal Disease,2019,45,148,0
Karnataka,Bengaluru Urban,Acute Diarrhoeal Disease,2019,46,121,0
Karnataka,Bengaluru Urban,Acute Diarrhoeal Disease,2019,47,115,0
Karnataka,Bengaluru Urban,Acute Diarrhoeal Disease,2019,48,112,0
Karnataka,Bengaluru Urban,Acute Diarrhoeal Disease,2019,49,115,0
Karnataka,Bengaluru Urban,Acute Diarrhoeal Disease,2019,50,117,0
Karnataka,Bengaluru Urban,Acute Diarrhoeal Disease,2019,51,89,0
Karnataka,Bengaluru Urban,Acute Diarrhoeal Disease,2019,52,91,0
Karnataka,Bengaluru Urban,Acute Diarrhoeal Disease,2020,1,75,0
Karnataka,Bengaluru Urban,Acute Diarrhoeal Disease,2020,2,55,0
Karnataka,Bengaluru Urban,Acute Diarrhoeal Disease,2020,3,65,0
Karnataka,Bengaluru Urban,Acute Diarrhoeal Disease,2020,4,39,0
Karnataka,Bengaluru Urban,Acute Diarrhoeal Disease,2020,5,59,0
Karnataka,Bengaluru Urban,Acute Diarrhoeal Disease,2020,6,58,0
Karnataka,Bengaluru Urban,Acute Diarrhoeal Disease,2020,7,37,0
Karnataka,Bengaluru Urban,Acute Diarrhoeal Disease,2020,8,23,0
Karnataka,Bengaluru Urban,Acute Diarrhoeal Disease,2020,9,30,0
Karnataka,Bengaluru Urban,Acute Diarrhoeal Disease,2020,10,26,0
Karnataka,Bengaluru Urban,Acute Diarrhoeal Disease,2020,11,11,0
Karnataka,Bengaluru Urban,Acute Diarrhoeal Disease,2020,12,31,0
Karnataka,Bengaluru Urban,Acute Diarrhoeal Disease,2020,13,11,0
Karnataka,Bengaluru Urban,Acute Diarrhoeal Disease,2020,14,10,0
Karnataka,Bengaluru Urban,Acute Diarrhoeal Disease,2020,15,15,0
Karnataka,Bengaluru Urban,Acute Diarrhoeal Disease,2020,16,29,0
Karnataka,Bengaluru Urban,Acute Diarrhoeal Disease,2020,17,42,0
Karnataka,Bengaluru Urban,Acute Diarrhoeal Disease,2020,18,43,0
Karnataka,Bengaluru Urban,Acute Diarrhoeal Disease,2020,19,47,0
Karnataka,Bengaluru Urban,Acute Diarrhoeal Disease,2020,20,42,0
Karnataka,Bengaluru Urban,Acute Diarrhoeal Disease,2020,21,47,1
Karnataka,Bengaluru Urban,Acute Diarrhoeal Disease,2020,22,65,0
Karnataka,Bengaluru Urban,Acute Diarrhoeal Disease,2020,23,88,0
Karnataka,Bengaluru Urban,Acute Diarrhoeal Disease,2020,24,84,0
Karnataka,Bengaluru Urban,Acute Diarrhoeal Disease,2020,25,109,0
Karnataka,Bengaluru Urban,Acute Diarrhoeal Disease,2020,26,118,0
Karnataka,Bengaluru Urban,Acute Diarrhoeal Disease,2020,27,116,0
Karnataka,Bengaluru Urban,Acute Diarrhoeal Disease,2020,28,138,0
Karnataka,Bengaluru Urban,Acute Diarrhoeal Disease,2020,29,109,0
Karnataka,Bengaluru Urban,Acute Diarrhoeal Disease,2020,30,149,0
Karnataka,Bengaluru Urban,Acute Diarrhoeal Disease,2020,31,142,0
Karnataka,Bengaluru Urban,Acute Diarrhoeal Disease,2020,32,128,0
Karnataka,Bengaluru Urban,Acute Diarrhoeal Disease,2020,33,168,0
Karnataka,Bengaluru Urban,Acute Diarrhoeal Disease,2020,34,184,0
Karnataka,Bengaluru Urban,Acute Diarrhoeal Disease,2020,35,161,0
Karnataka,Bengaluru Urban,Acute Diarrhoeal Disease,2020,36,182,0
Karnataka,Bengaluru Urban,Acute Diarrhoeal Disease,2020,37,169,0
Karnataka,Bengaluru Urban,Acute Diarrhoeal Disease,2020,38,186,0
Karnataka,Bengaluru Urban,Acute Diarrhoeal Disease,2020,39,161,0
Karnataka,Bengaluru Urban,Acute Diarrhoeal Disease,2020,40,180,0
Karnataka,Bengaluru Urban,Acute Diarrhoeal Disease,2020,41,172,0
Karnataka,Bengaluru Urban,Acute Diarrhoeal Disease,2020,42,165,0
Karnataka,Bengaluru Urban,Acute Diarrhoeal Disease,2020,43,166,0
Karnataka,Bengaluru Urban,Acute Diarrhoeal Disease,2020,44,177,0
Karnataka,Bengaluru Urban,Acute Diarrhoeal Disease,2020,45,138,0
Karnataka,Bengaluru Urban,Acute Diarrhoeal Disease,2020,46,142,0
Karnataka,Bengaluru Urban,Acute Diarrhoeal Disease,2020,47,140,0
Karnataka,Bengaluru Urban,Acute Diarrhoeal Disease,2020,48,0,0
Karnataka,Bengaluru Urban,Acute Diarrhoeal Disease,2020,49,120,0
Karnataka,Bengaluru Urban,Acute Diarrhoeal Disease,2020,50,114,0
Karnataka,Bengaluru Urban,Acute Diarrhoeal Disease,2020,51,101,0
Karnataka,Bengaluru Urban,Acute Diarrhoeal Disease,2020,52,76,0
Karnataka,Bengaluru Urban,Acute Diarrhoeal Disease,2021,1,84,0
Karnataka,Bengaluru Urban,Acute Diarrhoeal Disease,2021,2,94,0
Karnataka,Bengaluru Urban,Acute Diarrhoeal Disease,2021,3,53,0
Karnataka,Bengaluru Urban,Acute Diarrhoeal Disease,2021,4,35,0
Karnataka,Bengaluru Urban,Acute Diarrhoeal Disease,2021,5,36,0
Karnataka,Bengaluru Urban,Acute Diarrhoeal Disease,2021,6,19,0
Karnataka,Bengaluru Urban,Acute Diarrhoeal Disease,2021,7,61,0
Karnataka,Bengaluru Urban,Acute Diarrhoeal Disease,2021,8,18,0
Karnataka,Bengaluru Urban,Acute Diarrhoeal Disease,2021,9,2,0
Karnataka,Bengaluru Urban,Acute Diarrhoeal Disease,2021,10,13,0
Karnataka,Bengaluru Urban,Acute Diarrhoeal Disease,2021,11,25,0
Karnataka,Bengaluru Urban,Acute Diarrhoeal Disease,2021,12,22,0
Karnataka,Bengaluru Urban,Acute Diarrhoeal Disease,2021,13,6,0
Karnataka,Bengaluru Urban,Acute Diarrhoeal Disease,2021,14,23,0
Karnataka,Bengaluru Urban,Acute Diarrhoeal Disease,2021,15,34,0
Karnataka,Bengaluru Urban,Acute Diarrhoeal Disease,2021,16,9,0
Karnataka,Bengaluru Urban,Acute Diarrhoeal Disease,2021,17,28,0
Karnataka,Bengaluru Urban,Acute Diarrhoeal Disease,2021,18,36,0
Karnataka,Bengaluru Urban,Acute Diarrhoeal Disease,2021,19,29,0
Karnataka,Bengaluru Urban,Acute Diarrhoeal Disease,2021,20,44,0
Karnataka,Bengaluru Urban,Acute Diarrhoeal Disease,2021,21,61,0
Karnataka,Bengaluru Urban,Acute Diarrhoeal Disease,2021,22,73,0
Karnataka,Bengaluru Urban,Acute Diarrhoeal Disease,2021,23,78,0
Karnataka,Bengaluru Urban,Acute Diarrhoeal Disease,2021,24,72,0
Karnataka,Bengaluru Urban,Acute Diarrhoeal Disease,2021,25,85,0
Karnataka,Bengaluru Urban,Acute Diarrhoeal Disease,2021,26,109,0
Karnataka,Bengaluru Urban,Acute Diarrhoeal Disease,2021,27,109,0
Karnataka,Bengaluru Urban,Acute Diarrhoeal Disease,2021,28,138,0
Karnataka,Bengaluru Urban,Acute Diarrhoeal Disease,2021,29,143,0
Karnataka,Bengaluru Urban,Acute Diarrhoeal Disease,2021,30,138,0
Karnataka,Bengaluru Urban,Acute Diarrhoeal Disease,2021,31,120,0
Karnataka,Bengaluru Urban,Acute Diarrhoeal Disease,2021,32,142,0
Karnataka,Bengaluru Urban,Acute Diarrhoeal Disease,2021,33,169,0
Karnataka,Bengaluru Urban,Acute Diarrhoeal Disease,2021,34,156,0
Karnataka,Bengaluru Urban,Acute Diarrhoeal Disease,2021,35,171,2
Karnataka,Bengaluru Urban,Acute Diarrhoeal Disease,2021,36,185,0
Karnataka,Bengaluru Urban,Acute Diarrhoeal Disease,2021,37,187,0
Karnataka,Bengaluru Urban,Acute Diarrhoeal Disease,2021,38,167,0
Karnataka,Bengaluru Urban,Acute Diarrhoeal Disease,2021,39,170,0
Karnataka,Bengaluru Urban,Acute Diarrhoeal Disease,2021,40,187,0
Karnataka,Bengaluru Urban,Acute Diarrhoeal Disease,2021,41,180,0
Karnataka,Bengaluru Urban,Acute Diarrhoeal Disease,2021,42,188,0
Karnataka,Bengaluru Urban,Acute Diarrhoeal Disease,2021,43,150,0
Karnataka,Bengaluru Urban,Acute Diarrhoeal Disease,2021,44,167,0
Karnataka,Bengaluru Urban,Acute Diarrhoeal Disease,2021,45,154,0
Karnataka,Bengaluru Urban,Acute Diarrhoeal Disease,2021,46,131,0
Karnataka,Bengaluru Urban,Acute Diarrhoeal Disease,2021,47,102,0
Karnataka,Bengaluru Urban,Acute Diarrhoeal Disease,2021,48,116,0
Karnataka,Bengaluru Urban,Acute Diarrhoeal Disease,2021,49,119,0
Karnataka,Bengaluru Urban,Acute Diarrhoeal Disease,2021,50,83,0
Karnataka,Bengaluru Urban,Acute Diarrhoeal Disease,2021,51,79,0
Karnataka,Bengaluru Urban,Acute Diarrhoeal Disease,2021,52,86,0
Karnataka,Bengaluru Urban,Acute Diarrhoeal Disease,2022,1,91,0
Karnataka,Bengaluru Urban,Acute Diarrhoeal Disease,2022,2,60,0
Karnataka,Bengaluru Urban,Acute Diarrhoeal Disease,2022,3,58,0
Karnataka,Bengaluru Urban,Acute Diarrhoeal Disease,2022,4,32,0
Karnataka,Bengaluru Urban,Acute Diarrhoeal Disease,2022,5,44,0
Karnataka,Bengaluru Urban,Acute Diarrhoeal Disease,2022,6,59,0
Karnataka,Bengaluru Urban,Acute Diarrhoeal Disease,2022,7,49,0
Karnataka,Bengaluru Urban,Acute Diarrhoeal Disease,2022,8,25,0
Karnataka,Bengaluru Urban,Acute Diarrhoeal Disease,2022,9,20,0
Karnataka,Bengaluru Urban,Acute Diarrhoeal Disease,2022,10,35,0
Karnataka,Bengaluru Urban,Acute Diarrhoeal Disease,2022,11,25,0
Karnataka,Bengaluru Urban,Acute Diarrhoeal Disease,2022,12,45,0
Karnataka,Bengaluru Urban,Acute Diarrhoeal Disease,2022,13,27,0
Karnataka,Bengaluru Urban,Acute Diarrhoeal Disease,2022,14,41,0
Karnataka,Bengaluru Urban,Acute Diarrhoeal Disease,2022,15,22,0
Karnataka,Bengaluru Urban,Acute Diarrhoeal Disease,2022,16,25,0
Karnataka,Bengaluru Urban,Acute Diarrhoeal Disease,2022,17,35,0
Karnataka,Bengaluru Urban,Acute Diarrhoeal Disease,2022,18,29,0
Karnataka,Bengaluru Urban,Acute Diarrhoeal Disease,2022,19,35,0
Karnataka,Bengaluru Urban,Acute Diarrhoeal Disease,2022,20,50,0
Karnataka,Bengaluru Urban,Acute Diarrhoeal Disease,2022,21,46,0
Karnataka,Bengaluru Urban,Acute Diarrhoeal Disease,2022,22,84,0
Karnataka,Bengaluru Urban,Acute Diarrhoeal Disease,2022,23,61,0
Karnataka,Bengaluru Urban,Acute Diarrhoeal Disease,2022,24,92,2
Karnataka,Bengaluru Urban,Acute Diarrhoeal Disease,2022,25,84,0
Karnataka,Bengaluru Urban,Acute Diarrhoeal Disease,2022,26,117,0
Karnataka,Bengaluru Urban,Acute Diarrhoeal Disease,2022,27,108,0
Karnataka,Bengaluru Urban,Acute Diarrhoeal Disease,2022,28,124,0
Karnataka,Bengaluru Urban,Acute Diarrhoeal Disease,2022,29,138,0
Karnataka,Bengaluru Urban,Acute Diarrhoeal Disease,2022,30,119,0
Karnataka,Bengaluru Urban,Acute Diarrhoeal Disease,2022,31,126,0
Karnataka,Bengaluru Urban,Acute Diarrhoeal Disease,2022,32,138,0
Karnataka,Bengaluru Urban,Acute Diarrhoeal Disease,2022,33,138,0
Karnataka,Bengaluru Urban,Acute Diarrhoeal Disease,2022,34,173,0
Karnataka,Bengaluru Urban,Acute Diarrhoeal Disease,2022,35,150,0
Karnataka,Bengaluru Urban,Acute Diarrhoeal Disease,2022,36,180,1
Karnataka,Bengaluru Urban,Acute Diarrhoeal Disease,2022,37,178,0
Karnataka,Bengaluru Urban,Acute Diarrhoeal Disease,2022,38,191,0
Karnataka,Bengaluru Urban,Acute Diarrhoeal Disease,2022,39,168,0
Karnataka,Bengaluru Urban,Acute Diarrhoeal Disease,2022,40,163,0
Karnataka,Bengaluru Urban,Acute Diarrhoeal Disease,2022,41,180,1
Karnataka,Bengaluru Urban,Acute Diarrhoeal Disease,2022,42,181,0
Karnataka,Bengaluru Urban,Acute Diarrhoeal Disease,2022,43,155,0
Karnataka,Bengaluru Urban,Acute Diarrhoeal Disease,2022,44,146,0
Karnataka,Bengaluru Urban,Acute Diarrhoeal Disease,2022,45,148,0
Karnataka,Bengaluru Urban,Acute Diarrhoeal Disease,2022,46,133,0
Karnataka,Bengaluru Urban,Acute Diarrhoeal Disease,2022,47,148,0
Karnataka,Bengaluru Urban,Acute Diarrhoeal Disease,2022,48,135,0
Karnataka,Bengaluru Urban,Acute Diarrhoeal Disease,2022,49,112,0
Karnataka,Bengaluru Urban,Acute Diarrhoeal Disease,2022,50,122,0
Karnataka,Bengaluru Urban,Acute Diarrhoeal Disease,2022,51,78,0
Karnataka,Bengaluru Urban,Acute Diarrhoeal Disease,2022,52,76,0
Karnataka,Bengaluru Urban,Acute Diarrhoeal Disease,2023,1,70,0
Karnataka,Bengaluru Urban,Acute Diarrhoeal Disease,2023,2,62,0
Karnataka,Bengaluru Urban,Acute Diarrhoeal Disease,2023,3,52,0
Karnataka,Bengaluru Urban,Acute Diarrhoeal Disease,2023,4,44,0
Karnataka,Bengaluru Urban,Acute Diarrhoeal Disease,2023,5,40,0
Karnataka,Bengaluru Urban,Acute Diarrhoeal Disease,2023,6,64,0
Karnataka,Bengaluru Urban,Acute Diarrhoeal Disease,2023,7,47,0
Karnataka,Bengaluru Urban,Acute Diarrhoeal Disease,2023,8,7,0
Karnataka,Bengaluru Urban,Acute Diarrhoeal Disease,2023,9,41,0
Karnataka,Bengaluru Urban,Acute Diarrhoeal Disease,2023,10,17,0
Karnataka,Bengaluru Urban,Acute Diarrhoeal Disease,2023,11,32,0
Karnataka,Bengaluru Urban,Acute Diarrhoeal Disease,2023,12,28,0
Karnataka,Bengaluru Urban,Acute Diarrhoeal Disease,2023,13,35,0
Karnataka,Bengaluru Urban,Acute Diarrhoeal Disease,2023,14,33,0
Karnataka,Bengaluru Urban,Acute Diarrhoeal Disease,2023,15,26,0
Karnataka,Bengaluru Urban,Acute Diarrhoeal Disease,2023,16,30,0
Karnataka,Bengaluru Urban,Acute Diarrhoeal Disease,2023,17,32,0
Karnataka,Bengaluru Urban,Acute Diarrhoeal Disease,2023,18,42,0
Karnataka,Bengaluru Urban,Acute Diarrhoeal Disease,2023,19,39,0
Karnataka,Bengaluru Urban,Acute Diarrhoeal Disease,2023,20,57,0
Karnataka,Bengaluru Urban,Acute Diarrhoeal Disease,2023,21,63,2
Karnataka,Bengaluru Urban,Acute Diarrhoeal Disease,2023,22,66,0
Karnataka,Bengaluru Urban,Acute Diarrhoeal Disease,2023,23,88,0
Karnataka,Bengaluru Urban,Acute Diarrhoeal Disease,2023,24,95,0
Karnataka,Bengaluru Urban,Acute Diarrhoeal Disease,2023,25,79,0
Karnataka,Bengaluru Urban,Acute Diarrhoeal Disease,2023,26,107,0
Karnataka,Bengaluru Urban,Acute Diarrhoeal Disease,2023,27,111,0
Karnataka,Bengaluru Urban,Acute Diarrhoeal Disease,2023,28,123,0
Karnataka,Bengaluru Urban,Acute Diarrhoeal Disease,2023,29,127,0
Karnataka,Bengaluru Urban,Acute Diarrhoeal Disease,2023,30,152,0
Karnataka,Bengaluru Urban,Acute Diarrhoeal Disease,2023,31,158,0
Karnataka,Bengaluru Urban,Acute Diarrhoeal Disease,2023,32,172,0
Karnataka,Bengaluru Urban,Acute Diarrhoeal Disease,2023,33,154,0
Karnataka,Bengaluru Urban,Acute Diarrhoeal Disease,2023,34,178,0
Karnataka,Bengaluru Urban,Acute Diarrhoeal Disease,2023,35,169,0
Karnataka,Bengaluru Urban,Acute Diarrhoeal Disease,2023,36,187,0
Karnataka,Bengaluru Urban,Acute Diarrhoeal Disease,2023,37,190,0
Karnataka,Bengaluru Urban,Acute Diarrhoeal Disease,2023,38,168,0
Karnataka,Bengaluru Urban,Acute Diarrhoeal Disease,2023,39,188,0
Karnataka,Bengaluru Urban,Acute Diarrhoeal Disease,2023,40,133,0
Karnataka,Bengaluru Urban,Acute Diarrhoeal Disease,2023,41,188,0
Karnataka,Bengaluru Urban,Acute Diarrhoeal Disease,2023,42,173,0
Karnataka,Bengaluru Urban,Acute Diarrhoeal Disease,2023,43,0,0
Karnataka,Bengaluru Urban,Acute Diarrhoeal Disease,2023,44,147,0
Karnataka,Bengaluru Urban,Acute Diarrhoeal Disease,2023,45,147,0
Karnataka,Bengaluru Urban,Acute Diarrhoeal Disease,2023,46,155,0
Karnataka,Bengaluru Urban,Acute Diarrhoeal Disease,2023,47,0,0
Karnataka,Bengaluru Urban,Acute Diarrhoeal Disease,2023,48,119,0
Karnataka,Bengaluru Urban,Acute Diarrhoeal Disease,2023,49,114,0
Karnataka,Bengaluru Urban,Acute Diarrhoeal Disease,2023,50,90,0
Karnataka,Bengaluru Urban,Acute Diarrhoeal Disease,2023,51,113,0
Karnataka,Bengaluru Urban,Acute Diarrhoeal Disease,2023,52,66,0
Karnataka,Bengaluru Urban,Acute Diarrhoeal Disease,2024,1,67,0
Karnataka,Bengaluru Urban,Acute Diarrhoeal Disease,2024,2,68,0
Karnataka,Bengaluru Urban,Acute Diarrhoeal Disease,2024,3,37,0
Karnataka,Bengaluru Urban,Acute Diarrhoeal Disease,2024,4,59,0
Karnataka,Bengaluru Urban,Acute Diarrhoeal Disease,2024,5,39,0
Karnataka,Bengaluru Urban,Acute Diarrhoeal Disease,2024,6,44,0
Karnataka,Bengaluru Urban,Acute Diarrhoeal Disease,2024,7,35,0
Karnataka,Bengaluru Urban,Acute Diarrhoeal Disease,2024,8,29,0
Karnataka,Bengaluru Urban,Acute Diarrhoeal Disease,2024,9,33,0
Karnataka,Bengaluru Urban,Acute Diarrhoeal Disease,2024,10,26,0
Karnataka,Bengaluru Urban,Acute Diarrhoeal Disease,2024,11,27,0
Karnataka,Bengaluru Urban,Acute Diarrhoeal Disease,2024,12,19,0
Karnataka,Bengaluru Urban,Acute Diarrhoeal Disease,2024,13,0,0
Karnataka,Bengaluru Urban,Acute Diarrhoeal Disease,2024,14,22,0
Karnataka,Bengaluru Urban,Acute Diarrhoeal Disease,2024,15,44,0
Karnataka,Bengaluru Urban,Acute Diarrhoeal Disease,2024,16,14,0
Karnataka,Bengaluru Urban,Acute Diarrhoeal Disease,2024,17,37,0
Karnataka,Bengaluru Urban,Acute Diarrhoeal Disease,2024,18,38,0
Karnataka,Bengaluru Urban,Acute Diarrhoeal Disease,2024,19,35,0
Karnataka,Bengaluru Urban,Acute Diarrhoeal Disease,2024,20,48,0
Karnataka,Bengaluru Urban,Acute Diarrhoeal Disease,2024,21,39,0
Karnataka,Bengaluru Urban,Acute Diarrhoeal Disease,2024,22,75,0
Karnataka,Bengaluru Urban,Acute Diarrhoeal Disease,2024,23,71,0
Karnataka,Bengaluru Urban,Acute Diarrhoeal Disease,2024,24,92,0
Karnataka,Bengaluru Urban,Acute Diarrhoeal Disease,2024,25,99,0
Karnataka,Bengaluru Urban,Acute Diarrhoeal Disease,2024,26,93,0
Karnataka,Bengaluru Urban,Acute Diarrhoeal Disease,2024,27,106,0
Karnataka,Bengaluru Urban,Acute Diarrhoeal Disease,2024,28,124,0
Karnataka,Bengaluru Urban,Acute Diarrhoeal Disease,2024,29,140,0
Karnataka,Bengaluru Urban,Acute Diarrhoeal Disease,2024,30,123,1
Karnataka,Bengaluru Urban,Acute Diarrhoeal Disease,2024,31,157,0
Karnataka,Bengaluru Urban,Acute Diarrhoeal Disease,2024,32,153,0
Karnataka,Bengaluru Urban,Acute Diarrhoeal Disease,2024,33,168,0
Karnataka,Bengaluru Urban,Acute Diarrhoeal Disease,2024,34,166,0
Karnataka,Bengaluru Urban,Acute Diarrhoeal Disease,2024,35,133,0
Karnataka,Bengaluru Urban,Acute Diarrhoeal Disease,2024,36,161,0
Karnataka,Bengaluru Urban,Acute Diarrhoeal Disease,2024,37,186,0
Karnataka,Bengaluru Urban,Acute Diarrhoeal Disease,2024,38,177,0
Karnataka,Bengaluru Urban,Acute Diarrhoeal Disease,2024,39,188,0
Karnataka,Bengaluru Urban,Acute Diarrhoeal Disease,2024,40,157,0
Karnataka,Bengaluru Urban,Acute Diarrhoeal Disease,2024,41,180,0
Karnataka,Bengaluru Urban,Acute Diarrhoeal Disease,2024,42,163,0
Karnataka,Bengaluru Urban,Acute Diarrhoeal Disease,2024,43,148,0
Karnataka,Bengaluru Urban,Acute Diarrhoeal Disease,2024,44,159,0
Karnataka,Bengaluru Urban,Acute Diarrhoeal Disease,2024,45,138,0
Karnataka,Bengaluru Urban,Acute Diarrhoeal Disease,2024,46,135,0
Karnataka,Bengaluru Urban,Acute Diarrhoeal Disease,2024,47,117,0
Karnataka,Bengaluru Urban,Acute Diarrhoeal Disease,2024,48,115,0
Karnataka,Bengaluru Urban,Acute Diarrhoeal Disease,2024,49,95,0
Karnataka,Bengaluru Urban,Acute Diarrhoeal Disease,2024,50,116,0
Karnataka,Bengaluru Urban,Acute Diarrhoeal Disease,2024,51,113,0
Karnataka,Bengaluru Urban,Acute Diarrhoeal Disease,2024,52,81,0
Karnataka,Mysuru,Dengue,2017,1,10,0
Karnataka,Mysuru,Dengue,2017,2,8,0
Karnataka,Mysuru,Dengue,2017,3,4,0
Karnataka,Mysuru,Dengue,2017,4,3,0
Karnataka,Mysuru,Dengue,2017,5,4,0
Karnataka,Mysuru,Dengue,2017,6,3,0
Karnataka,Mysuru,Dengue,2017,7,0,0
Karnataka,Mysuru,Dengue,2017,8,1,1
Karnataka,Mysuru,Dengue,2017,9,2,0
Karnataka,Mysuru,Dengue,2017,10,2,0
Karnataka,Mysuru,Dengue,2017,11,3,0
Karnataka,Mysuru,Dengue,2017,12,0,0
Karnataka,Mysuru,Dengue,2017,13,1,0
Karnataka,Mysuru,Dengue,2017,14,1,0
Karnataka,Mysuru,Dengue,2017,15,0,0
Karnataka,Mysuru,Dengue,2017,16,8,0
Karnataka,Mysuru,Dengue,2017,17,1,0
Karnataka,Mysuru,Dengue,2017,18,14,0
Karnataka,Mysuru,Dengue,2017,19,10,0
Karnataka,Mysuru,Dengue,2017,20,14,0
Karnataka,Mysuru,Dengue,2017,21,15,0
Karnataka,Mysuru,Dengue,2017,22,17,0
Karnataka,Mysuru,Dengue,2017,23,22,0
Karnataka,Mysuru,Dengue,2017,24,18,0
Karnataka,Mysuru,Dengue,2017,25,21,0
Karnataka,Mysuru,Dengue,2017,26,27,0
Karnataka,Mysuru,Dengue,2017,27,0,0
Karnataka,Mysuru,Dengue,2017,28,29,0
Karnataka,Mysuru,Dengue,2017,29,37,1
Karnataka,Mysuru,Dengue,2017,30,40,2
Karnataka,Mysuru,Dengue,2017,31,40,0
Karnataka,Mysuru,Dengue,2017,32,39,0
Karnataka,Mysuru,Dengue,2017,33,37,0
Karnataka,Mysuru,Dengue,2017,34,40,0
Karnataka,Mysuru,Dengue,2017,35,40,0
Karnataka,Mysuru,Dengue,2017,36,35,0
Karnataka,Mysuru,Dengue,2017,37,42,0
Karnataka,Mysuru,Dengue,2017,38,40,1
Karnataka,Mysuru,Dengue,2017,39,46,0
Karnataka,Mysuru,Dengue,2017,40,36,0
Karnataka,Mysuru,Dengue,2017,41,35,0
Karnataka,Mysuru,Dengue,2017,42,36,0
Karnataka,Mysuru,Dengue,2017,43,38,0
Karnataka,Mysuru,Dengue,2017,44,35,0
Karnataka,Mysuru,Dengue,2017,45,31,0
Karnataka,Mysuru,Dengue,2017,46,25,0
Karnataka,Mysuru,Dengue,2017,47,26,0
Karnataka,Mysuru,Dengue,2017,48,27,0
Karnataka,Mysuru,Dengue,2017,49,21,0
Karnataka,Mysuru,Dengue,2017,50,18,0
Karnataka,Mysuru,Dengue,2017,51,19,0
Karnataka,Mysuru,Dengue,2017,52,0,0
Karnataka,Mysuru,Dengue,2018,1,9,0
Karnataka,Mysuru,Dengue,2018,2,9,0
Karnataka,Mysuru,Dengue,2018,3,10,0
Karnataka,Mysuru,Dengue,2018,4,9,0
Karnataka,Mysuru,Dengue,2018,5,5,0
Karnataka,Mysuru,Dengue,2018,6,0,0
Karnataka,Mysuru,Dengue,2018,7,0,0
Karnataka,Mysuru,Dengue,2018,8,0,0
Karnataka,Mysuru,Dengue,2018,9,3,0
Karnataka,Mysuru,Dengue,2018,10,1,0
Karnataka,Mysuru,Dengue,2018,11,0,0
Karnataka,Mysuru,Dengue,2018,12,0,0
Karnataka,Mysuru,Dengue,2018,13,0,0
Karnataka,Mysuru,Dengue,2018,14,0,0
Karnataka,Mysuru,Dengue,2018,15,5,0
Karnataka,Mysuru,Dengue,2018,16,3,0
Karnataka,Mysuru,Dengue,2018,17,6,0
Karnataka,Mysuru,Dengue,2018,18,12,0
Karnataka,Mysuru,Dengue,2018,19,11,0
Karnataka,Mysuru,Dengue,2018,20,13,0
Karnataka,Mysuru,Dengue,2018,21,14,0
Karnataka,Mysuru,Dengue,2018,22,18,0
Karnataka,Mysuru,Dengue,2018,23,21,0
Karnataka,Mysuru,Dengue,2018,24,22,0
Karnataka,Mysuru,Dengue,2018,25,0,0
Karnataka,Mysuru,Dengue,2018,26,27,0
Karnataka,Mysuru,Dengue,2018,27,28,0
Karnataka,Mysuru,Dengue,2018,28,33,1
Karnataka,Mysuru,Dengue,2018,29,33,0
Karnataka,Mysuru,Dengue,2018,30,34,0
Karnataka,Mysuru,Dengue,2018,31,36,0
Karnataka,Mysuru,Dengue,2018,32,0,0
Karnataka,Mysuru,Dengue,2018,33,37,0
Karnataka,Mysuru,Dengue,2018,34,46,1
Karnataka,Mysuru,Dengue,2018,35,43,0
Karnataka,Mysuru,Dengue,2018,36,40,0
Karnataka,Mysuru,Dengue,2018,37,44,0
Karnataka,Mysuru,Dengue,2018,38,43,0
Karnataka,Mysuru,Dengue,2018,39,37,0
Karnataka,Mysuru,Dengue,2018,40,34,0
Karnataka,Mysuru,Dengue,2018,41,40,0
Karnataka,Mysuru,Dengue,2018,42,35,0
Karnataka,Mysuru,Dengue,2018,43,35,0
Karnataka,Mysuru,Dengue,2018,44,34,0
Karnataka,Mysuru,Dengue,2018,45,29,0
Karnataka,Mysuru,Dengue,2018,46,28,0
Karnataka,Mysuru,Dengue,2018,47,22,0
Karnataka,Mysuru,Dengue,2018,48,25,0
Karnataka,Mysuru,Dengue,2018,49,22,0
Karnataka,Mysuru,Dengue,2018,50,15,0
Karnataka,Mysuru,Dengue,2018,51,13,0
Karnataka,Mysuru,Dengue,2018,52,10,1
Karnataka,Mysuru,Dengue,2019,1,8,0
Karnataka,Mysuru,Dengue,2019,2,6,0
Karnataka,Mysuru,Dengue,2019,3,4,0
Karnataka,Mysuru,Dengue,2019,4,5,0
Karnataka,Mysuru,Dengue,2019,5,8,0
Karnataka,Mysuru,Dengue,2019,6,1,0
Karnataka,Mysuru,Dengue,2019,7,0,0
Karnataka,Mysuru,Dengue,2019,8,2,0
Karnataka,Mysuru,Dengue,2019,9,3,0
Karnataka,Mysuru,Dengue,2019,10,0,0
Karnataka,Mysuru,Dengue,2019,11,1,0
Karnataka,Mysuru,Dengue,2019,12,0,0
Karnataka,Mysuru,Dengue,2019,13,1,0
Karnataka,Mysuru,Dengue,2019,14,8,0
Karnataka,Mysuru,Dengue,2019,15,1,0
Karnataka,Mysuru,Dengue,2019,16,2,1
Karnataka,Mysuru,Dengue,2019,17,1,0
Karnataka,Mysuru,Dengue,2019,18,4,0
Karnataka,Mysuru,Dengue,2019,19,8,0
Karnataka,Mysuru,Dengue,2019,20,9,0
Karnataka,Mysuru,Dengue,2019,21,12,0
Karnataka,Mysuru,Dengue,2019,22,20,0
Karnataka,Mysuru,Dengue,2019,23,21,0
Karnataka,Mysuru,Dengue,2019,24,23,0
Karnataka,Mysuru,Dengue,2019,25,21,0
Karnataka,Mysuru,Dengue,2019,26,29,0
Karnataka,Mysuru,Dengue,2019,27,27,0
Karnataka,Mysuru,Dengue,2019,28,31,0
Karnataka,Mysuru,Dengue,2019,29,30,0
Karnataka,Mysuru,Dengue,2019,30,39,0
Karnataka,Mysuru,Dengue,2019,31,40,0
Karnataka,Mysuru,Dengue,2019,32,36,0
Karnataka,Mysuru,Dengue,2019,33,41,0
Karnataka,Mysuru,Dengue,2019,34,43,0
Karnataka,Mysuru,Dengue,2019,35,44,0
Karnataka,Mysuru,Dengue,2019,36,43,0
Karnataka,Mysuru,Dengue,2019,37,40,0
Karnataka,Mysuru,Dengue,2019,38,39,0
Karnataka,Mysuru,Dengue,2019,39,43,0
Karnataka,Mysuru,Dengue,2019,40,36,0
Karnataka,Mysuru,Dengue,2019,41,39,0
Karnataka,Mysuru,Dengue,2019,42,39,0
Karnataka,Mysuru,Dengue,2019,43,35,0
Karnataka,Mysuru,Dengue,2019,44,31,0
Karnataka,Mysuru,Dengue,2019,45,30,0
Karnataka,Mysuru,Dengue,2019,46,33,0
Karnataka,Mysuru,Dengue,2019,47,27,0
Karnataka,Mysuru,Dengue,2019,48,24,0
Karnataka,Mysuru,Dengue,2019,49,19,0
Karnataka,Mysuru,Dengue,2019,50,18,0
Karnataka,Mysuru,Dengue,2019,51,15,0
Karnataka,Mysuru,Dengue,2019,52,14,0
Karnataka,Mysuru,Dengue,2020,1,15,0
Karnataka,Mysuru,Dengue,2020,2,9,0
Karnataka,Mysuru,Dengue,2020,3,9,2
Karnataka,Mysuru,Dengue,2020,4,0,0
Karnataka,Mysuru,Dengue,2020,5,7,0
Karnataka,Mysuru,Dengue,2020,6,0,0
Karnataka,Mysuru,Dengue,2020,7,0,0
Karnataka,Mysuru,Dengue,2020,8,0,0
Karnataka,Mysuru,Dengue,2020,9,0,0
Karnataka,Mysuru,Dengue,2020,10,0,0
Karnataka,Mysuru,Dengue,2020,11,1,0
Karnataka,Mysuru,Dengue,2020,12,0,0
Karnataka,Mysuru,Dengue,2020,13,1,0
Karnataka,Mysuru,Dengue,2020,14,0,0
Karnataka,Mysuru,Dengue,2020,15,4,0
Karnataka,Mysuru,Dengue,2020,16,4,0
Karnataka,Mysuru,Dengue,2020,17,11,0
Karnataka,Mysuru,Dengue,2020,18,13,0
Karnataka,Mysuru,Dengue,2020,19,12,0
Karnataka,Mysuru,Dengue,2020,20,15,0
Karnataka,Mysuru,Dengue,2020,21,19,0
Karnataka,Mysuru,Dengue,2020,22,22,0
Karnataka,Mysuru,Dengue,2020,23,20,0
Karnataka,Mysuru,Dengue,2020,24,0,0
Karnataka,Mysuru,Dengue,2020,25,26,0
Karnataka,Mysuru,Dengue,2020,26,28,0
Karnataka,Mysuru,Dengue,2020,27,32,0
Karnataka,Mysuru,Dengue,2020,28,29,0
Karnataka,Mysuru,Dengue,2020,29,33,0
Karnataka,Mysuru,Dengue,2020,30,33,0
Karnataka,Mysuru,Dengue,2020,31,37,0
Karnataka,Mysuru,Dengue,2020,32,38,0
Karnataka,Mysuru,Dengue,2020,33,43,0
Karnataka,Mysuru,Dengue,2020,34,38,0
Karnataka,Mysuru,Dengue,2020,35,44,0
Karnataka,Mysuru,Dengue,2020,36,43,0
Karnataka,Mysuru,Dengue,2020,37,40,0
Karnataka,Mysuru,Dengue,2020,38,42,0
Karnataka,Mysuru,Dengue,2020,39,40,0
Karnataka,Mysuru,Dengue,2020,40,38,0
Karnataka,Mysuru,Dengue,2020,41,41,0
Karnataka,Mysuru,Dengue,2020,42,36,0
Karnataka,Mysuru,Dengue,2020,43,33,0
Karnataka,Mysuru,Dengue,2020,44,0,0
Karnataka,Mysuru,Dengue,2020,45,0,0
Karnataka,Mysuru,Dengue,2020,46,27,0
Karnataka,Mysuru,Dengue,2020,47,27,0
Karnataka,Mysuru,Dengue,2020,48,22,0
Karnataka,Mysuru,Dengue,2020,49,24,0
Karnataka,Mysuru,Dengue,2020,50,18,0
Karnataka,Mysuru,Dengue,2020,51,18,0
Karnataka,Mysuru,Dengue,2020,52,14,0
Karnataka,Mysuru,Dengue,2021,1,13,0
Karnataka,Mysuru,Dengue,2021,2,8,0
Karnataka,Mysuru,Dengue,2021,3,2,0
Karnataka,Mysuru,Dengue,2021,4,8,0
Karnataka,Mysuru,Dengue,2021,5,1,0
Karnataka,Mysuru,Dengue,2021,6,4,0
Karnataka,Mysuru,Dengue,2021,7,0,0
Karnataka,Mysuru,Dengue,2021,8,0,0
Karnataka,Mysuru,Dengue,2021,9,1,0
Karnataka,Mysuru,Dengue,2021,10,0,0
Karnataka,Mysuru,Dengue,2021,11,3,0
Karnataka,Mysuru,Dengue,2021,12,1,0
Karnataka,Mysuru,Dengue,2021,13,3,0
Karnataka,Mysuru,Dengue,2021,14,4,0
Karnataka,Mysuru,Dengue,2021,15,4,0
Karnataka,Mysuru,Dengue,2021,16,1,0
Karnataka,Mysuru,Dengue,2021,17,3,0
Karnataka,Mysuru,Dengue,2021,18,9,0
Karnataka,Mysuru,Dengue,2021,19,10,0
Karnataka,Mysuru,Dengue,2021,20,16,0
Karnataka,Mysuru,Dengue,2021,21,17,0
Karnataka,Mysuru,Dengue,2021,22,20,0
Karnataka,Mysuru,Dengue,2021,23,19,2
Karnataka,Mysuru,Dengue,2021,24,26,0
Karnataka,Mysuru,Dengue,2021,25,23,0
Karnataka,Mysuru,Dengue,2021,26,26,0
Karnataka,Mysuru,Dengue,2021,27,27,0
Karnataka,Mysuru,Dengue,2021,28,32,0
Karnataka,Mysuru,Dengue,2021,29,35,0
Karnataka,Mysuru,Dengue,2021,30,34,0
Karnataka,Mysuru,Dengue,2021,31,39,0
Karnataka,Mysuru,Dengue,2021,32,40,1
Karnataka,Mysuru,Dengue,2021,33,33,0
Karnataka,Mysuru,Dengue,2021,34,41,1
Karnataka,Mysuru,Dengue,2021,35,35,0
Karnataka,Mysuru,Dengue,2021,36,46,0
Karnataka,Mysuru,Dengue,2021,37,42,0
Karnataka,Mysuru,Dengue,2021,38,42,0
Karnataka,Mysuru,Dengue,2021,39,41,0
Karnataka,Mysuru,Dengue,2021,40,36,0
Karnataka,Mysuru,Dengue,2021,41,39,0
Karnataka,Mysuru,Dengue,2021,42,35,0
Karnataka,Mysuru,Dengue,2021,43,36,0
Karnataka,Mysuru,Dengue,2021,44,32,0
Karnataka,Mysuru,Dengue,2021,45,30,0
Karnataka,Mysuru,Dengue,2021,46,34,0
Karnataka,Mysuru,Dengue,2021,47,26,0
Karnataka,Mysuru,Dengue,2021,48,23,0
Karnataka,Mysuru,Dengue,2021,49,22,0
Karnataka,Mysuru,Dengue,2021,50,21,0
Karnataka,Mysuru,Dengue,2021,51,13,0
Karnataka,Mysuru,Dengue,2021,52,11,0
Karnataka,Mysuru,Dengue,2022,1,9,0
Karnataka,Mysuru,Dengue,2022,2,10,0
Karnataka,Mysuru,Dengue,2022,3,7,0
Karnataka,Mysuru,Dengue,2022,4,6,0
Karnataka,Mysuru,Dengue,2022,5,1,0
Karnataka,Mysuru,Dengue,2022,6,1,0
Karnataka,Mysuru,Dengue,2022,7,1,0
Karnataka,Mysuru,Dengue,2022,8,1,0
Karnataka,Mysuru,Dengue,2022,9,1,0
Karnataka,Mysuru,Dengue,2022,10,0,0
Karnataka,Mysuru,Dengue,2022,11,0,0
Karnataka,Mysuru,Dengue,2022,12,0,0
Karnataka,Mysuru,Dengue,2022,13,0,0
Karnataka,Mysuru,Dengue,2022,14,8,0
Karnataka,Mysuru,Dengue,2022,15,5,0
Karnataka,Mysuru,Dengue,2022,16,1,0
Karnataka,Mysuru,Dengue,2022,17,4,0
Karnataka,Mysuru,Dengue,2022,18,11,0
Karnataka,Mysuru,Dengue,2022,19,7,1
Karnataka,Mysuru,Dengue,2022,20,12,0
Karnataka,Mysuru,Dengue,2022,21,19,0
Karnataka,Mysuru,Dengue,2022,22,20,0
Karnataka,Mysuru,Dengue,2022,23,19,0
Karnataka,Mysuru,Dengue,2022,24,21,0
Karnataka,Mysuru,Dengue,2022,25,28,0
Karnataka,Mysuru,Dengue,2022,26,0,0
Karnataka,Mysuru,Dengue,2022,27,0,0
Karnataka,Mysuru,Dengue,2022,28,33,0
Karnataka,Mysuru,Dengue,2022,29,37,0
Karnataka,Mysuru,Dengue,2022,30,35,0
Karnataka,Mysuru,Dengue,2022,31,39,0
Karnataka,Mysuru,Dengue,2022,32,39,0
Karnataka,Mysuru,Dengue,2022,33,34,0
Karnataka,Mysuru,Dengue,2022,34,42,0
Karnataka,Mysuru,Dengue,2022,35,42,0
Karnataka,Mysuru,Dengue,2022,36,39,0
Karnataka,Mysuru,Dengue,2022,37,41,0
Karnataka,Mysuru,Dengue,2022,38,44,0
Karnataka,Mysuru,Dengue,2022,39,42,0
Karnataka,Mysuru,Dengue,2022,40,38,2
Karnataka,Mysuru,Dengue,2022,41,37,1
Karnataka,Mysuru,Dengue,2022,42,38,0
Karnataka,Mysuru,Dengue,2022,43,36,0
Karnataka,Mysuru,Dengue,2022,44,33,0
Karnataka,Mysuru,Dengue,2022,45,30,0
Karnataka,Mysuru,Dengue,2022,46,27,0
Karnataka,Mysuru,Dengue,2022,47,26,0
Karnataka,Mysuru,Dengue,2022,48,23,0
Karnataka,Mysuru,Dengue,2022,49,22,0
Karnataka,Mysuru,Dengue,2022,50,19,0
Karnataka,Mysuru,Dengue,2022,51,10,0
Karnataka,Mysuru,Dengue,2022,52,15,0
Karnataka,Mysuru,Dengue,2023,1,9,0
Karnataka,Mysuru,Dengue,2023,2,6,0
Karnataka,Mysuru,Dengue,2023,3,10,0
Karnataka,Mysuru,Dengue,2023,4,5,0
Karnataka,Mysuru,Dengue,2023,5,0,0
Karnataka,Mysuru,Dengue,2023,6,3,0
Karnataka,Mysuru,Dengue,2023,7,1,0
Karnataka,Mysuru,Dengue,2023,8,3,0
Karnataka,Mysuru,Dengue,2023,9,0,0
Karnataka,Mysuru,Dengue,2023,10,0,0
Karnataka,Mysuru,Dengue,2023,11,0,0
Karnataka,Mysuru,Dengue,2023,12,0,0
Karnataka,Mysuru,Dengue,2023,13,3,0
Karnataka,Mysuru,Dengue,2023,14,1,0
Karnataka,Mysuru,Dengue,2023,15,1,0
Karnataka,Mysuru,Dengue,2023,16,3,0
Karnataka,Mysuru,Dengue,2023,17,4,0
Karnataka,Mysuru,Dengue,2023,18,8,0
Karnataka,Mysuru,Dengue,2023,19,14,0
Karnataka,Mysuru,Dengue,2023,20,13,0
Karnataka,Mysuru,Dengue,2023,21,20,0
Karnataka,Mysuru,Dengue,2023,22,15,0
Karnataka,Mysuru,Dengue,2023,23,22,0
Karnataka,Mysuru,Dengue,2023,24,26,0
Karnataka,Mysuru,Dengue,2023,25,25,0
Karnataka,Mysuru,Dengue,2023,26,25,0
Karnataka,Mysuru,Dengue,2023,27,28,0
Karnataka,Mysuru,Dengue,2023,28,32,0
Karnataka,Mysuru,Dengue,2023,29,33,0
Karnataka,Mysuru,Dengue,2023,30,31,0
Karnataka,Mysuru,Dengue,2023,31,33,0
Karnataka,Mysuru,Dengue,2023,32,38,0
Karnataka,Mysuru,Dengue,2023,33,39,0
Karnataka,Mysuru,Dengue,2023,34,39,2
Karnataka,Mysuru,Dengue,2023,35,43,0
Karnataka,Mysuru,Dengue,2023,36,41,0
Karnataka,Mysuru,Dengue,2023,37,37,0
Karnataka,Mysuru,Dengue,2023,38,45,0
Karnataka,Mysuru,Dengue,2023,39,43,0
Karnataka,Mysuru,Dengue,2023,40,36,0
Karnataka,Mysuru,Dengue,2023,41,38,0
Karnataka,Mysuru,Dengue,2023,42,37,0
Karnataka,Mysuru,Dengue,2023,43,33,0
Karnataka,Mysuru,Dengue,2023,44,34,0
Karnataka,Mysuru,Dengue,2023,45,29,1
Karnataka,Mysuru,Dengue,2023,46,28,0
Karnataka,Mysuru,Dengue,2023,47,31,0
Karnataka,Mysuru,Dengue,2023,48,23,0
Karnataka,Mysuru,Dengue,2023,49,21,0
Karnataka,Mysuru,Dengue,2023,50,17,0
Karnataka,Mysuru,Dengue,2023,51,17,0
Karnataka,Mysuru,Dengue,2023,52,15,0
Karnataka,Mysuru,Dengue,2024,1,13,0
Karnataka,Mysuru,Dengue,2024,2,7,0
Karnataka,Mysuru,Dengue,2024,3,8,0
Karnataka,Mysuru,Dengue,2024,4,1,0
Karnataka,Mysuru,Dengue,2024,5,6,0
Karnataka,Mysuru,Dengue,2024,6,3,0
Karnataka,Mysuru,Dengue,2024,7,0,0
Karnataka,Mysuru,Dengue,2024,8,0,0
Karnataka,Mysuru,Dengue,2024,9,0,0
Karnataka,Mysuru,Dengue,2024,10,0,0
Karnataka,Mysuru,Dengue,2024,11,0,0
Karnataka,Mysuru,Dengue,2024,12,2,0
Karnataka,Mysuru,Dengue,2024,13,3,0
Karnataka,Mysuru,Dengue,2024,14,0,0
Karnataka,Mysuru,Dengue,2024,15,3,0
Karnataka,Mysuru,Dengue,2024,16,7,0
Karnataka,Mysuru,Dengue,2024,17,4,0
Karnataka,Mysuru,Dengue,2024,18,6,0
Karnataka,Mysuru,Dengue,2024,19,8,0
Karnataka,Mysuru,Dengue,2024,20,15,0
Karnataka,Mysuru,Dengue,2024,21,16,0
Karnataka,Mysuru,Dengue,2024,22,18,0
Karnataka,Mysuru,Dengue,2024,23,20,0
Karnataka,Mysuru,Dengue,2024,24,26,0
Karnataka,Mysuru,Dengue,2024,25,27,0
Karnataka,Mysuru,Dengue,2024,26,28,0
Karnataka,Mysuru,Dengue,2024,27,29,0
Karnataka,Mysuru,Dengue,2024,28,33,0
Karnataka,Mysuru,Dengue,2024,29,34,0
Karnataka,Mysuru,Dengue,2024,30,36,0
Karnataka,Mysuru,Dengue,2024,31,36,0
Karnataka,Mysuru,Dengue,2024,32,38,0
Karnataka,Mysuru,Dengue,2024,33,43,0
Karnataka,Mysuru,Dengue,2024,34,39,0
Karnataka,Mysuru,Dengue,2024,35,39,0
Karnataka,Mysuru,Dengue,2024,36,40,0
Karnataka,Mysuru,Dengue,2024,37,42,0
Karnataka,Mysuru,Dengue,2024,38,42,0
Karnataka,Mysuru,Dengue,2024,39,39,0
Karnataka,Mysuru,Dengue,2024,40,37,0
Karnataka,Mysuru,Dengue,2024,41,37,0
Karnataka,Mysuru,Dengue,2024,42,33,0
Karnataka,Mysuru,Dengue,2024,43,35,0
Karnataka,Mysuru,Dengue,2024,44,31,0
Karnataka,Mysuru,Dengue,2024,45,29,0
Karnataka,Mysuru,Dengue,2024,46,31,0
Karnataka,Mysuru,Dengue,2024,47,23,0
Karnataka,Mysuru,Dengue,2024,48,20,0
Karnataka,Mysuru,Dengue,2024,49,18,0
Karnataka,Mysuru,Dengue,2024,50,18,0
Karnataka,Mysuru,Dengue,2024,51,18,0
Karnataka,Mysuru,Dengue,2024,52,16,0
Karnataka,Mysuru,Malaria,2017,1,3,0
Karnataka,Mysuru,Malaria,2017,2,7,0
Karnataka,Mysuru,Malaria,2017,3,4,0
Karnataka,Mysuru,Malaria,2017,4,6,0
Karnataka,Mysuru,Malaria,2017,5,3,0
Karnataka,Mysuru,Malaria,2017,6,3,1
Karnataka,Mysuru,Malaria,2017,7,5,1
Karnataka,Mysuru,Malaria,2017,8,4,0
Karnataka,Mysuru,Malaria,2017,9,4,0
Karnataka,Mysuru,Malaria,2017,10,7,0
Karnataka,Mysuru,Malaria,2017,11,6,1
Karnataka,Mysuru,Malaria,2017,12,7,0
Karnataka,Mysuru,Malaria,2017,13,7,0
Karnataka,Mysuru,Malaria,2017,14,9,0
Karnataka,Mysuru,Malaria,2017,15,8,0
Karnataka,Mysuru,Malaria,2017,16,9,0
Karnataka,Mysuru,Malaria,2017,17,11,0
Karnataka,Mysuru,Malaria,2017,18,13,0
Karnataka,Mysuru,Malaria,2017,19,14,0
Karnataka,Mysuru,Malaria,2017,20,12,0
Karnataka,Mysuru,Malaria,2017,21,15,0
Karnataka,Mysuru,Malaria,2017,22,16,0
Karnataka,Mysuru,Malaria,2017,23,17,0
Karnataka,Mysuru,Malaria,2017,24,14,0
Karnataka,Mysuru,Malaria,2017,25,16,0
Karnataka,Mysuru,Malaria,2017,26,13,0
Karnataka,Mysuru,Malaria,2017,27,18,0
Karnataka,Mysuru,Malaria,2017,28,18,0
Karnataka,Mysuru,Malaria,2017,29,16,0
Karnataka,Mysuru,Malaria,2017,30,19,0
Karnataka,Mysuru,Malaria,2017,31,16,0
Karnataka,Mysuru,Malaria,2017,32,20,0
Karnataka,Mysuru,Malaria,2017,33,18,0
Karnataka,Mysuru,Malaria,2017,34,20,0
Karnataka,Mysuru,Malaria,2017,35,19,0
Karnataka,Mysuru,Malaria,2017,36,18,0
Karnataka,Mysuru,Malaria,2017,37,17,0
Karnataka,Mysuru,Malaria,2017,38,18,2
Karnataka,Mysuru,Malaria,2017,39,17,0
Karnataka,Mysuru,Malaria,2017,40,17,0
Karnataka,Mysuru,Malaria,2017,41,17,0
Karnataka,Mysuru,Malaria,2017,42,13,0
Karnataka,Mysuru,Malaria,2017,43,11,1
Karnataka,Mysuru,Malaria,2017,44,13,0
Karnataka,Mysuru,Malaria,2017,45,12,0
Karnataka,Mysuru,Malaria,2017,46,11,0
Karnataka,Mysuru,Malaria,2017,47,7,0
Karnataka,Mysuru,Malaria,2017,48,11,0
Karnataka,Mysuru,Malaria,2017,49,8,0
Karnataka,Mysuru,Malaria,2017,50,9,0
Karnataka,Mysuru,Malaria,2017,51,8,0
Karnataka,Mysuru,Malaria,2017,52,6,0
Karnataka,Mysuru,Malaria,2018,1,5,0
Karnataka,Mysuru,Malaria,2018,2,5,0
Karnataka,Mysuru,Malaria,2018,3,6,0
Karnataka,Mysuru,Malaria,2018,4,5,0
Karnataka,Mysuru,Malaria,2018,5,5,0
Karnataka,Mysuru,Malaria,2018,6,4,0
Karnataka,Mysuru,Malaria,2018,7,2,1
Karnataka,Mysuru,Malaria,2018,8,3,0
Karnataka,Mysuru,Malaria,2018,9,5,0
Karnataka,Mysuru,Malaria,2018,10,4,0
Karnataka,Mysuru,Malaria,2018,11,5,0
Karnataka,Mysuru,Malaria,2018,12,6,0
Karnataka,Mysuru,Malaria,2018,13,3,0
Karnataka,Mysuru,Malaria,2018,14,6,0
Karnataka,Mysuru,Malaria,2018,15,8,0
Karnataka,Mysuru,Malaria,2018,16,5,0
Karnataka,Mysuru,Malaria,2018,17,8,0
Karnataka,Mysuru,Malaria,2018,18,13,0
Karnataka,Mysuru,Malaria,2018,19,14,0
Karnataka,Mysuru,Malaria,2018,20,11,0
Karnataka,Mysuru,Malaria,2018,21,11,0
Karnataka,Mysuru,Malaria,2018,22,15,0
Karnataka,Mysuru,Malaria,2018,23,0,0
Karnataka,Mysuru,Malaria,2018,24,17,1
Karnataka,Mysuru,Malaria,2018,25,17,0
Karnataka,Mysuru,Malaria,2018,26,16,0
Karnataka,Mysuru,Malaria,2018,27,19,0
Karnataka,Mysuru,Malaria,2018,28,17,0
Karnataka,Mysuru,Malaria,2018,29,21,0
Karnataka,Mysuru,Malaria,2018,30,23,0
Karnataka,Mysuru,Malaria,2018,31,18,0
Karnataka,Mysuru,Malaria,2018,32,21,0
Karnataka,Mysuru,Malaria,2018,33,18,0
Karnataka,Mysuru,Malaria,2018,34,18,0
Karnataka,Mysuru,Malaria,2018,35,18,0
Karnataka,Mysuru,Malaria,2018,36,16,0
Karnataka,Mysuru,Malaria,2018,37,18,0
Karnataka,Mysuru,Malaria,2018,38,16,0
Karnataka,Mysuru,Malaria,2018,39,16,0
Karnataka,Mysuru,Malaria,2018,40,15,0
Karnataka,Mysuru,Malaria,2018,41,17,0
Karnataka,Mysuru,Malaria,2018,42,14,0
Karnataka,Mysuru,Malaria,2018,43,11,0
Karnataka,Mysuru,Malaria,2018,44,9,0
Karnataka,Mysuru,Malaria,2018,45,0,0
Karnataka,Mysuru,Malaria,2018,46,10,0
Karnataka,Mysuru,Malaria,2018,47,10,0
Karnataka,Mysuru,Malaria,2018,48,8,0
Karnataka,Mysuru,Malaria,2018,49,9,0
Karnataka,Mysuru,Malaria,2018,50,10,0
Karnataka,Mysuru,Malaria,2018,51,7,0
Karnataka,Mysuru,Malaria,2018,52,4,0
Karnataka,Mysuru,Malaria,2019,1,6,0
Karnataka,Mysuru,Malaria,2019,2,5,0
Karnataka,Mysuru,Malaria,2019,3,7,0
Karnataka,Mysuru,Malaria,2019,4,5,0
Karnataka,Mysuru,Malaria,2019,5,6,0
Karnataka,Mysuru,Malaria,2019,6,3,0
Karnataka,Mysuru,Malaria,2019,7,7,0
Karnataka,Mysuru,Malaria,2019,8,4,0
Karnataka,Mysuru,Malaria,2019,9,5,0
Karnataka,Mysuru,Malaria,2019,10,6,0
Karnataka,Mysuru,Malaria,2019,11,0,0
Karnataka,Mysuru,Malaria,2019,12,6,0
Karnataka,Mysuru,Malaria,2019,13,10,0
Karnataka,Mysuru,Malaria,2019,14,7,0
Karnataka,Mysuru,Malaria,2019,15,5,0
Karnataka,Mysuru,Malaria,2019,16,10,0
Karnataka,Mysuru,Malaria,2019,17,12,0
Karnataka,Mysuru,Malaria,2019,18,10,0
Karnataka,Mysuru,Malaria,2019,19,10,0
Karnataka,Mysuru,Malaria,2019,20,10,0
Karnataka,Mysuru,Malaria,2019,21,14,0
Karnataka,Mysuru,Malaria,2019,22,14,0
Karnataka,Mysuru,Malaria,2019,23,12,0
Karnataka,Mysuru,Malaria,2019,24,14,0
Karnataka,Mysuru,Malaria,2019,25,16,0
Karnataka,Mysuru,Malaria,2019,26,15,0
Karnataka,Mysuru,Malaria,2019,27,16,0
Karnataka,Mysuru,Malaria,2019,28,19,0
Karnataka,Mysuru,Malaria,2019,29,18,0
Karnataka,Mysuru,Malaria,2019,30,21,0
Karnataka,Mysuru,Malaria,2019,31,21,0
Karnataka,Mysuru,Malaria,2019,32,15,0
Karnataka,Mysuru,Malaria,2019,33,21,0
Karnataka,Mysuru,Malaria,2019,34,19,0
Karnataka,Mysuru,Malaria,2019,35,21,0
Karnataka,Mysuru,Malaria,2019,36,20,0
Karnataka,Mysuru,Malaria,2019,37,20,0
Karnataka,Mysuru,Malaria,2019,38,17,0
Karnataka,Mysuru,Malaria,2019,39,0,0
Karnataka,Mysuru,Malaria,2019,40,15,0
Karnataka,Mysuru,Malaria,2019,41,13,0
Karnataka,Mysuru,Malaria,2019,42,17,0
Karnataka,Mysuru,Malaria,2019,43,14,0
Karnataka,Mysuru,Malaria,2019,44,9,0
Karnataka,Mysuru,Malaria,2019,45,11,0
Karnataka,Mysuru,Malaria,2019,46,11,0
Karnataka,Mysuru,Malaria,2019,47,11,0
Karnataka,Mysuru,Malaria,2019,48,11,0
Karnataka,Mysuru,Malaria,2019,49,7,0
Karnataka,Mysuru,Malaria,2019,50,8,0
Karnataka,Mysuru,Malaria,2019,51,6,1
Karnataka,Mysuru,Malaria,2019,52,7,1
Karnataka,Mysuru,Malaria,2020,1,7,0
Karnataka,Mysuru,Malaria,2020,2,6,0
Karnataka,Mysuru,Malaria,2020,3,7,0
Karnataka,Mysuru,Malaria,2020,4,4,0
Karnataka,Mysuru,Malaria,2020,5,5,0
Karnataka,Mysuru,Malaria,2020,6,6,0
Karnataka,Mysuru,Malaria,2020,7,2,0
Karnataka,Mysuru,Malaria,2020,8,5,0
Karnataka,Mysuru,Malaria,2020,9,2,0
Karnataka,Mysuru,Malaria,2020,10,7,0
Karnataka,Mysuru,Malaria,2020,11,5,0
Karnataka,Mysuru,Malaria,2020,12,5,0
Karnataka,Mysuru,Malaria,2020,13,7,0
Karnataka,Mysuru,Malaria,2020,14,8,0
Karnataka,Mysuru,Malaria,2020,15,8,0
Karnataka,Mysuru,Malaria,2020,16,10,0
Karnataka,Mysuru,Malaria,2020,17,8,0
Karnataka,Mysuru,Malaria,2020,18,11,0
Karnataka,Mysuru,Malaria,2020,19,13,0
Karnataka,Mysuru,Malaria,2020,20,14,0
Karnataka,Mysuru,Malaria,2020,21,14,0
Karnataka,Mysuru,Malaria,2020,22,14,0
Karnataka,Mysuru,Malaria,2020,23,14,0
Karnataka,Mysuru,Malaria,2020,24,17,0
Karnataka,Mysuru,Malaria,2020,25,16,0
Karnataka,Mysuru,Malaria,2020,26,17,0
Karnataka,Mysuru,Malaria,2020,27,18,0
Karnataka,Mysuru,Malaria,2020,28,19,0
Karnataka,Mysuru,Malaria,2020,29,19,0
Karnataka,Mysuru,Malaria,2020,30,19,0
Karnataka,Mysuru,Malaria,2020,31,21,0
Karnataka,Mysuru,Malaria,2020,32,20,0
Karnataka,Mysuru,Malaria,2020,33,18,0
Karnataka,Mysuru,Malaria,2020,34,19,0
Karnataka,Mysuru,Malaria,2020,35,18,0
Karnataka,Mysuru,Malaria,2020,36,16,0
Karnataka,Mysuru,Malaria,2020,37,18,0
Karnataka,Mysuru,Malaria,2020,38,16,0
Karnataka,Mysuru,Malaria,2020,39,17,0
Karnataka,Mysuru,Malaria,2020,40,15,0
Karnataka,Mysuru,Malaria,2020,41,17,0
Karnataka,Mysuru,Malaria,2020,42,15,0
Karnataka,Mysuru,Malaria,2020,43,13,0
Karnataka,Mysuru,Malaria,2020,44,14,0
Karnataka,Mysuru,Malaria,2020,45,9,0
Karnataka,Mysuru,Malaria,2020,46,10,0
Karnataka,Mysuru,Malaria,2020,47,10,0
Karnataka,Mysuru,Malaria,2020,48,10,0
Karnataka,Mysuru,Malaria,2020,49,13,0
Karnataka,Mysuru,Malaria,2020,50,10,0
Karnataka,Mysuru,Malaria,2020,51,6,0
Karnataka,Mysuru,Malaria,2020,52,7,0
Karnataka,Mysuru,Malaria,2021,1,3,0
Karnataka,Mysuru,Malaria,2021,2,0,0
Karnataka,Mysuru,Malaria,2021,3,5,0
Karnataka,Mysuru,Malaria,2021,4,4,2
Karnataka,Mysuru,Malaria,2021,5,5,0
Karnataka,Mysuru,Malaria,2021,6,6,0
Karnataka,Mysuru,Malaria,2021,7,5,0
Karnataka,Mysuru,Malaria,2021,8,4,0
Karnataka,Mysuru,Malaria,2021,9,4,0
Karnataka,Mysuru,Malaria,2021,10,7,0
Karnataka,Mysuru,Malaria,2021,11,4,0
Karnataka,Mysuru,Malaria,2021,12,5,0
Karnataka,Mysuru,Malaria,2021,13,4,0
Karnataka,Mysuru,Malaria,2021,14,7,0
Karnataka,Mysuru,Malaria,2021,15,8,0
Karnataka,Mysuru,Malaria,2021,16,7,0
Karnataka,Mysuru,Malaria,2021,17,11,0
Karnataka,Mysuru,Malaria,2021,18,12,0
Karnataka,Mysuru,Malaria,2021,19,0,0
Karnataka,Mysuru,Malaria,2021,20,11,1
Karnataka,Mysuru,Malaria,2021,21,12,0
Karnataka,Mysuru,Malaria,2021,22,15,0
Karnataka,Mysuru,Malaria,2021,23,16,0
Karnataka,Mysuru,Malaria,2021,24,17,0
Karnataka,Mysuru,Malaria,2021,25,16,1
Karnataka,Mysuru,Malaria,2021,26,19,0
Karnataka,Mysuru,Malaria,2021,27,19,0
Karnataka,Mysuru,Malaria,2021,28,16,0
Karnataka,Mysuru,Malaria,2021,29,19,0
Karnataka,Mysuru,Malaria,2021,30,19,0
Karnataka,Mysuru,Malaria,2021,31,17,0
Karnataka,Mysuru,Malaria,2021,32,19,0
Karnataka,Mysuru,Malaria,2021,33,17,0
Karnataka,Mysuru,Malaria,2021,34,19,0
Karnataka,Mysuru,Malaria,2021,35,19,0
Karnataka,Mysuru,Malaria,2021,36,20,0
Karnataka,Mysuru,Malaria,2021,37,17,0
Karnataka,Mysuru,Malaria,2021,38,15,1
Karnataka,Mysuru,Malaria,2021,39,19,0
Karnataka,Mysuru,Malaria,2021,40,18,0
Karnataka,Mysuru,Malaria,2021,41,17,0
Karnataka,Mysuru,Malaria,2021,42,0,0
Karnataka,Mysuru,Malaria,2021,43,13,0
Karnataka,Mysuru,Malaria,2021,44,14,0
Karnataka,Mysuru,Malaria,2021,45,11,1
Karnataka,Mysuru,Malaria,2021,46,10,0
Karnataka,Mysuru,Malaria,2021,47,7,0
Karnataka,Mysuru,Malaria,2021,48,10,0
Karnataka,Mysuru,Malaria,2021,49,7,0
Karnataka,Mysuru,Malaria,2021,50,5,0
Karnataka,Mysuru,Malaria,2021,51,10,0
Karnataka,Mysuru,Malaria,2021,52,3,0
Karnataka,Mysuru,Malaria,2022,1,4,0
Karnataka,Mysuru,Malaria,2022,2,7,0
Karnataka,Mysuru,Malaria,2022,3,5,0
Karnataka,Mysuru,Malaria,2022,4,6,0
Karnataka,Mysuru,Malaria,2022,5,7,0
Karnataka,Mysuru,Malaria,2022,6,3,0
Karnataka,Mysuru,Malaria,2022,7,2,0
Karnataka,Mysuru,Malaria,2022,8,5,0
Karnataka,Mysuru,Malaria,2022,9,5,0
Karnataka,Mysuru,Malaria,2022,10,3,0
Karnataka,Mysuru,Malaria,2022,11,6,0
Karnataka,Mysuru,Malaria,2022,12,3,0
Karnataka,Mysuru,Malaria,2022,13,7,0
Karnataka,Mysuru,Malaria,2022,14,5,0
Karnataka,Mysuru,Malaria,2022,15,8,0
Karnataka,Mysuru,Malaria,2022,16,11,0
Karnataka,Mysuru,Malaria,2022,17,9,0
Karnataka,Mysuru,Malaria,2022,18,11,0
Karnataka,Mysuru,Malaria,2022,19,13,0
Karnataka,Mysuru,Malaria,2022,20,13,0
Karnataka,Mysuru,Malaria,2022,21,13,0
Karnataka,Mysuru,Malaria,2022,22,15,0
Karnataka,Mysuru,Malaria,2022,23,15,0
Karnataka,Mysuru,Malaria,2022,24,16,0
Karnataka,Mysuru,Malaria,2022,25,15,0
Karnataka,Mysuru,Malaria,2022,26,19,0
Karnataka,Mysuru,Malaria,2022,27,16,0
Karnataka,Mysuru,Malaria,2022,28,18,0
Karnataka,Mysuru,Malaria,2022,29,19,0
Karnataka,Mysuru,Malaria,2022,30,22,0
Karnataka,Mysuru,Malaria,2022,31,17,0
Karnataka,Mysuru,Malaria,2022,32,20,0
Karnataka,Mysuru,Malaria,2022,33,19,0
Karnataka,Mysuru,Malaria,2022,34,16,0
Karnataka,Mysuru,Malaria,2022,35,20,0
Karnataka,Mysuru,Malaria,2022,36,18,0
Karnataka,Mysuru,Malaria,2022,37,19,0
Karnataka,Mysuru,Malaria,2022,38,15,0
Karnataka,Mysuru,Malaria,2022,39,18,0
Karnataka,Mysuru,Malaria,2022,40,14,0
Karnataka,Mysuru,Malaria,2022,41,16,0
Karnataka,Mysuru,Malaria,2022,42,14,0
Karnataka,Mysuru,Malaria,2022,43,14,0
Karnataka,Mysuru,Malaria,2022,44,14,0
Karnataka,Mysuru,Malaria,2022,45,10,0
Karnataka,Mysuru,Malaria,2022,46,7,0
Karnataka,Mysuru,Malaria,2022,47,8,0
Karnataka,Mysuru,Malaria,2022,48,9,0
Karnataka,Mysuru,Malaria,2022,49,9,0
Karnataka,Mysuru,Malaria,2022,50,9,0
Karnataka,Mysuru,Malaria,2022,51,5,0
Karnataka,Mysuru,Malaria,2022,52,5,0
Karnataka,Mysuru,Malaria,2023,1,5,0
Karnataka,Mysuru,Malaria,2023,2,6,0
Karnataka,Mysuru,Malaria,2023,3,6,0
Karnataka,Mysuru,Malaria,2023,4,6,0
Karnataka,Mysuru,Malaria,2023,5,6,0
Karnataka,Mysuru,Malaria,2023,6,9,0
Karnataka,Mysuru,Malaria,2023,7,4,1
Karnataka,Mysuru,Malaria,2023,8,3,0
Karnataka,Mysuru,Malaria,2023,9,6,0
Karnataka,Mysuru,Malaria,2023,10,4,1
Karnataka,Mysuru,Malaria,2023,11,5,0
Karnataka,Mysuru,Malaria,2023,12,7,0
Karnataka,Mysuru,Malaria,2023,13,9,0
Karnataka,Mysuru,Malaria,2023,14,10,0
Karnataka,Mysuru,Malaria,2023,15,11,0
Karnataka,Mysuru,Malaria,2023,16,12,0
Karnataka,Mysuru,Malaria,2023,17,9,0
Karnataka,Mysuru,Malaria,2023,18,10,0
Karnataka,Mysuru,Malaria,2023,19,11,0
Karnataka,Mysuru,Malaria,2023,20,13,0
Karnataka,Mysuru,Malaria,2023,21,14,0
Karnataka,Mysuru,Malaria,2023,22,16,0
Karnataka,Mysuru,Malaria,2023,23,16,0
Karnataka,Mysuru,Malaria,2023,24,16,0
Karnataka,Mysuru,Malaria,2023,25,18,0
Karnataka,Mysuru,Malaria,2023,26,16,0
Karnataka,Mysuru,Malaria,2023,27,18,0
Karnataka,Mysuru,Malaria,2023,28,20,0
Karnataka,Mysuru,Malaria,2023,29,19,0
Karnataka,Mysuru,Malaria,2023,30,18,0
Karnataka,Mysuru,Malaria,2023,31,18,0
Karnataka,Mysuru,Malaria,2023,32,18,0
Karnataka,Mysuru,Malaria,2023,33,19,0
Karnataka,Mysuru,Malaria,2023,34,18,0
Karnataka,Mysuru,Malaria,2023,35,19,0
Karnataka,Mysuru,Malaria,2023,36,19,0
Karnataka,Mysuru,Malaria,2023,37,17,0
Karnataka,Mysuru,Malaria,2023,38,17,0
Karnataka,Mysuru,Malaria,2023,39,18,0
Karnataka,Mysuru,Malaria,2023,40,15,0
Karnataka,Mysuru,Malaria,2023,41,15,0
Karnataka,Mysuru,Malaria,2023,42,13,0
Karnataka,Mysuru,Malaria,2023,43,14,0
Karnataka,Mysuru,Malaria,2023,44,13,0
Karnataka,Mysuru,Malaria,2023,45,9,0
Karnataka,Mysuru,Malaria,2023,46,12,0
Karnataka,Mysuru,Malaria,2023,47,10,0
Karnataka,Mysuru,Malaria,2023,48,11,0
Karnataka,Mysuru,Malaria,2023,49,11,0
Karnataka,Mysuru,Malaria,2023,50,7,0
Karnataka,Mysuru,Malaria,2023,51,7,0
Karnataka,Mysuru,Malaria,2023,52,5,0
Karnataka,Mysuru,Malaria,2024,1,6,0
Karnataka,Mysuru,Malaria,2024,2,5,0
Karnataka,Mysuru,Malaria,2024,3,4,0
Karnataka,Mysuru,Malaria,2024,4,5,0
Karnataka,Mysuru,Malaria,2024,5,5,0
Karnataka,Mysuru,Malaria,2024,6,6,0
Karnataka,Mysuru,Malaria,2024,7,4,0
Karnataka,Mysuru,Malaria,2024,8,3,0
Karnataka,Mysuru,Malaria,2024,9,7,0
Karnataka,Mysuru,Malaria,2024,10,3,0
Karnataka,Mysuru,Malaria,2024,11,5,0
Karnataka,Mysuru,Malaria,2024,12,7,0
Karnataka,Mysuru,Malaria,2024,13,7,0
Karnataka,Mysuru,Malaria,2024,14,7,0
Karnataka,Mysuru,Malaria,2024,15,10,0
Karnataka,Mysuru,Malaria,2024,16,8,0
Karnataka,Mysuru,Malaria,2024,17,10,0
Karnataka,Mysuru,Malaria,2024,18,7,0
Karnataka,Mysuru,Malaria,2024,19,11,0
Karnataka,Mysuru,Malaria,2024,20,10,0
Karnataka,Mysuru,Malaria,2024,21,13,0
Karnataka,Mysuru,Malaria,2024,22,14,0
Karnataka,Mysuru,Malaria,2024,23,16,0
Karnataka,Mysuru,Malaria,2024,24,16,0
Karnataka,Mysuru,Malaria,2024,25,16,0
Karnataka,Mysuru,Malaria,2024,26,16,0
Karnataka,Mysuru,Malaria,2024,27,22,0
Karnataka,Mysuru,Malaria,2024,28,18,0
Karnataka,Mysuru,Malaria,2024,29,16,0
Karnataka,Mysuru,Malaria,2024,30,20,0
Karnataka,Mysuru,Malaria,2024,31,19,0
Karnataka,Mysuru,Malaria,2024,32,18,0
Karnataka,Mysuru,Malaria,2024,33,21,0
Karnataka,Mysuru,Malaria,2024,34,19,0
Karnataka,Mysuru,Malaria,2024,35,18,0
Karnataka,Mysuru,Malaria,2024,36,21,0
Karnataka,Mysuru,Malaria,2024,37,17,0
Karnataka,Mysuru,Malaria,2024,38,17,0
Karnataka,Mysuru,Malaria,2024,39,16,0
Karnataka,Mysuru,Malaria,2024,40,15,0
Karnataka,Mysuru,Malaria,2024,41,15,0
Karnataka,Mysuru,Malaria,2024,42,13,0
Karnataka,Mysuru,Malaria,2024,43,12,0
Karnataka,Mysuru,Malaria,2024,44,14,2
Karnataka,Mysuru,Malaria,2024,45,14,0
Karnataka,Mysuru,Malaria,2024,46,11,0
Karnataka,Mysuru,Malaria,2024,47,11,0
Karnataka,Mysuru,Malaria,2024,48,8,0
Karnataka,Mysuru,Malaria,2024,49,10,0
Karnataka,Mysuru,Malaria,2024,50,10,0
Karnataka,Mysuru,Malaria,2024,51,6,0
Karnataka,Mysuru,Malaria,2024,52,5,0
Karnataka,Mysuru,Acute Diarrhoeal Disease,2017,1,18,0
Karnataka,Mysuru,Acute Diarrhoeal Disease,2017,2,20,0
Karnataka,Mysuru,Acute Diarrhoeal Disease,2017,3,15,0
Karnataka,Mysuru,Acute Diarrhoeal Disease,2017,4,19,0
Karnataka,Mysuru,Acute Diarrhoeal Disease,2017,5,10,0
Karnataka,Mysuru,Acute Diarrhoeal Disease,2017,6,12,0
Karnataka,Mysuru,Acute Diarrhoeal Disease,2017,7,5,0
Karnataka,Mysuru,Acute Diarrhoeal Disease,2017,8,6,0
Karnataka,Mysuru,Acute Diarrhoeal Disease,2017,9,8,0
Karnataka,Mysuru,Acute Diarrhoeal Disease,2017,10,5,0
Karnataka,Mysuru,Acute Diarrhoeal Disease,2017,11,3,0
Karnataka,Mysuru,Acute Diarrhoeal Disease,2017,12,2,0
Karnataka,Mysuru,Acute Diarrhoeal Disease,2017,13,10,0
Karnataka,Mysuru,Acute Diarrhoeal Disease,2017,14,8,0
Karnataka,Mysuru,Acute Diarrhoeal Disease,2017,15,6,0
Karnataka,Mysuru,Acute Diarrhoeal Disease,2017,16,5,0
Karnataka,Mysuru,Acute Diarrhoeal Disease,2017,17,6,0
Karnataka,Mysuru,Acute Diarrhoeal Disease,2017,18,11,0
Karnataka,Mysuru,Acute Diarrhoeal Disease,2017,19,13,0
Karnataka,Mysuru,Acute Diarrhoeal Disease,2017,20,13,0
Karnataka,Mysuru,Acute Diarrhoeal Disease,2017,21,17,0
Karnataka,Mysuru,Acute Diarrhoeal Disease,2017,22,25,0
Karnataka,Mysuru,Acute Diarrhoeal Disease,2017,23,21,0
Karnataka,Mysuru,Acute Diarrhoeal Disease,2017,24,30,0
Karnataka,Mysuru,Acute Diarrhoeal Disease,2017,25,24,0
Karnataka,Mysuru,Acute Diarrhoeal Disease,2017,26,26,0
Karnataka,Mysuru,Acute Diarrhoeal Disease,2017,27,36,0
Karnataka,Mysuru,Acute Diarrhoeal Disease,2017,28,29,0
Karnataka,Mysuru,Acute Diarrhoeal Disease,2017,29,36,0
Karnataka,Mysuru,Acute Diarrhoeal Disease,2017,30,44,0
Karnataka,Mysuru,Acute Diarrhoeal Disease,2017,31,42,0
Karnataka,Mysuru,Acute Diarrhoeal Disease,2017,32,46,0
Karnataka,Mysuru,Acute Diarrhoeal Disease,2017,33,50,0
Karnataka,Mysuru,Acute Diarrhoeal Disease,2017,34,48,0
Karnataka,Mysuru,Acute Diarrhoeal Disease,2017,35,46,0
Karnataka,Mysuru,Acute Diarrhoeal Disease,2017,36,57,0
Karnataka,Mysuru,Acute Diarrhoeal Disease,2017,37,52,0
Karnataka,Mysuru,Acute Diarrhoeal Disease,2017,38,51,0
Karnataka,Mysuru,Acute Diarrhoeal Disease,2017,39,47,0
Karnataka,Mysuru,Acute Diarrhoeal Disease,2017,40,51,0
Karnataka,Mysuru,Acute Diarrhoeal Disease,2017,41,49,0
Karnataka,Mysuru,Acute Diarrhoeal Disease,2017,42,48,0
Karnataka,Mysuru,Acute Diarrhoeal Disease,2017,43,48,0
Karnataka,Mysuru,Acute Diarrhoeal Disease,2017,44,45,0
Karnataka,Mysuru,Acute Diarrhoeal Disease,2017,45,36,0
Karnataka,Mysuru,Acute Diarrhoeal Disease,2017,46,35,0
Karnataka,Mysuru,Acute Diarrhoeal Disease,2017,47,35,0
Karnataka,Mysuru,Acute Diarrhoeal Disease,2017,48,38,0
Karnataka,Mysuru,Acute Diarrhoeal Disease,2017,49,30,0
Karnataka,Mysuru,Acute Diarrhoeal Disease,2017,50,24,0
Karnataka,Mysuru,Acute Diarrhoeal Disease,2017,51,24,0
Karnataka,Mysuru,Acute Diarrhoeal Disease,2017,52,27,0
Karnataka,Mysuru,Acute Diarrhoeal Disease,2018,1,23,0
Karnataka,Mysuru,Acute Diarrhoeal Disease,2018,2,13,1
Karnataka,Mysuru,Acute Diarrhoeal Disease,2018,3,16,0
Karnataka,Mysuru,Acute Diarrhoeal Disease,2018,4,0,0
Karnataka,Mysuru,Acute Diarrhoeal Disease,2018,5,10,0
Karnataka,Mysuru,Acute Diarrhoeal Disease,2018,6,4,0
Karnataka,Mysuru,Acute Diarrhoeal Disease,2018,7,8,0
Karnataka,Mysuru,Acute Diarrhoeal Disease,2018,8,11,0
Karnataka,Mysuru,Acute Diarrhoeal Disease,2018,9,14,0
Karnataka,Mysuru,Acute Diarrhoeal Disease,2018,10,7,0
Karnataka,Mysuru,Acute Diarrhoeal Disease,2018,11,9,0
Karnataka,Mysuru,Acute Diarrhoeal Disease,2018,12,6,0
Karnataka,Mysuru,Acute Diarrhoeal Disease,2018,13,7,0
Karnataka,Mysuru,Acute Diarrhoeal Disease,2018,14,2,0
Karnataka,Mysuru,Acute Diarrhoeal Disease,2018,15,4,0
Karnataka,Mysuru,Acute Diarrhoeal Disease,2018,16,8,0
Karnataka,Mysuru,Acute Diarrhoeal Disease,2018,17,12,0
Karnataka,Mysuru,Acute Diarrhoeal Disease,2018,18,6,0
Karnataka,Mysuru,Acute Diarrhoeal Disease,2018,19,16,0
Karnataka,Mysuru,Acute Diarrhoeal Disease,2018,20,10,0
Karnataka,Mysuru,Acute Diarrhoeal Disease,2018,21,26,0
Karnataka,Mysuru,Acute Diarrhoeal Disease,2018,22,18,0
Karnataka,Mysuru,Acute Diarrhoeal Disease,2018,23,22,0
Karnataka,Mysuru,Acute Diarrhoeal Disease,2018,24,0,0
Karnataka,Mysuru,Acute Diarrhoeal Disease,2018,25,26,1
Karnataka,Mysuru,Acute Diarrhoeal Disease,2018,26,38,0
Karnataka,Mysuru,Acute Diarrhoeal Disease,2018,27,34,0
Karnataka,Mysuru,Acute Diarrhoeal Disease,2018,28,34,0
Karnataka,Mysuru,Acute Diarrhoeal Disease,2018,29,42,0
Karnataka,Mysuru,Acute Diarrhoeal Disease,2018,30,43,0
Karnataka,Mysuru,Acute Diarrhoeal Disease,2018,31,45,0
Karnataka,Mysuru,Acute Diarrhoeal Disease,2018,32,43,0
Karnataka,Mysuru,Acute Diarrhoeal Disease,2018,33,46,0
Karnataka,Mysuru,Acute Diarrhoeal Disease,2018,34,48,0
Karnataka,Mysuru,Acute Diarrhoeal Disease,2018,35,47,0
Karnataka,Mysuru,Acute Diarrhoeal Disease,2018,36,54,0
Karnataka,Mysuru,Acute Diarrhoeal Disease,2018,37,50,0
Karnataka,Mysuru,Acute Diarrhoeal Disease,2018,38,53,0
Karnataka,Mysuru,Acute Diarrhoeal Disease,2018,39,52,0
Karnataka,Mysuru,Acute Diarrhoeal Disease,2018,40,47,0
Karnataka,Mysuru,Acute Diarrhoeal Disease,2018,41,47,0
Karnataka,Mysuru,Acute Diarrhoeal Disease,2018,42,50,0
Karnataka,Mysuru,Acute Diarrhoeal Disease,2018,43,53,1
Karnataka,Mysuru,Acute Diarrhoeal Disease,2018,44,39,0
Karnataka,Mysuru,Acute Diarrhoeal Disease,2018,45,45,0
Karnataka,Mysuru,Acute Diarrhoeal Disease,2018,46,45,0
Karnataka,Mysuru,Acute Diarrhoeal Disease,2018,47,35,0
Karnataka,Mysuru,Acute Diarrhoeal Disease,2018,48,36,0
Karnataka,Mysuru,Acute Diarrhoeal Disease,2018,49,35,0
Karnataka,Mysuru,Acute Diarrhoeal Disease,2018,50,30,0
Karnataka,Mysuru,Acute Diarrhoeal Disease,2018,51,22,0
Karnataka,Mysuru,Acute Diarrhoeal Disease,2018,52,28,0
Karnataka,Mysuru,Acute Diarrhoeal Disease,2019,1,19,0
Karnataka,Mysuru,Acute Diarrhoeal Disease,2019,2,22,0
Karnataka,Mysuru,Acute Diarrhoeal Disease,2019,3,16,0
Karnataka,Mysuru,Acute Diarrhoeal Disease,2019,4,16,0
Karnataka,Mysuru,Acute Diarrhoeal Disease,2019,5,11,0
Karnataka,Mysuru,Acute Diarrhoeal Disease,2019,6,15,0
Karnataka,Mysuru,Acute Diarrhoeal Disease,2019,7,5,0
Karnataka,Mysuru,Acute Diarrhoeal Disease,2019,8,9,0
Karnataka,Mysuru,Acute Diarrhoeal Disease,2019,9,10,0
Karnataka,Mysuru,Acute Diarrhoeal Disease,2019,10,8,0
Karnataka,Mysuru,Acute Diarrhoeal Disease,2019,11,6,0
Karnataka,Mysuru,Acute Diarrhoeal Disease,2019,12,4,0
Karnataka,Mysuru,Acute Diarrhoeal Disease,2019,13,4,0
Karnataka,Mysuru,Acute Diarrhoeal Disease,2019,14,8,0
Karnataka,Mysuru,Acute Diarrhoeal Disease,2019,15,6,0
Karnataka,Mysuru,Acute Diarrhoeal Disease,2019,16,4,0
Karnataka,Mysuru,Acute Diarrhoeal Disease,2019,17,10,0
Karnataka,Mysuru,Acute Diarrhoeal Disease,2019,18,4,0
Karnataka,Mysuru,Acute Diarrhoeal Disease,2019,19,15,0
Karnataka,Mysuru,Acute Diarrhoeal Disease,2019,20,21,2
Karnataka,Mysuru,Acute Diarrhoeal Disease,2019,21,19,0
Karnataka,Mysuru,Acute Diarrhoeal Disease,2019,22,0,0
Karnataka,Mysuru,Acute Diarrhoeal Disease,2019,23,23,0
Karnataka,Mysuru,Acute Diarrhoeal Disease,2019,24,24,0
Karnataka,Mysuru,Acute Diarrhoeal Disease,2019,25,29,0
Karnataka,Mysuru,Acute Diarrhoeal Disease,2019,26,32,0
Karnataka,Mysuru,Acute Diarrhoeal Disease,2019,27,34,1
Karnataka,Mysuru,Acute Diarrhoeal Disease,2019,28,37,0
Karnataka,Mysuru,Acute Diarrhoeal Disease,2019,29,39,0
Karnataka,Mysuru,Acute Diarrhoeal Disease,2019,30,46,0
Karnataka,Mysuru,Acute Diarrhoeal Disease,2019,31,37,0
Karnataka,Mysuru,Acute Diarrhoeal Disease,2019,32,41,0
Karnataka,Mysuru,Acute Diarrhoeal Disease,2019,33,51,0
Karnataka,Mysuru,Acute Diarrhoeal Disease,2019,34,48,0
Karnataka,Mysuru,Acute Diarrhoeal Disease,2019,35,47,0
Karnataka,Mysuru,Acute Diarrhoeal Disease,2019,36,49,0
Karnataka,Mysuru,Acute Diarrhoeal Disease,2019,37,50,0
Karnataka,Mysuru,Acute Diarrhoeal Disease,2019,38,49,0
Karnataka,Mysuru,Acute Diarrhoeal Disease,2019,39,56,0
Karnataka,Mysuru,Acute Diarrhoeal Disease,2019,40,43,0
Karnataka,Mysuru,Acute Diarrhoeal Disease,2019,41,44,0
Karnataka,Mysuru,Acute Diarrhoeal Disease,2019,42,48,0
Karnataka,Mysuru,Acute Diarrhoeal Disease,2019,43,48,0
Karnataka,Mysuru,Acute Diarrhoeal Disease,2019,44,40,0
Karnataka,Mysuru,Acute Diarrhoeal Disease,2019,45,41,0
Karnataka,Mysuru,Acute Diarrhoeal Disease,2019,46,42,0
Karnataka,Mysuru,Acute Diarrhoeal Disease,2019,47,37,0
Karnataka,Mysuru,Acute Diarrhoeal Disease,2019,48,32,0
Karnataka,Mysuru,Acute Diarrhoeal Disease,2019,49,36,0
Karnataka,Mysuru,Acute Diarrhoeal Disease,2019,50,30,0
Karnataka,Mysuru,Acute Diarrhoeal Disease,2019,51,37,0
Karnataka,Mysuru,Acute Diarrhoeal Disease,2019,52,29,0
Karnataka,Mysuru,Acute Diarrhoeal Disease,2020,1,21,0
Karnataka,Mysuru,Acute Diarrhoeal Disease,2020,2,17,0
Karnataka,Mysuru,Acute Diarrhoeal Disease,2020,3,18,0
Karnataka,Mysuru,Acute Diarrhoeal Disease,2020,4,17,0
Karnataka,Mysuru,Acute Diarrhoeal Disease,2020,5,12,0
Karnataka,Mysuru,Acute Diarrhoeal Disease,2020,6,6,0
Karnataka,Mysuru,Acute Diarrhoeal Disease,2020,7,1,0
Karnataka,Mysuru,Acute Diarrhoeal Disease,2020,8,5,0
Karnataka,Mysuru,Acute Diarrhoeal Disease,2020,9,0,0
Karnataka,Mysuru,Acute Diarrhoeal Disease,2020,10,8,0
Karnataka,Mysuru,Acute Diarrhoeal Disease,2020,11,7,0
Karnataka,Mysuru,Acute Diarrhoeal Disease,2020,12,0,0
Karnataka,Mysuru,Acute Diarrhoeal Disease,2020,13,8,0
Karnataka,Mysuru,Acute Diarrhoeal Disease,2020,14,10,0
Karnataka,Mysuru,Acute Diarrhoeal Disease,2020,15,7,0
Karnataka,Mysuru,Acute Diarrhoeal Disease,2020,16,2,0
Karnataka,Mysuru,Acute Diarrhoeal Disease,2020,17,11,0
Karnataka,Mysuru,Acute Diarrhoeal Disease,2020,18,14,0
Karnataka,Mysuru,Acute Diarrhoeal Disease,2020,19,14,0
Karnataka,Mysuru,Acute Diarrhoeal Disease,2020,20,15,0
Karnataka,Mysuru,Acute Diarrhoeal Disease,2020,21,17,0
Karnataka,Mysuru,Acute Diarrhoeal Disease,2020,22,23,0
Karnataka,Mysuru,Acute Diarrhoeal Disease,2020,23,26,0
Karnataka,Mysuru,Acute Diarrhoeal Disease,2020,24,29,1
Karnataka,Mysuru,Acute Diarrhoeal Disease,2020,25,32,0
Karnataka,Mysuru,Acute Diarrhoeal Disease,2020,26,29,0
Karnataka,Mysuru,Acute Diarrhoeal Disease,2020,27,38,1
Karnataka,Mysuru,Acute Diarrhoeal Disease,2020,28,36,0
Karnataka,Mysuru,Acute Diarrhoeal Disease,2020,29,36,0
Karnataka,Mysuru,Acute Diarrhoeal Disease,2020,30,42,0
Karnataka,Mysuru,Acute Diarrhoeal Disease,2020,31,41,0
Karnataka,Mysuru,Acute Diarrhoeal Disease,2020,32,44,0
Karnataka,Mysuru,Acute Diarrhoeal Disease,2020,33,44,0
Karnataka,Mysuru,Acute Diarrhoeal Disease,2020,34,54,0
Karnataka,Mysuru,Acute Diarrhoeal Disease,2020,35,44,0
Karnataka,Mysuru,Acute Diarrhoeal Disease,2020,36,48,2
Karnataka,Mysuru,Acute Diarrhoeal Disease,2020,37,45,0
Karnataka,Mysuru,Acute Diarrhoeal Disease,2020,38,42,0
Karnataka,Mysuru,Acute Diarrhoeal Disease,2020,39,54,0
Karnataka,Mysuru,Acute Diarrhoeal Disease,2020,40,51,0
Karnataka,Mysuru,Acute Diarrhoeal Disease,2020,41,50,0
Karnataka,Mysuru,Acute Diarrhoeal Disease,2020,42,47,0
Karnataka,Mysuru,Acute Diarrhoeal Disease,2020,43,51,0
Karnataka,Mysuru,Acute Diarrhoeal Disease,2020,44,43,0
Karnataka,Mysuru,Acute Diarrhoeal Disease,2020,45,0,0
Karnataka,Mysuru,Acute Diarrhoeal Disease,2020,46,37,0
Karnataka,Mysuru,Acute Diarrhoeal Disease,2020,47,41,0
Karnataka,Mysuru,Acute Diarrhoeal Disease,2020,48,46,0
Karnataka,Mysuru,Acute Diarrhoeal Disease,2020,49,31,0
Karnataka,Mysuru,Acute Diarrhoeal Disease,2020,50,35,0
Karnataka,Mysuru,Acute Diarrhoeal Disease,2020,51,29,0
Karnataka,Mysuru,Acute Diarrhoeal Disease,2020,52,23,0
Karnataka,Mysuru,Acute Diarrhoeal Disease,2021,1,23,0
Karnataka,Mysuru,Acute Diarrhoeal Disease,2021,2,19,0
Karnataka,Mysuru,Acute Diarrhoeal Disease,2021,3,13,0
Karnataka,Mysuru,Acute Diarrhoeal Disease,2021,4,11,0
Karnataka,Mysuru,Acute Diarrhoeal Disease,2021,5,15,0
Karnataka,Mysuru,Acute Diarrhoeal Disease,2021,6,10,0
Karnataka,Mysuru,Acute Diarrhoeal Disease,2021,7,3,0
Karnataka,Mysuru,Acute Diarrhoeal Disease,2021,8,5,0
Karnataka,Mysuru,Acute Diarrhoeal Disease,2021,9,5,0
Karnataka,Mysuru,Acute Diarrhoeal Disease,2021,10,2,0
Karnataka,Mysuru,Acute Diarrhoeal Disease,2021,11,7,0
Karnataka,Mysuru,Acute Diarrhoeal Disease,2021,12,8,0
Karnataka,Mysuru,Acute Diarrhoeal Disease,2021,13,7,0
Karnataka,Mysuru,Acute Diarrhoeal Disease,2021,14,3,0
Karnataka,Mysuru,Acute Diarrhoeal Disease,2021,15,10,0
Karnataka,Mysuru,Acute Diarrhoeal Disease,2021,16,10,0
Karnataka,Mysuru,Acute Diarrhoeal Disease,2021,17,6,0
Karnataka,Mysuru,Acute Diarrhoeal Disease,2021,18,11,0
Karnataka,Mysuru,Acute Diarrhoeal Disease,2021,19,14,1
Karnataka,Mysuru,Acute Diarrhoeal Disease,2021,20,16,2
Karnataka,Mysuru,Acute Diarrhoeal Disease,2021,21,17,0
Karnataka,Mysuru,Acute Diarrhoeal Disease,2021,22,22,0
Karnataka,Mysuru,Acute Diarrhoeal Disease,2021,23,26,0
Karnataka,Mysuru,Acute Diarrhoeal Disease,2021,24,0,0
Karnataka,Mysuru,Acute Diarrhoeal Disease,2021,25,28,0
Karnataka,Mysuru,Acute Diarrhoeal Disease,2021,26,18,0
Karnataka,Mysuru,Acute Diarrhoeal Disease,2021,27,33,0
Karnataka,Mysuru,Acute Diarrhoeal Disease,2021,28,33,0
Karnataka,Mysuru,Acute Diarrhoeal Disease,2021,29,32,0
Karnataka,Mysuru,Acute Diarrhoeal Disease,2021,30,41,0
Karnataka,Mysuru,Acute Diarrhoeal Disease,2021,31,43,0
Karnataka,Mysuru,Acute Diarrhoeal Disease,2021,32,40,0
Karnataka,Mysuru,Acute Diarrhoeal Disease,2021,33,48,0
Karnataka,Mysuru,Acute Diarrhoeal Disease,2021,34,45,0
Karnataka,Mysuru,Acute Diarrhoeal Disease,2021,35,46,0
Karnataka,Mysuru,Acute Diarrhoeal Disease,2021,36,49,0
Karnataka,Mysuru,Acute Diarrhoeal Disease,2021,37,45,0
Karnataka,Mysuru,Acute Diarrhoeal Disease,2021,38,53,0
Karnataka,Mysuru,Acute Diarrhoeal Disease,2021,39,51,0
Karnataka,Mysuru,Acute Diarrhoeal Disease,2021,40,47,0
Karnataka,Mysuru,Acute Diarrhoeal Disease,2021,41,54,0
Karnataka,Mysuru,Acute Diarrhoeal Disease,2021,42,49,0
Karnataka,Mysuru,Acute Diarrhoeal Disease,2021,43,50,0
Karnataka,Mysuru,Acute Diarrhoeal Disease,2021,44,46,0
Karnataka,Mysuru,Acute Diarrhoeal Disease,2021,45,0,0
Karnataka,Mysuru,Acute Diarrhoeal Disease,2021,46,41,0
Karnataka,Mysuru,Acute Diarrhoeal Disease,2021,47,36,0
Karnataka,Mysuru,Acute Diarrhoeal Disease,2021,48,31,0
Karnataka,Mysuru,Acute Diarrhoeal Disease,2021,49,28,0
Karnataka,Mysuru,Acute Diarrhoeal Disease,2021,50,34,0
Karnataka,Mysuru,Acute Diarrhoeal Disease,2021,51,30,0
Karnataka,Mysuru,Acute Diarrhoeal Disease,2021,52,24,0
Karnataka,Mysuru,Acute Diarrhoeal Disease,2022,1,18,0
Karnataka,Mysuru,Acute Diarrhoeal Disease,2022,2,16,0
Karnataka,Mysuru,Acute Diarrhoeal Disease,2022,3,17,0
Karnataka,Mysuru,Acute Diarrhoeal Disease,2022,4,15,0
Karnataka,Mysuru,Acute Diarrhoeal Disease,2022,5,11,0
Karnataka,Mysuru,Acute Diarrhoeal Disease,2022,6,13,0
Karnataka,Mysuru,Acute Diarrhoeal Disease,2022,7,7,0
Karnataka,Mysuru,Acute Diarrhoeal Disease,2022,8,7,0
Karnataka,Mysuru,Acute Diarrhoeal Disease,2022,9,5,0
Karnataka,Mysuru,Acute Diarrhoeal Disease,2022,10,1,0
Karnataka,Mysuru,Acute Diarrhoeal Disease,2022,11,2,0
Karnataka,Mysuru,Acute Diarrhoeal Disease,2022,12,5,2
Karnataka,Mysuru,Acute Diarrhoeal Disease,2022,13,7,0
Karnataka,Mysuru,Acute Diarrhoeal Disease,2022,14,12,0
Karnataka,Mysuru,Acute Diarrhoeal Disease,2022,15,11,0
Karnataka,Mysuru,Acute Diarrhoeal Disease,2022,16,5,0
Karnataka,Mysuru,Acute Diarrhoeal Disease,2022,17,11,0
Karnataka,Mysuru,Acute Diarrhoeal Disease,2022,18,11,0
Karnataka,Mysuru,Acute Diarrhoeal Disease,2022,19,19,0
Karnataka,Mysuru,Acute Diarrhoeal Disease,2022,20,13,0
Karnataka,Mysuru,Acute Diarrhoeal Disease,2022,21,21,0
Karnataka,Mysuru,Acute Diarrhoeal Disease,2022,22,20,0
Karnataka,Mysuru,Acute Diarrhoeal Disease,2022,23,23,2
Karnataka,Mysuru,Acute Diarrhoeal Disease,2022,24,21,0
Karnataka,Mysuru,Acute Diarrhoeal Disease,2022,25,32,0
Karnataka,Mysuru,Acute Diarrhoeal Disease,2022,26,26,0
Karnataka,Mysuru,Acute Diarrhoeal Disease,2022,27,30,0
Karnataka,Mysuru,Acute Diarrhoeal Disease,2022,28,39,0
Karnataka,Mysuru,Acute Diarrhoeal Disease,2022,29,40,0
Karnataka,Mysuru,Acute Diarrhoeal Disease,2022,30,43,0
Karnataka,Mysuru,Acute Diarrhoeal Disease,2022,31,43,0
Karnataka,Mysuru,Acute Diarrhoeal Disease,2022,32,49,0
Karnataka,Mysuru,Acute Diarrhoeal Disease,2022,33,42,0
Karnataka,Mysuru,Acute Diarrhoeal Disease,2022,34,45,0
Karnataka,Mysuru,Acute Diarrhoeal Disease,2022,35,46,0
Karnataka,Mysuru,Acute Diarrhoeal Disease,2022,36,54,0
Karnataka,Mysuru,Acute Diarrhoeal Disease,2022,37,51,0
Karnataka,Mysuru,Acute Diarrhoeal Disease,2022,38,50,0
Karnataka,Mysuru,Acute Diarrhoeal Disease,2022,39,52,0
Karnataka,Mysuru,Acute Diarrhoeal Disease,2022,40,49,0
Karnataka,Mysuru,Acute Diarrhoeal Disease,2022,41,49,0
Karnataka,Mysuru,Acute Diarrhoeal Disease,2022,42,53,0
Karnataka,Mysuru,Acute Diarrhoeal Disease,2022,43,45,0
Karnataka,Mysuru,Acute Diarrhoeal Disease,2022,44,38,0
Karnataka,Mysuru,Acute Diarrhoeal Disease,2022,45,42,0
Karnataka,Mysuru,Acute Diarrhoeal Disease,2022,46,43,0
Karnataka,Mysuru,Acute Diarrhoeal Disease,2022,47,0,0
Karnataka,Mysuru,Acute Diarrhoeal Disease,2022,48,35,0
Karnataka,Mysuru,Acute Diarrhoeal Disease,2022,49,32,0
Karnataka,Mysuru,Acute Diarrhoeal Disease,2022,50,25,0
Karnataka,Mysuru,Acute Diarrhoeal Disease,2022,51,31,0
Karnataka,Mysuru,Acute Diarrhoeal Disease,2022,52,23,0
Karnataka,Mysuru,Acute Diarrhoeal Disease,2023,1,19,0
Karnataka,Mysuru,Acute Diarrhoeal Disease,2023,2,20,2
Karnataka,Mysuru,Acute Diarrhoeal Disease,2023,3,19,0
Karnataka,Mysuru,Acute Diarrhoeal Disease,2023,4,9,0
Karnataka,Mysuru,Acute Diarrhoeal Disease,2023,5,6,0
Karnataka,Mysuru,Acute Diarrhoeal Disease,2023,6,15,0
Karnataka,Mysuru,Acute Diarrhoeal Disease,2023,7,11,0
Karnataka,Mysuru,Acute Diarrhoeal Disease,2023,8,9,0
Karnataka,Mysuru,Acute Diarrhoeal Disease,2023,9,13,0
Karnataka,Mysuru,Acute Diarrhoeal Disease,2023,10,4,1
Karnataka,Mysuru,Acute Diarrhoeal Disease,2023,11,6,0
Karnataka,Mysuru,Acute Diarrhoeal Disease,2023,12,9,0
Karnataka,Mysuru,Acute Diarrhoeal Disease,2023,13,5,0
Karnataka,Mysuru,Acute Diarrhoeal Disease,2023,14,4,0
Karnataka,Mysuru,Acute Diarrhoeal Disease,2023,15,8,0
Karnataka,Mysuru,Acute Diarrhoeal Disease,2023,16,7,0
Karnataka,Mysuru,Acute Diarrhoeal Disease,2023,17,5,0
Karnataka,Mysuru,Acute Diarrhoeal Disease,2023,18,12,0
Karnataka,Mysuru,Acute Diarrhoeal Disease,2023,19,13,0
Karnataka,Mysuru,Acute Diarrhoeal Disease,2023,20,17,0
Karnataka,Mysuru,Acute Diarrhoeal Disease,2023,21,14,0
Karnataka,Mysuru,Acute Diarrhoeal Disease,2023,22,19,0
Karnataka,Mysuru,Acute Diarrhoeal Disease,2023,23,18,0
Karnataka,Mysuru,Acute Diarrhoeal Disease,2023,24,23,0
Karnataka,Mysuru,Acute Diarrhoeal Disease,2023,25,31,0
Karnataka,Mysuru,Acute Diarrhoeal Disease,2023,26,37,0
Karnataka,Mysuru,Acute Diarrhoeal Disease,2023,27,31,0
Karnataka,Mysuru,Acute Diarrhoeal Disease,2023,28,34,0
Karnataka,Mysuru,Acute Diarrhoeal Disease,2023,29,40,0
Karnataka,Mysuru,Acute Diarrhoeal Disease,2023,30,37,0
Karnataka,Mysuru,Acute Diarrhoeal Disease,2023,31,41,0
Karnataka,Mysuru,Acute Diarrhoeal Disease,2023,32,49,0
Karnataka,Mysuru,Acute Diarrhoeal Disease,2023,33,47,0
Karnataka,Mysuru,Acute Diarrhoeal Disease,2023,34,51,0
Karnataka,Mysuru,Acute Diarrhoeal Disease,2023,35,45,0
Karnataka,Mysuru,Acute Diarrhoeal Disease,2023,36,43,0
Karnataka,Mysuru,Acute Diarrhoeal Disease,2023,37,52,0
Karnataka,Mysuru,Acute Diarrhoeal Disease,2023,38,50,1
Karnataka,Mysuru,Acute Diarrhoeal Disease,2023,39,46,0
Karnataka,Mysuru,Acute Diarrhoeal Disease,2023,40,48,0
Karnataka,Mysuru,Acute Diarrhoeal Disease,2023,41,48,0
Karnataka,Mysuru,Acute Diarrhoeal Disease,2023,42,47,0
Karnataka,Mysuru,Acute Diarrhoeal Disease,2023,43,46,0
Karnataka,Mysuru,Acute Diarrhoeal Disease,2023,44,46,0
Karnataka,Mysuru,Acute Diarrhoeal Disease,2023,45,44,0
Karnataka,Mysuru,Acute Diarrhoeal Disease,2023,46,37,0
Karnataka,Mysuru,Acute Diarrhoeal Disease,2023,47,34,0
Karnataka,Mysuru,Acute Diarrhoeal Disease,2023,48,41,0
Karnataka,Mysuru,Acute Diarrhoeal Disease,2023,49,35,0
Karnataka,Mysuru,Acute Diarrhoeal Disease,2023,50,31,1
Karnataka,Mysuru,Acute Diarrhoeal Disease,2023,51,30,0
Karnataka,Mysuru,Acute Diarrhoeal Disease,2023,52,27,0
Karnataka,Mysuru,Acute Diarrhoeal Disease,2024,1,21,0
Karnataka,Mysuru,Acute Diarrhoeal Disease,2024,2,24,0
Karnataka,Mysuru,Acute Diarrhoeal Disease,2024,3,12,0
Karnataka,Mysuru,Acute Diarrhoeal Disease,2024,4,20,0
Karnataka,Mysuru,Acute Diarrhoeal Disease,2024,5,7,0
Karnataka,Mysuru,Acute Diarrhoeal Disease,2024,6,7,0
Karnataka,Mysuru,Acute Diarrhoeal Disease,2024,7,0,0
Karnataka,Mysuru,Acute Diarrhoeal Disease,2024,8,7,0
Karnataka,Mysuru,Acute Diarrhoeal Disease,2024,9,5,0
Karnataka,Mysuru,Acute Diarrhoeal Disease,2024,10,4,0
Karnataka,Mysuru,Acute Diarrhoeal Disease,2024,11,4,0
Karnataka,Mysuru,Acute Diarrhoeal Disease,2024,12,0,0
Karnataka,Mysuru,Acute Diarrhoeal Disease,2024,13,8,0
Karnataka,Mysuru,Acute Diarrhoeal Disease,2024,14,8,0
Karnataka,Mysuru,Acute Diarrhoeal Disease,2024,15,7,1
Karnataka,Mysuru,Acute Diarrhoeal Disease,2024,16,5,0
Karnataka,Mysuru,Acute Diarrhoeal Disease,2024,17,13,0
Karnataka,Mysuru,Acute Diarrhoeal Disease,2024,18,6,0
Karnataka,Mysuru,Acute Diarrhoeal Disease,2024,19,14,0
Karnataka,Mysuru,Acute Diarrhoeal Disease,2024,20,14,0
Karnataka,Mysuru,Acute Diarrhoeal Disease,2024,21,19,0
Karnataka,Mysuru,Acute Diarrhoeal Disease,2024,22,23,0
Karnataka,Mysuru,Acute Diarrhoeal Disease,2024,23,30,0
Karnataka,Mysuru,Acute Diarrhoeal Disease,2024,24,19,0
Karnataka,Mysuru,Acute Diarrhoeal Disease,2024,25,23,0
Karnataka,Mysuru,Acute Diarrhoeal Disease,2024,26,24,0
Karnataka,Mysuru,Acute Diarrhoeal Disease,2024,27,29,0
Karnataka,Mysuru,Acute Diarrhoeal Disease,2024,28,37,0
Karnataka,Mysuru,Acute Diarrhoeal Disease,2024,29,35,0
Karnataka,Mysuru,Acute Diarrhoeal Disease,2024,30,37,0
Karnataka,Mysuru,Acute Diarrhoeal Disease,2024,31,41,0
Karnataka,Mysuru,Acute Diarrhoeal Disease,2024,32,42,0
Karnataka,Mysuru,Acute Diarrhoeal Disease,2024,33,47,0
Karnataka,Mysuru,Acute Diarrhoeal Disease,2024,34,50,0
Karnataka,Mysuru,Acute Diarrhoeal Disease,2024,35,51,0
Karnataka,Mysuru,Acute Diarrhoeal Disease,2024,36,52,0
Karnataka,Mysuru,Acute Diarrhoeal Disease,2024,37,46,0
Karnataka,Mysuru,Acute Diarrhoeal Disease,2024,38,47,0
Karnataka,Mysuru,Acute Diarrhoeal Disease,2024,39,54,0
Karnataka,Mysuru,Acute Diarrhoeal Disease,2024,40,44,0
Karnataka,Mysuru,Acute Diarrhoeal Disease,2024,41,40,0
Karnataka,Mysuru,Acute Diarrhoeal Disease,2024,42,45,0
Karnataka,Mysuru,Acute Diarrhoeal Disease,2024,43,48,0
Karnataka,Mysuru,Acute Diarrhoeal Disease,2024,44,45,0
Karnataka,Mysuru,Acute Diarrhoeal Disease,2024,45,46,0
Karnataka,Mysuru,Acute Diarrhoeal Disease,2024,46,43,0
Karnataka,Mysuru,Acute Diarrhoeal Disease,2024,47,37,0
Karnataka,Mysuru,Acute Diarrhoeal Disease,2024,48,36,0
Karnataka,Mysuru,Acute Diarrhoeal Disease,2024,49,33,0
Karnataka,Mysuru,Acute Diarrhoeal Disease,2024,50,36,0
Karnataka,Mysuru,Acute Diarrhoeal Disease,2024,51,26,0
Karnataka,Mysuru,Acute Diarrhoeal Disease,2024,52,32,0
Karnataka,Dharwad,Dengue,2017,1,7,0
Karnataka,Dharwad,Dengue,2017,2,3,0
Karnataka,Dharwad,Dengue,2017,3,3,0
Karnataka,Dharwad,Dengue,2017,4,4,0
Karnataka,Dharwad,Dengue,2017,5,4,0
Karnataka,Dharwad,Dengue,2017,6,0,0
Karnataka,Dharwad,Dengue,2017,7,1,0
Karnataka,Dharwad,Dengue,2017,8,0,0
Karnataka,Dharwad,Dengue,2017,9,1,0
Karnataka,Dharwad,Dengue,2017,10,0,0
Karnataka,Dharwad,Dengue,2017,11,0,0
Karnataka,Dharwad,Dengue,2017,12,0,0
Karnataka,Dharwad,Dengue,2017,13,0,0
Karnataka,Dharwad,Dengue,2017,14,2,0
Karnataka,Dharwad,Dengue,2017,15,4,0
Karnataka,Dharwad,Dengue,2017,16,3,0
Karnataka,Dharwad,Dengue,2017,17,3,0
Karnataka,Dharwad,Dengue,2017,18,10,0
Karnataka,Dharwad,Dengue,2017,19,9,0
Karnataka,Dharwad,Dengue,2017,20,5,0
Karnataka,Dharwad,Dengue,2017,21,9,0
Karnataka,Dharwad,Dengue,2017,22,12,0
Karnataka,Dharwad,Dengue,2017,23,18,0
Karnataka,Dharwad,Dengue,2017,24,15,0
Karnataka,Dharwad,Dengue,2017,25,18,0
Karnataka,Dharwad,Dengue,2017,26,19,0
Karnataka,Dharwad,Dengue,2017,27,21,0
Karnataka,Dharwad,Dengue,2017,28,23,0
Karnataka,Dharwad,Dengue,2017,29,25,0
Karnataka,Dharwad,Dengue,2017,30,28,0
Karnataka,Dharwad,Dengue,2017,31,29,0
Karnataka,Dharwad,Dengue,2017,32,31,0
Karnataka,Dharwad,Dengue,2017,33,26,0
Karnataka,Dharwad,Dengue,2017,34,29,0
Karnataka,Dharwad,Dengue,2017,35,30,0
Karnataka,Dharwad,Dengue,2017,36,29,0
Karnataka,Dharwad,Dengue,2017,37,30,0
Karnataka,Dharwad,Dengue,2017,38,30,0
Karnataka,Dharwad,Dengue,2017,39,27,0
Karnataka,Dharwad,Dengue,2017,40,29,0
Karnataka,Dharwad,Dengue,2017,41,29,0
Karnataka,Dharwad,Dengue,2017,42,28,0
Karnataka,Dharwad,Dengue,2017,43,25,0
Karnataka,Dharwad,Dengue,2017,44,22,0
Karnataka,Dharwad,Dengue,2017,45,21,0
Karnataka,Dharwad,Dengue,2017,46,23,0
Karnataka,Dharwad,Dengue,2017,47,20,0
Karnataka,Dharwad,Dengue,2017,48,15,0
Karnataka,Dharwad,Dengue,2017,49,16,0
Karnataka,Dharwad,Dengue,2017,50,11,0
Karnataka,Dharwad,Dengue,2017,51,10,0
Karnataka,Dharwad,Dengue,2017,52,12,0
Karnataka,Dharwad,Dengue,2018,1,9,0
Karnataka,Dharwad,Dengue,2018,2,7,0
Karnataka,Dharwad,Dengue,2018,3,2,0
Karnataka,Dharwad,Dengue,2018,4,3,0
Karnataka,Dharwad,Dengue,2018,5,0,0
Karnataka,Dharwad,Dengue,2018,6,6,0
Karnataka,Dharwad,Dengue,2018,7,0,0
Karnataka,Dharwad,Dengue,2018,8,0,0
Karnataka,Dharwad,Dengue,2018,9,1,0
Karnataka,Dharwad,Dengue,2018,10,0,0
Karnataka,Dharwad,Dengue,2018,11,1,2
Karnataka,Dharwad,Dengue,2018,12,0,0
Karnataka,Dharwad,Dengue,2018,13,0,0
Karnataka,Dharwad,Dengue,2018,14,4,0
Karnataka,Dharwad,Dengue,2018,15,0,0
Karnataka,Dharwad,Dengue,2018,16,4,0
Karnataka,Dharwad,Dengue,2018,17,5,0
Karnataka,Dharwad,Dengue,2018,18,8,1
Karnataka,Dharwad,Dengue,2018,19,10,0
Karnataka,Dharwad,Dengue,2018,20,14,0
Karnataka,Dharwad,Dengue,2018,21,12,0
Karnataka,Dharwad,Dengue,2018,22,13,0
Karnataka,Dharwad,Dengue,2018,23,14,0
Karnataka,Dharwad,Dengue,2018,24,16,0
Karnataka,Dharwad,Dengue,2018,25,17,0
Karnataka,Dharwad,Dengue,2018,26,17,0
Karnataka,Dharwad,Dengue,2018,27,19,0
Karnataka,Dharwad,Dengue,2018,28,25,0
Karnataka,Dharwad,Dengue,2018,29,26,0
Karnataka,Dharwad,Dengue,2018,30,23,0
Karnataka,Dharwad,Dengue,2018,31,26,0
Karnataka,Dharwad,Dengue,2018,32,27,0
Karnataka,Dharwad,Dengue,2018,33,25,0
Karnataka,Dharwad,Dengue,2018,34,27,0
Karnataka,Dharwad,Dengue,2018,35,31,0
Karnataka,Dharwad,Dengue,2018,36,29,0
Karnataka,Dharwad,Dengue,2018,37,29,0
Karnataka,Dharwad,Dengue,2018,38,28,0
Karnataka,Dharwad,Dengue,2018,39,26,0
Karnataka,Dharwad,Dengue,2018,40,29,0
Karnataka,Dharwad,Dengue,2018,41,27,0
Karnataka,Dharwad,Dengue,2018,42,23,0
Karnataka,Dharwad,Dengue,2018,43,24,0
Karnataka,Dharwad,Dengue,2018,44,21,0
Karnataka,Dharwad,Dengue,2018,45,19,0
Karnataka,Dharwad,Dengue,2018,46,19,0
Karnataka,Dharwad,Dengue,2018,47,21,0
Karnataka,Dharwad,Dengue,2018,48,16,0
Karnataka,Dharwad,Dengue,2018,49,14,0
Karnataka,Dharwad,Dengue,2018,50,15,0
Karnataka,Dharwad,Dengue,2018,51,10,0
Karnataka,Dharwad,Dengue,2018,52,9,0
Karnataka,Dharwad,Dengue,2019,1,9,0
Karnataka,Dharwad,Dengue,2019,2,5,0
Karnataka,Dharwad,Dengue,2019,3,5,0
Karnataka,Dharwad,Dengue,2019,4,4,0
Karnataka,Dharwad,Dengue,2019,5,3,0
Karnataka,Dharwad,Dengue,2019,6,3,0
Karnataka,Dharwad,Dengue,2019,7,1,0
Karnataka,Dharwad,Dengue,2019,8,0,0
Karnataka,Dharwad,Dengue,2019,9,0,0
Karnataka,Dharwad,Dengue,2019,10,0,0
Karnataka,Dharwad,Dengue,2019,11,3,1
Karnataka,Dharwad,Dengue,2019,12,0,0
Karnataka,Dharwad,Dengue,2019,13,2,0
Karnataka,Dharwad,Dengue,2019,14,3,0
Karnataka,Dharwad,Dengue,2019,15,0,0
Karnataka,Dharwad,Dengue,2019,16,3,0
Karnataka,Dharwad,Dengue,2019,17,5,0
Karnataka,Dharwad,Dengue,2019,18,4,0
Karnataka,Dharwad,Dengue,2019,19,4,0
Karnataka,Dharwad,Dengue,2019,20,4,0
Karnataka,Dharwad,Dengue,2019,21,7,0
Karnataka,Dharwad,Dengue,2019,22,15,0
Karnataka,Dharwad,Dengue,2019,23,15,0
Karnataka,Dharwad,Dengue,2019,24,18,0
Karnataka,Dharwad,Dengue,2019,25,17,0
Karnataka,Dharwad,Dengue,2019,26,23,0
Karnataka,Dharwad,Dengue,2019,27,23,1
Karnataka,Dharwad,Dengue,2019,28,22,0
Karnataka,Dharwad,Dengue,2019,29,23,0
Karnataka,Dharwad,Dengue,2019,30,27,0
Karnataka,Dharwad,Dengue,2019,31,24,0
Karnataka,Dharwad,Dengue,2019,32,27,0
Karnataka,Dharwad,Dengue,2019,33,30,0
Karnataka,Dharwad,Dengue,2019,34,30,1
Karnataka,Dharwad,Dengue,2019,35,27,0
Karnataka,Dharwad,Dengue,2019,36,29,0
Karnataka,Dharwad,Dengue,2019,37,26,0
Karnataka,Dharwad,Dengue,2019,38,29,0
Karnataka,Dharwad,Dengue,2019,39,28,0
Karnataka,Dharwad,Dengue,2019,40,26,0
Karnataka,Dharwad,Dengue,2019,41,25,0
Karnataka,Dharwad,Dengue,2019,42,26,0
Karnataka,Dharwad,Dengue,2019,43,25,0
Karnataka,Dharwad,Dengue,2019,44,22,0
Karnataka,Dharwad,Dengue,2019,45,22,0
Karnataka,Dharwad,Dengue,2019,46,18,0
Karnataka,Dharwad,Dengue,2019,47,19,0
Karnataka,Dharwad,Dengue,2019,48,0,0
Karnataka,Dharwad,Dengue,2019,49,15,0
Karnataka,Dharwad,Dengue,2019,50,12,0
Karnataka,Dharwad,Dengue,2019,51,12,0
Karnataka,Dharwad,Dengue,2019,52,10,0
Karnataka,Dharwad,Dengue,2020,1,10,0
Karnataka,Dharwad,Dengue,2020,2,6,0
Karnataka,Dharwad,Dengue,2020,3,8,0
Karnataka,Dharwad,Dengue,2020,4,5,0
Karnataka,Dharwad,Dengue,2020,5,4,0
Karnataka,Dharwad,Dengue,2020,6,0,0
Karnataka,Dharwad,Dengue,2020,7,3,0
Karnataka,Dharwad,Dengue,2020,8,0,0
Karnataka,Dharwad,Dengue,2020,9,0,0
Karnataka,Dharwad,Dengue,2020,10,0,0
Karnataka,Dharwad,Dengue,2020,11,0,0
Karnataka,Dharwad,Dengue,2020,12,2,0
Karnataka,Dharwad,Dengue,2020,13,1,0
Karnataka,Dharwad,Dengue,2020,14,2,0
Karnataka,Dharwad,Dengue,2020,15,0,0
Karnataka,Dharwad,Dengue,2020,16,3,0
Karnataka,Dharwad,Dengue,2020,17,3,0
Karnataka,Dharwad,Dengue,2020,18,5,0
Karnataka,Dharwad,Dengue,2020,19,6,0
Karnataka,Dharwad,Dengue,2020,20,0,0
Karnataka,Dharwad,Dengue,2020,21,10,1
Karnataka,Dharwad,Dengue,2020,22,15,0
Karnataka,Dharwad,Dengue,2020,23,16,0
Karnataka,Dharwad,Dengue,2020,24,14,0
Karnataka,Dharwad,Dengue,2020,25,17,0
Karnataka,Dharwad,Dengue,2020,26,22,0
Karnataka,Dharwad,Dengue,2020,27,25,0
Karnataka,Dharwad,Dengue,2020,28,25,0
Karnataka,Dharwad,Dengue,2020,29,19,0
Karnataka,Dharwad,Dengue,2020,30,26,0
Karnataka,Dharwad,Dengue,2020,31,29,2
Karnataka,Dharwad,Dengue,2020,32,24,0
Karnataka,Dharwad,Dengue,2020,33,27,0
Karnataka,Dharwad,Dengue,2020,34,29,0
Karnataka,Dharwad,Dengue,2020,35,32,0
Karnataka,Dharwad,Dengue,2020,36,27,0
Karnataka,Dharwad,Dengue,2020,37,28,0
Karnataka,Dharwad,Dengue,2020,38,31,0
Karnataka,Dharwad,Dengue,2020,39,28,0
Karnataka,Dharwad,Dengue,2020,40,30,0
Karnataka,Dharwad,Dengue,2020,41,27,0
Karnataka,Dharwad,Dengue,2020,42,28,0
Karnataka,Dharwad,Dengue,2020,43,24,0
Karnataka,Dharwad,Dengue,2020,44,26,0
Karnataka,Dharwad,Dengue,2020,45,21,0
Karnataka,Dharwad,Dengue,2020,46,17,0
Karnataka,Dharwad,Dengue,2020,47,17,0
Karnataka,Dharwad,Dengue,2020,48,15,0
Karnataka,Dharwad,Dengue,2020,49,15,0
Karnataka,Dharwad,Dengue,2020,50,12,0
Karnataka,Dharwad,Dengue,2020,51,12,0
Karnataka,Dharwad,Dengue,2020,52,11,0
Karnataka,Dharwad,Dengue,2021,1,8,0
Karnataka,Dharwad,Dengue,2021,2,8,0
Karnataka,Dharwad,Dengue,2021,3,5,0
Karnataka,Dharwad,Dengue,2021,4,3,0
Karnataka,Dharwad,Dengue,2021,5,2,0
Karnataka,Dharwad,Dengue,2021,6,1,0
Karnataka,Dharwad,Dengue,2021,7,1,0
Karnataka,Dharwad,Dengue,2021,8,0,0
Karnataka,Dharwad,Dengue,2021,9,0,0
Karnataka,Dharwad,Dengue,2021,10,2,0
Karnataka,Dharwad,Dengue,2021,11,0,0
Karnataka,Dharwad,Dengue,2021,12,1,0
Karnataka,Dharwad,Dengue,2021,13,0,0
Karnataka,Dharwad,Dengue,2021,14,2,0
Karnataka,Dharwad,Dengue,2021,15,0,0
Karnataka,Dharwad,Dengue,2021,16,4,0
Karnataka,Dharwad,Dengue,2021,17,5,0
Karnataka,Dharwad,Dengue,2021,18,3,0
Karnataka,Dharwad,Dengue,2021,19,8,0
Karnataka,Dharwad,Dengue,2021,20,10,0
Karnataka,Dharwad,Dengue,2021,21,12,1
Karnataka,Dharwad,Dengue,2021,22,12,0
Karnataka,Dharwad,Dengue,2021,23,12,0
Karnataka,Dharwad,Dengue,2021,24,17,0
Karnataka,Dharwad,Dengue,2021,25,17,0
Karnataka,Dharwad,Dengue,2021,26,20,0
Karnataka,Dharwad,Dengue,2021,27,21,0
Karnataka,Dharwad,Dengue,2021,28,21,0
Karnataka,Dharwad,Dengue,2021,29,23,0
Karnataka,Dharwad,Dengue,2021,30,28,0
Karnataka,Dharwad,Dengue,2021,31,29,0
Karnataka,Dharwad,Dengue,2021,32,28,0
Karnataka,Dharwad,Dengue,2021,33,32,0
Karnataka,Dharwad,Dengue,2021,34,31,0
Karnataka,Dharwad,Dengue,2021,35,31,0
Karnataka,Dharwad,Dengue,2021,36,33,0
Karnataka,Dharwad,Dengue,2021,37,30,0
Karnataka,Dharwad,Dengue,2021,38,31,0
Karnataka,Dharwad,Dengue,2021,39,27,0
Karnataka,Dharwad,Dengue,2021,40,25,0
Karnataka,Dharwad,Dengue,2021,41,27,0
Karnataka,Dharwad,Dengue,2021,42,26,0
Karnataka,Dharwad,Dengue,2021,43,25,0
Karnataka,Dharwad,Dengue,2021,44,23,0
Karnataka,Dharwad,Dengue,2021,45,23,0
Karnataka,Dharwad,Dengue,2021,46,20,0
Karnataka,Dharwad,Dengue,2021,47,16,0
Karnataka,Dharwad,Dengue,2021,48,16,0
Karnataka,Dharwad,Dengue,2021,49,16,0
Karnataka,Dharwad,Dengue,2021,50,13,0
Karnataka,Dharwad,Dengue,2021,51,10,0
Karnataka,Dharwad,Dengue,2021,52,10,0
Karnataka,Dharwad,Dengue,2022,1,5,0
Karnataka,Dharwad,Dengue,2022,2,6,0
Karnataka,Dharwad,Dengue,2022,3,5,0
Karnataka,Dharwad,Dengue,2022,4,2,0
Karnataka,Dharwad,Dengue,2022,5,4,0
Karnataka,Dharwad,Dengue,2022,6,1,0
Karnataka,Dharwad,Dengue,2022,7,6,0
Karnataka,Dharwad,Dengue,2022,8,0,0
Karnataka,Dharwad,Dengue,2022,9,2,2
Karnataka,Dharwad,Dengue,2022,10,0,0
Karnataka,Dharwad,Dengue,2022,11,0,0
Karnataka,Dharwad,Dengue,2022,12,0,0
Karnataka,Dharwad,Dengue,2022,13,0,0
Karnataka,Dharwad,Dengue,2022,14,1,0
Karnataka,Dharwad,Dengue,2022,15,4,0
Karnataka,Dharwad,Dengue,2022,16,2,0
Karnataka,Dharwad,Dengue,2022,17,8,0
Karnataka,Dharwad,Dengue,2022,18,5,0
Karnataka,Dharwad,Dengue,2022,19,8,0
Karnataka,Dharwad,Dengue,2022,20,9,0
Karnataka,Dharwad,Dengue,2022,21,9,0
Karnataka,Dharwad,Dengue,2022,22,15,0
Karnataka,Dharwad,Dengue,2022,23,15,0
Karnataka,Dharwad,Dengue,2022,24,17,0
Karnataka,Dharwad,Dengue,2022,25,20,0
Karnataka,Dharwad,Dengue,2022,26,20,0
Karnataka,Dharwad,Dengue,2022,27,22,0
Karnataka,Dharwad,Dengue,2022,28,23,0
Karnataka,Dharwad,Dengue,2022,29,26,0
Karnataka,Dharwad,Dengue,2022,30,25,0
Karnataka,Dharwad,Dengue,2022,31,31,0
Karnataka,Dharwad,Dengue,2022,32,27,0
Karnataka,Dharwad,Dengue,2022,33,27,0
Karnataka,Dharwad,Dengue,2022,34,29,0
Karnataka,Dharwad,Dengue,2022,35,26,0
Karnataka,Dharwad,Dengue,2022,36,29,0
Karnataka,Dharwad,Dengue,2022,37,29,0
Karnataka,Dharwad,Dengue,2022,38,29,0
Karnataka,Dharwad,Dengue,2022,39,29,0
Karnataka,Dharwad,Dengue,2022,40,30,0
Karnataka,Dharwad,Dengue,2022,41,27,0
Karnataka,Dharwad,Dengue,2022,42,25,0
Karnataka,Dharwad,Dengue,2022,43,23,0
Karnataka,Dharwad,Dengue,2022,44,24,0
Karnataka,Dharwad,Dengue,2022,45,22,0
Karnataka,Dharwad,Dengue,2022,46,20,0
Karnataka,Dharwad,Dengue,2022,47,16,0
Karnataka,Dharwad,Dengue,2022,48,14,0
Karnataka,Dharwad,Dengue,2022,49,13,0
Karnataka,Dharwad,Dengue,2022,50,16,0
Karnataka,Dharwad,Dengue,2022,51,14,0
Karnataka,Dharwad,Dengue,2022,52,7,0
Karnataka,Dharwad,Dengue,2023,1,6,0
Karnataka,Dharwad,Dengue,2023,2,7,0
Karnataka,Dharwad,Dengue,2023,3,3,0
Karnataka,Dharwad,Dengue,2023,4,2,0
Karnataka,Dharwad,Dengue,2023,5,1,0
Karnataka,Dharwad,Dengue,2023,6,2,0
Karnataka,Dharwad,Dengue,2023,7,0,0
Karnataka,Dharwad,Dengue,2023,8,0,0
Karnataka,Dharwad,Dengue,2023,9,0,0
Karnataka,Dharwad,Dengue,2023,10,0,0
Karnataka,Dharwad,Dengue,2023,11,1,0
Karnataka,Dharwad,Dengue,2023,12,1,0
Karnataka,Dharwad,Dengue,2023,13,1,0
Karnataka,Dharwad,Dengue,2023,14,4,0
Karnataka,Dharwad,Dengue,2023,15,1,0
Karnataka,Dharwad,Dengue,2023,16,5,0
Karnataka,Dharwad,Dengue,2023,17,1,0
Karnataka,Dharwad,Dengue,2023,18,8,0
Karnataka,Dharwad,Dengue,2023,19,8,0
Karnataka,Dharwad,Dengue,2023,20,11,0
Karnataka,Dharwad,Dengue,2023,21,10,0
Karnataka,Dharwad,Dengue,2023,22,14,0
Karnataka,Dharwad,Dengue,2023,23,14,0
Karnataka,Dharwad,Dengue,2023,24,19,0
Karnataka,Dharwad,Dengue,2023,25,20,0
Karnataka,Dharwad,Dengue,2023,26,20,0
Karnataka,Dharwad,Dengue,2023,27,21,0
Karnataka,Dharwad,Dengue,2023,28,25,0
Karnataka,Dharwad,Dengue,2023,29,27,0
Karnataka,Dharwad,Dengue,2023,30,24,0
Karnataka,Dharwad,Dengue,2023,31,27,0
Karnataka,Dharwad,Dengue,2023,32,26,0
Karnataka,Dharwad,Dengue,2023,33,30,0
Karnataka,Dharwad,Dengue,2023,34,25,0
Karnataka,Dharwad,Dengue,2023,35,26,0
Karnataka,Dharwad,Dengue,2023,36,33,0
Karnataka,Dharwad,Dengue,2023,37,27,0
Karnataka,Dharwad,Dengue,2023,38,0,0
Karnataka,Dharwad,Dengue,2023,39,28,0
Karnataka,Dharwad,Dengue,2023,40,27,0
Karnataka,Dharwad,Dengue,2023,41,25,0
Karnataka,Dharwad,Dengue,2023,42,26,0
Karnataka,Dharwad,Dengue,2023,43,23,0
Karnataka,Dharwad,Dengue,2023,44,21,0
Karnataka,Dharwad,Dengue,2023,45,22,0
Karnataka,Dharwad,Dengue,2023,46,17,0
Karnataka,Dharwad,Dengue,2023,47,14,1
Karnataka,Dharwad,Dengue,2023,48,16,0
Karnataka,Dharwad,Dengue,2023,49,15,0
Karnataka,Dharwad,Dengue,2023,50,13,0
Karnataka,Dharwad,Dengue,2023,51,12,0
Karnataka,Dharwad,Dengue,2023,52,10,0
Karnataka,Dharwad,Dengue,2024,1,7,0
Karnataka,Dharwad,Dengue,2024,2,5,0
Karnataka,Dharwad,Dengue,2024,3,5,0
Karnataka,Dharwad,Dengue,2024,4,6,0
Karnataka,Dharwad,Dengue,2024,5,0,0
Karnataka,Dharwad,Dengue,2024,6,0,0
Karnataka,Dharwad,Dengue,2024,7,0,0
Karnataka,Dharwad,Dengue,2024,8,0,0
Karnataka,Dharwad,Dengue,2024,9,0,0
Karnataka,Dharwad,Dengue,2024,10,1,0
Karnataka,Dharwad,Dengue,2024,11,0,0
Karnataka,Dharwad,Dengue,2024,12,0,0
Karnataka,Dharwad,Dengue,2024,13,0,0
Karnataka,Dharwad,Dengue,2024,14,0,0
Karnataka,Dharwad,Dengue,2024,15,2,0
Karnataka,Dharwad,Dengue,2024,16,4,0
Karnataka,Dharwad,Dengue,2024,17,5,0
Karnataka,Dharwad,Dengue,2024,18,4,0
Karnataka,Dharwad,Dengue,2024,19,5,0
Karnataka,Dharwad,Dengue,2024,20,9,0
Karnataka,Dharwad,Dengue,2024,21,9,0
Karnataka,Dharwad,Dengue,2024,22,12,0
Karnataka,Dharwad,Dengue,2024,23,13,0
Karnataka,Dharwad,Dengue,2024,24,18,0
Karnataka,Dharwad,Dengue,2024,25,19,0
Karnataka,Dharwad,Dengue,2024,26,18,0
Karnataka,Dharwad,Dengue,2024,27,23,0
Karnataka,Dharwad,Dengue,2024,28,23,0
Karnataka,Dharwad,Dengue,2024,29,27,0
Karnataka,Dharwad,Dengue,2024,30,25,0
Karnataka,Dharwad,Dengue,2024,31,29,0
Karnataka,Dharwad,Dengue,2024,32,28,0
Karnataka,Dharwad,Dengue,2024,33,31,0
Karnataka,Dharwad,Dengue,2024,34,31,1
Karnataka,Dharwad,Dengue,2024,35,29,0
Karnataka,Dharwad,Dengue,2024,36,28,0
Karnataka,Dharwad,Dengue,2024,37,30,0
Karnataka,Dharwad,Dengue,2024,38,31,0
Karnataka,Dharwad,Dengue,2024,39,31,0
Karnataka,Dharwad,Dengue,2024,40,29,0
Karnataka,Dharwad,Dengue,2024,41,26,0
Karnataka,Dharwad,Dengue,2024,42,28,0
Karnataka,Dharwad,Dengue,2024,43,23,0
Karnataka,Dharwad,Dengue,2024,44,19,0
Karnataka,Dharwad,Dengue,2024,45,20,0
Karnataka,Dharwad,Dengue,2024,46,17,0
Karnataka,Dharwad,Dengue,2024,47,22,0
Karnataka,Dharwad,Dengue,2024,48,16,0
Karnataka,Dharwad,Dengue,2024,49,14,0
Karnataka,Dharwad,Dengue,2024,50,10,0
Karnataka,Dharwad,Dengue,2024,51,10,0
Karnataka,Dharwad,Dengue,2024,52,10,1
Karnataka,Dharwad,Malaria,2017,1,3,0
Karnataka,Dharwad,Malaria,2017,2,5,0
Karnataka,Dharwad,Malaria,2017,3,5,0
Karnataka,Dharwad,Malaria,2017,4,3,0
Karnataka,Dharwad,Malaria,2017,5,4,0
Karnataka,Dharwad,Malaria,2017,6,3,0
Karnataka,Dharwad,Malaria,2017,7,3,0
Karnataka,Dharwad,Malaria,2017,8,3,0
Karnataka,Dharwad,Malaria,2017,9,4,0
Karnataka,Dharwad,Malaria,2017,10,3,0
Karnataka,Dharwad,Malaria,2017,11,4,0
Karnataka,Dharwad,Malaria,2017,12,5,0
Karnataka,Dharwad,Malaria,2017,13,5,0
Karnataka,Dharwad,Malaria,2017,14,5,0
Karnataka,Dharwad,Malaria,2017,15,6,0
Karnataka,Dharwad,Malaria,2017,16,7,1
Karnataka,Dharwad,Malaria,2017,17,7,0
Karnataka,Dharwad,Malaria,2017,18,6,0
Karnataka,Dharwad,Malaria,2017,19,9,0
Karnataka,Dharwad,Malaria,2017,20,9,0
Karnataka,Dharwad,Malaria,2017,21,11,0
Karnataka,Dharwad,Malaria,2017,22,9,0
Karnataka,Dharwad,Malaria,2017,23,11,0
Karnataka,Dharwad,Malaria,2017,24,11,0
Karnataka,Dharwad,Malaria,2017,25,12,0
Karnataka,Dharwad,Malaria,2017,26,11,0
Karnataka,Dharwad,Malaria,2017,27,14,0
Karnataka,Dharwad,Malaria,2017,28,12,0
Karnataka,Dharwad,Malaria,2017,29,14,0
Karnataka,Dharwad,Malaria,2017,30,13,0
Karnataka,Dharwad,Malaria,2017,31,12,0
Karnataka,Dharwad,Malaria,2017,32,14,0
Karnataka,Dharwad,Malaria,2017,33,13,0
Karnataka,Dharwad,Malaria,2017,34,14,0
Karnataka,Dharwad,Malaria,2017,35,14,0
Karnataka,Dharwad,Malaria,2017,36,14,0
Karnataka,Dharwad,Malaria,2017,37,13,0
Karnataka,Dharwad,Malaria,2017,38,12,0
Karnataka,Dharwad,Malaria,2017,39,11,0
Karnataka,Dharwad,Malaria,2017,40,11,0
Karnataka,Dharwad,Malaria,2017,41,10,0
Karnataka,Dharwad,Malaria,2017,42,10,0
Karnataka,Dharwad,Malaria,2017,43,11,0
Karnataka,Dharwad,Malaria,2017,44,9,0
Karnataka,Dharwad,Malaria,2017,45,8,0
Karnataka,Dharwad,Malaria,2017,46,6,0
Karnataka,Dharwad,Malaria,2017,47,8,0
Karnataka,Dharwad,Malaria,2017,48,6,0
Karnataka,Dharwad,Malaria,2017,49,7,0
Karnataka,Dharwad,Malaria,2017,50,6,1
Karnataka,Dharwad,Malaria,2017,51,4,0
Karnataka,Dharwad,Malaria,2017,52,6,0
Karnataka,Dharwad,Malaria,2018,1,3,0
Karnataka,Dharwad,Malaria,2018,2,3,1
Karnataka,Dharwad,Malaria,2018,3,4,0
Karnataka,Dharwad,Malaria,2018,4,2,0
Karnataka,Dharwad,Malaria,2018,5,3,0
Karnataka,Dharwad,Malaria,2018,6,3,0
Karnataka,Dharwad,Malaria,2018,7,3,0
Karnataka,Dharwad,Malaria,2018,8,5,0
Karnataka,Dharwad,Malaria,2018,9,3,0
Karnataka,Dharwad,Malaria,2018,10,3,0
Karnataka,Dharwad,Malaria,2018,11,4,0
Karnataka,Dharwad,Malaria,2018,12,5,0
Karnataka,Dharwad,Malaria,2018,13,5,0
Karnataka,Dharwad,Malaria,2018,14,6,0
Karnataka,Dharwad,Malaria,2018,15,6,0
Karnataka,Dharwad,Malaria,2018,16,7,0
Karnataka,Dharwad,Malaria,2018,17,7,0
Karnataka,Dharwad,Malaria,2018,18,8,0
Karnataka,Dharwad,Malaria,2018,19,8,0
Karnataka,Dharwad,Malaria,2018,20,10,0
Karnataka,Dharwad,Malaria,2018,21,12,0
Karnataka,Dharwad,Malaria,2018,22,10,0
Karnataka,Dharwad,Malaria,2018,23,10,0
Karnataka,Dharwad,Malaria,2018,24,10,0
Karnataka,Dharwad,Malaria,2018,25,13,0
Karnataka,Dharwad,Malaria,2018,26,11,0
Karnataka,Dharwad,Malaria,2018,27,12,0
Karnataka,Dharwad,Malaria,2018,28,13,0
Karnataka,Dharwad,Malaria,2018,29,12,1
Karnataka,Dharwad,Malaria,2018,30,13,0
Karnataka,Dharwad,Malaria,2018,31,13,0
Karnataka,Dharwad,Malaria,2018,32,13,0
Karnataka,Dharwad,Malaria,2018,33,14,0
Karnataka,Dharwad,Malaria,2018,34,14,0
Karnataka,Dharwad,Malaria,2018,35,10,0
Karnataka,Dharwad,Malaria,2018,36,11,0
Karnataka,Dharwad,Malaria,2018,37,13,0
Karnataka,Dharwad,Malaria,2018,38,11,0
Karnataka,Dharwad,Malaria,2018,39,14,1
Karnataka,Dharwad,Malaria,2018,40,10,0
Karnataka,Dharwad,Malaria,2018,41,11,0
Karnataka,Dharwad,Malaria,2018,42,9,0
Karnataka,Dharwad,Malaria,2018,43,10,0
Karnataka,Dharwad,Malaria,2018,44,9,0
Karnataka,Dharwad,Malaria,2018,45,7,0
Karnataka,Dharwad,Malaria,2018,46,8,0
Karnataka,Dharwad,Malaria,2018,47,5,0
Karnataka,Dharwad,Malaria,2018,48,7,0
Karnataka,Dharwad,Malaria,2018,49,6,0
Karnataka,Dharwad,Malaria,2018,50,5,0
Karnataka,Dharwad,Malaria,2018,51,6,0
Karnataka,Dharwad,Malaria,2018,52,5,0
Karnataka,Dharwad,Malaria,2019,1,5,0
Karnataka,Dharwad,Malaria,2019,2,4,0
Karnataka,Dharwad,Malaria,2019,3,4,0
Karnataka,Dharwad,Malaria,2019,4,3,0
Karnataka,Dharwad,Malaria,2019,5,2,0
Karnataka,Dharwad,Malaria,2019,6,5,0
Karnataka,Dharwad,Malaria,2019,7,4,0
Karnataka,Dharwad,Malaria,2019,8,2,0
Karnataka,Dharwad,Malaria,2019,9,1,0
Karnataka,Dharwad,Malaria,2019,10,4,0
Karnataka,Dharwad,Malaria,2019,11,4,0
Karnataka,Dharwad,Malaria,2019,12,2,0
Karnataka,Dharwad,Malaria,2019,13,4,0
Karnataka,Dharwad,Malaria,2019,14,7,2
Karnataka,Dharwad,Malaria,2019,15,6,0
Karnataka,Dharwad,Malaria,2019,16,6,1
Karnataka,Dharwad,Malaria,2019,17,6,0
Karnataka,Dharwad,Malaria,2019,18,8,0
Karnataka,Dharwad,Malaria,2019,19,9,0
Karnataka,Dharwad,Malaria,2019,20,7,0
Karnataka,Dharwad,Malaria,2019,21,9,0
Karnataka,Dharwad,Malaria,2019,22,11,0
Karnataka,Dharwad,Malaria,2019,23,10,0
Karnataka,Dharwad,Malaria,2019,24,11,0
Karnataka,Dharwad,Malaria,2019,25,12,0
Karnataka,Dharwad,Malaria,2019,26,13,0
Karnataka,Dharwad,Malaria,2019,27,15,0
Karnataka,Dharwad,Malaria,2019,28,13,0
Karnataka,Dharwad,Malaria,2019,29,12,0
Karnataka,Dharwad,Malaria,2019,30,13,0
Karnataka,Dharwad,Malaria,2019,31,14,0
Karnataka,Dharwad,Malaria,2019,32,14,0
Karnataka,Dharwad,Malaria,2019,33,12,0
Karnataka,Dharwad,Malaria,2019,34,14,0
Karnataka,Dharwad,Malaria,2019,35,12,0
Karnataka,Dharwad,Malaria,2019,36,14,0
Karnataka,Dharwad,Malaria,2019,37,14,0
Karnataka,Dharwad,Malaria,2019,38,13,0
Karnataka,Dharwad,Malaria,2019,39,13,0
Karnataka,Dharwad,Malaria,2019,40,13,0
Karnataka,Dharwad,Malaria,2019,41,10,0
Karnataka,Dharwad,Malaria,2019,42,11,0
Karnataka,Dharwad,Malaria,2019,43,10,0
Karnataka,Dharwad,Malaria,2019,44,9,0
Karnataka,Dharwad,Malaria,2019,45,9,0
Karnataka,Dharwad,Malaria,2019,46,7,0
Karnataka,Dharwad,Malaria,2019,47,7,0
Karnataka,Dharwad,Malaria,2019,48,7,0
Karnataka,Dharwad,Malaria,2019,49,5,0
Karnataka,Dharwad,Malaria,2019,50,7,0
Karnataka,Dharwad,Malaria,2019,51,5,0
Karnataka,Dharwad,Malaria,2019,52,3,1
Karnataka,Dharwad,Malaria,2020,1,3,0
Karnataka,Dharwad,Malaria,2020,2,2,0
Karnataka,Dharwad,Malaria,2020,3,4,0
Karnataka,Dharwad,Malaria,2020,4,3,0
Karnataka,Dharwad,Malaria,2020,5,1,0
Karnataka,Dharwad,Malaria,2020,6,3,0
Karnataka,Dharwad,Malaria,2020,7,5,0
Karnataka,Dharwad,Malaria,2020,8,5,0
Karnataka,Dharwad,Malaria,2020,9,4,0
Karnataka,Dharwad,Malaria,2020,10,5,0
Karnataka,Dharwad,Malaria,2020,11,5,0
Karnataka,Dharwad,Malaria,2020,12,4,0
Karnataka,Dharwad,Malaria,2020,13,6,0
Karnataka,Dharwad,Malaria,2020,14,2,0
Karnataka,Dharwad,Malaria,2020,15,6,0
Karnataka,Dharwad,Malaria,2020,16,6,0
Karnataka,Dharwad,Malaria,2020,17,0,0
Karnataka,Dharwad,Malaria,2020,18,8,0
Karnataka,Dharwad,Malaria,2020,19,7,0
Karnataka,Dharwad,Malaria,2020,20,9,0
Karnataka,Dharwad,Malaria,2020,21,12,0
Karnataka,Dharwad,Malaria,2020,22,10,0
Karnataka,Dharwad,Malaria,2020,23,9,0
Karnataka,Dharwad,Malaria,2020,24,10,0
Karnataka,Dharwad,Malaria,2020,25,11,0
Karnataka,Dharwad,Malaria,2020,26,12,0
Karnataka,Dharwad,Malaria,2020,27,11,0
Karnataka,Dharwad,Malaria,2020,28,13,0
Karnataka,Dharwad,Malaria,2020,29,13,0
Karnataka,Dharwad,Malaria,2020,30,14,0
Karnataka,Dharwad,Malaria,2020,31,15,0
Karnataka,Dharwad,Malaria,2020,32,12,0
Karnataka,Dharwad,Malaria,2020,33,13,0
Karnataka,Dharwad,Malaria,2020,34,14,0
Karnataka,Dharwad,Malaria,2020,35,13,0
Karnataka,Dharwad,Malaria,2020,36,14,0
Karnataka,Dharwad,Malaria,2020,37,12,0
Karnataka,Dharwad,Malaria,2020,38,12,0
Karnataka,Dharwad,Malaria,2020,39,12,0
Karnataka,Dharwad,Malaria,2020,40,12,0
Karnataka,Dharwad,Malaria,2020,41,11,0
Karnataka,Dharwad,Malaria,2020,42,9,0
Karnataka,Dharwad,Malaria,2020,43,10,1
Karnataka,Dharwad,Malaria,2020,44,7,0
Karnataka,Dharwad,Malaria,2020,45,8,0
Karnataka,Dharwad,Malaria,2020,46,7,0
Karnataka,Dharwad,Malaria,2020,47,8,0
Karnataka,Dharwad,Malaria,2020,48,7,0
Karnataka,Dharwad,Malaria,2020,49,5,0
Karnataka,Dharwad,Malaria,2020,50,6,0
Karnataka,Dharwad,Malaria,2020,51,6,0
Karnataka,Dharwad,Malaria,2020,52,5,0
Karnataka,Dharwad,Malaria,2021,1,3,0
Karnataka,Dharwad,Malaria,2021,2,4,0
Karnataka,Dharwad,Malaria,2021,3,3,0
Karnataka,Dharwad,Malaria,2021,4,3,0
Karnataka,Dharwad,Malaria,2021,5,2,0
Karnataka,Dharwad,Malaria,2021,6,4,0
Karnataka,Dharwad,Malaria,2021,7,3,0
Karnataka,Dharwad,Malaria,2021,8,3,0
Karnataka,Dharwad,Malaria,2021,9,4,0
Karnataka,Dharwad,Malaria,2021,10,2,0
Karnataka,Dharwad,Malaria,2021,11,4,0
Karnataka,Dharwad,Malaria,2021,12,5,0
Karnataka,Dharwad,Malaria,2021,13,6,0
Karnataka,Dharwad,Malaria,2021,14,5,0
Karnataka,Dharwad,Malaria,2021,15,6,0
Karnataka,Dharwad,Malaria,2021,16,6,0
Karnataka,Dharwad,Malaria,2021,17,8,0
Karnataka,Dharwad,Malaria,2021,18,8,0
Karnataka,Dharwad,Malaria,2021,19,8,0
Karnataka,Dharwad,Malaria,2021,20,10,0
Karnataka,Dharwad,Malaria,2021,21,9,0
Karnataka,Dharwad,Malaria,2021,22,11,0
Karnataka,Dharwad,Malaria,2021,23,10,0
Karnataka,Dharwad,Malaria,2021,24,11,0
Karnataka,Dharwad,Malaria,2021,25,13,0
Karnataka,Dharwad,Malaria,2021,26,13,2
Karnataka,Dharwad,Malaria,2021,27,13,0
Karnataka,Dharwad,Malaria,2021,28,13,0
Karnataka,Dharwad,Malaria,2021,29,13,0
Karnataka,Dharwad,Malaria,2021,30,14,0
Karnataka,Dharwad,Malaria,2021,31,15,0
Karnataka,Dharwad,Malaria,2021,32,12,0
Karnataka,Dharwad,Malaria,2021,33,13,0
Karnataka,Dharwad,Malaria,2021,34,13,0
Karnataka,Dharwad,Malaria,2021,35,11,0
Karnataka,Dharwad,Malaria,2021,36,14,0
Karnataka,Dharwad,Malaria,2021,37,13,0
Karnataka,Dharwad,Malaria,2021,38,12,0
Karnataka,Dharwad,Malaria,2021,39,12,0
Karnataka,Dharwad,Malaria,2021,40,12,0
Karnataka,Dharwad,Malaria,2021,41,11,0
Karnataka,Dharwad,Malaria,2021,42,9,0
Karnataka,Dharwad,Malaria,2021,43,8,0
Karnataka,Dharwad,Malaria,2021,44,8,0
Karnataka,Dharwad,Malaria,2021,45,8,0
Karnataka,Dharwad,Malaria,2021,46,8,0
Karnataka,Dharwad,Malaria,2021,47,7,0
Karnataka,Dharwad,Malaria,2021,48,7,0
Karnataka,Dharwad,Malaria,2021,49,8,0
Karnataka,Dharwad,Malaria,2021,50,6,0
Karnataka,Dharwad,Malaria,2021,51,4,0
Karnataka,Dharwad,Malaria,2021,52,3,0
Karnataka,Dharwad,Malaria,2022,1,4,0
Karnataka,Dharwad,Malaria,2022,2,5,0
Karnataka,Dharwad,Malaria,2022,3,4,1
Karnataka,Dharwad,Malaria,2022,4,2,0
Karnataka,Dharwad,Malaria,2022,5,5,0
Karnataka,Dharwad,Malaria,2022,6,6,0
Karnataka,Dharwad,Malaria,2022,7,2,0
Karnataka,Dharwad,Malaria,2022,8,3,0
Karnataka,Dharwad,Malaria,2022,9,4,0
Karnataka,Dharwad,Malaria,2022,10,2,0
Karnataka,Dharwad,Malaria,2022,11,5,0
Karnataka,Dharwad,Malaria,2022,12,6,0
Karnataka,Dharwad,Malaria,2022,13,5,0
Karnataka,Dharwad,Malaria,2022,14,5,0
Karnataka,Dharwad,Malaria,2022,15,6,0
Karnataka,Dharwad,Malaria,2022,16,6,0
Karnataka,Dharwad,Malaria,2022,17,8,0
Karnataka,Dharwad,Malaria,2022,18,8,0
Karnataka,Dharwad,Malaria,2022,19,8,0
Karnataka,Dharwad,Malaria,2022,20,11,1
Karnataka,Dharwad,Malaria,2022,21,10,0
Karnataka,Dharwad,Malaria,2022,22,10,0
Karnataka,Dharwad,Malaria,2022,23,12,0
Karnataka,Dharwad,Malaria,2022,24,10,0
Karnataka,Dharwad,Malaria,2022,25,12,0
Karnataka,Dharwad,Malaria,2022,26,11,0
Karnataka,Dharwad,Malaria,2022,27,13,0
Karnataka,Dharwad,Malaria,2022,28,15,0
Karnataka,Dharwad,Malaria,2022,29,14,0
Karnataka,Dharwad,Malaria,2022,30,12,0
Karnataka,Dharwad,Malaria,2022,31,13,0
Karnataka,Dharwad,Malaria,2022,32,13,0
Karnataka,Dharwad,Malaria,2022,33,13,0
Karnataka,Dharwad,Malaria,2022,34,14,0
Karnataka,Dharwad,Malaria,2022,35,15,0
Karnataka,Dharwad,Malaria,2022,36,14,0
Karnataka,Dharwad,Malaria,2022,37,12,0
Karnataka,Dharwad,Malaria,2022,38,13,0
Karnataka,Dharwad,Malaria,2022,39,11,0
Karnataka,Dharwad,Malaria,2022,40,12,0
Karnataka,Dharwad,Malaria,2022,41,11,0
Karnataka,Dharwad,Malaria,2022,42,12,0
Karnataka,Dharwad,Malaria,2022,43,9,0
Karnataka,Dharwad,Malaria,2022,44,7,0
Karnataka,Dharwad,Malaria,2022,45,8,0
Karnataka,Dharwad,Malaria,2022,46,6,0
Karnataka,Dharwad,Malaria,2022,47,7,0
Karnataka,Dharwad,Malaria,2022,48,7,0
Karnataka,Dharwad,Malaria,2022,49,6,0
Karnataka,Dharwad,Malaria,2022,50,4,0
Karnataka,Dharwad,Malaria,2022,51,5,0
Karnataka,Dharwad,Malaria,2022,52,4,0
Karnataka,Dharwad,Malaria,2023,1,4,0
Karnataka,Dharwad,Malaria,2023,2,1,0
Karnataka,Dharwad,Malaria,2023,3,4,0
Karnataka,Dharwad,Malaria,2023,4,4,0
Karnataka,Dharwad,Malaria,2023,5,4,1
Karnataka,Dharwad,Malaria,2023,6,3,0
Karnataka,Dharwad,Malaria,2023,7,3,0
Karnataka,Dharwad,Malaria,2023,8,1,0
Karnataka,Dharwad,Malaria,2023,9,4,0
Karnataka,Dharwad,Malaria,2023,10,2,0
Karnataka,Dharwad,Malaria,2023,11,6,0
Karnataka,Dharwad,Malaria,2023,12,4,0
Karnataka,Dharwad,Malaria,2023,13,4,0
Karnataka,Dharwad,Malaria,2023,14,7,0
Karnataka,Dharwad,Malaria,2023,15,6,0
Karnataka,Dharwad,Malaria,2023,16,6,0
Karnataka,Dharwad,Malaria,2023,17,8,0
Karnataka,Dharwad,Malaria,2023,18,9,0
Karnataka,Dharwad,Malaria,2023,19,10,0
Karnataka,Dharwad,Malaria,2023,20,9,0
Karnataka,Dharwad,Malaria,2023,21,9,0
Karnataka,Dharwad,Malaria,2023,22,12,0
Karnataka,Dharwad,Malaria,2023,23,12,0
Karnataka,Dharwad,Malaria,2023,24,10,0
Karnataka,Dharwad,Malaria,2023,25,12,0
Karnataka,Dharwad,Malaria,2023,26,13,0
Karnataka,Dharwad,Malaria,2023,27,14,2
Karnataka,Dharwad,Malaria,2023,28,14,0
Karnataka,Dharwad,Malaria,2023,29,13,0
Karnataka,Dharwad,Malaria,2023,30,16,0
Karnataka,Dharwad,Malaria,2023,31,14,0
Karnataka,Dharwad,Malaria,2023,32,14,0
Karnataka,Dharwad,Malaria,2023,33,14,0
Karnataka,Dharwad,Malaria,2023,34,11,0
Karnataka,Dharwad,Malaria,2023,35,12,0
Karnataka,Dharwad,Malaria,2023,36,13,0
Karnataka,Dharwad,Malaria,2023,37,12,0
Karnataka,Dharwad,Malaria,2023,38,12,1
Karnataka,Dharwad,Malaria,2023,39,12,0
Karnataka,Dharwad,Malaria,2023,40,12,0
Karnataka,Dharwad,Malaria,2023,41,12,0
Karnataka,Dharwad,Malaria,2023,42,10,0
Karnataka,Dharwad,Malaria,2023,43,8,0
Karnataka,Dharwad,Malaria,2023,44,9,0
Karnataka,Dharwad,Malaria,2023,45,9,0
Karnataka,Dharwad,Malaria,2023,46,8,0
Karnataka,Dharwad,Malaria,2023,47,7,0
Karnataka,Dharwad,Malaria,2023,48,5,0
Karnataka,Dharwad,Malaria,2023,49,5,0
Karnataka,Dharwad,Malaria,2023,50,5,0
Karnataka,Dharwad,Malaria,2023,51,4,0
Karnataka,Dharwad,Malaria,2023,52,4,0
Karnataka,Dharwad,Malaria,2024,1,5,0
Karnataka,Dharwad,Malaria,2024,2,2,0
Karnataka,Dharwad,Malaria,2024,3,3,0
Karnataka,Dharwad,Malaria,2024,4,3,0
Karnataka,Dharwad,Malaria,2024,5,6,1
Karnataka,Dharwad,Malaria,2024,6,3,0
Karnataka,Dharwad,Malaria,2024,7,2,0
Karnataka,Dharwad,Malaria,2024,8,4,0
Karnataka,Dharwad,Malaria,2024,9,3,0
Karnataka,Dharwad,Malaria,2024,10,4,0
Karnataka,Dharwad,Malaria,2024,11,6,0
Karnataka,Dharwad,Malaria,2024,12,5,0
Karnataka,Dharwad,Malaria,2024,13,4,1
Karnataka,Dharwad,Malaria,2024,14,4,0
Karnataka,Dharwad,Malaria,2024,15,4,1
Karnataka,Dharwad,Malaria,2024,16,5,0
Karnataka,Dharwad,Malaria,2024,17,7,0
Karnataka,Dharwad,Malaria,2024,18,6,0
Karnataka,Dharwad,Malaria,2024,19,8,0
Karnataka,Dharwad,Malaria,2024,20,8,0
Karnataka,Dharwad,Malaria,2024,21,8,0
Karnataka,Dharwad,Malaria,2024,22,11,0
Karnataka,Dharwad,Malaria,2024,23,10,0
Karnataka,Dharwad,Malaria,2024,24,14,0
Karnataka,Dharwad,Malaria,2024,25,10,0
Karnataka,Dharwad,Malaria,2024,26,12,0
Karnataka,Dharwad,Malaria,2024,27,12,0
Karnataka,Dharwad,Malaria,2024,28,15,0
Karnataka,Dharwad,Malaria,2024,29,0,0
Karnataka,Dharwad,Malaria,2024,30,13,0
Karnataka,Dharwad,Malaria,2024,31,14,0
Karnataka,Dharwad,Malaria,2024,32,14,0
Karnataka,Dharwad,Malaria,2024,33,14,0
Karnataka,Dharwad,Malaria,2024,34,13,0
Karnataka,Dharwad,Malaria,2024,35,10,0
Karnataka,Dharwad,Malaria,2024,36,12,0
Karnataka,Dharwad,Malaria,2024,37,12,0
Karnataka,Dharwad,Malaria,2024,38,11,0
Karnataka,Dharwad,Malaria,2024,39,14,0
Karnataka,Dharwad,Malaria,2024,40,11,0
Karnataka,Dharwad,Malaria,2024,41,10,0
Karnataka,Dharwad,Malaria,2024,42,10,0
Karnataka,Dharwad,Malaria,2024,43,9,0
Karnataka,Dharwad,Malaria,2024,44,9,0
Karnataka,Dharwad,Malaria,2024,45,9,0
Karnataka,Dharwad,Malaria,2024,46,8,0
Karnataka,Dharwad,Malaria,2024,47,7,0
Karnataka,Dharwad,Malaria,2024,48,6,0
Karnataka,Dharwad,Malaria,2024,49,6,0
Karnataka,Dharwad,Malaria,2024,50,5,0
Karnataka,Dharwad,Malaria,2024,51,5,0
Karnataka,Dharwad,Malaria,2024,52,4,0
Karnataka,Dharwad,Acute Diarrhoeal Disease,2017,1,18,0
Karnataka,Dharwad,Acute Diarrhoeal Disease,2017,2,8,0
Karnataka,Dharwad,Acute Diarrhoeal Disease,2017,3,11,0
Karnataka,Dharwad,Acute Diarrhoeal Disease,2017,4,9,0
Karnataka,Dharwad,Acute Diarrhoeal Disease,2017,5,12,0
Karnataka,Dharwad,Acute Diarrhoeal Disease,2017,6,11,0
Karnataka,Dharwad,Acute Diarrhoeal Disease,2017,7,9,0
Karnataka,Dharwad,Acute Diarrhoeal Disease,2017,8,8,0
Karnataka,Dharwad,Acute Diarrhoeal Disease,2017,9,5,0
Karnataka,Dharwad,Acute Diarrhoeal Disease,2017,10,5,0
Karnataka,Dharwad,Acute Diarrhoeal Disease,2017,11,7,0
Karnataka,Dharwad,Acute Diarrhoeal Disease,2017,12,2,0
Karnataka,Dharwad,Acute Diarrhoeal Disease,2017,13,3,0
Karnataka,Dharwad,Acute Diarrhoeal Disease,2017,14,5,0
Karnataka,Dharwad,Acute Diarrhoeal Disease,2017,15,3,0
Karnataka,Dharwad,Acute Diarrhoeal Disease,2017,16,2,0
Karnataka,Dharwad,Acute Diarrhoeal Disease,2017,17,3,0
Karnataka,Dharwad,Acute Diarrhoeal Disease,2017,18,9,0
Karnataka,Dharwad,Acute Diarrhoeal Disease,2017,19,10,1
Karnataka,Dharwad,Acute Diarrhoeal Disease,2017,20,2,0
Karnataka,Dharwad,Acute Diarrhoeal Disease,2017,21,11,0
Karnataka,Dharwad,Acute Diarrhoeal Disease,2017,22,12,0
Karnataka,Dharwad,Acute Diarrhoeal Disease,2017,23,12,0
Karnataka,Dharwad,Acute Diarrhoeal Disease,2017,24,12,0
Karnataka,Dharwad,Acute Diarrhoeal Disease,2017,25,16,0
Karnataka,Dharwad,Acute Diarrhoeal Disease,2017,26,19,0
Karnataka,Dharwad,Acute Diarrhoeal Disease,2017,27,20,0
Karnataka,Dharwad,Acute Diarrhoeal Disease,2017,28,22,0
Karnataka,Dharwad,Acute Diarrhoeal Disease,2017,29,26,0
Karnataka,Dharwad,Acute Diarrhoeal Disease,2017,30,29,0
Karnataka,Dharwad,Acute Diarrhoeal Disease,2017,31,34,0
Karnataka,Dharwad,Acute Diarrhoeal Disease,2017,32,29,0
Karnataka,Dharwad,Acute Diarrhoeal Disease,2017,33,35,0
Karnataka,Dharwad,Acute Diarrhoeal Disease,2017,34,32,0
Karnataka,Dharwad,Acute Diarrhoeal Disease,2017,35,33,0
Karnataka,Dharwad,Acute Diarrhoeal Disease,2017,36,40,0
Karnataka,Dharwad,Acute Diarrhoeal Disease,2017,37,31,0
Karnataka,Dharwad,Acute Diarrhoeal Disease,2017,38,37,0
Karnataka,Dharwad,Acute Diarrhoeal Disease,2017,39,38,0
Karnataka,Dharwad,Acute Diarrhoeal Disease,2017,40,34,0
Karnataka,Dharwad,Acute Diarrhoeal Disease,2017,41,36,0
Karnataka,Dharwad,Acute Diarrhoeal Disease,2017,42,30,0
Karnataka,Dharwad,Acute Diarrhoeal Disease,2017,43,28,0
Karnataka,Dharwad,Acute Diarrhoeal Disease,2017,44,29,0
Karnataka,Dharwad,Acute Diarrhoeal Disease,2017,45,30,0
Karnataka,Dharwad,Acute Diarrhoeal Disease,2017,46,29,0
Karnataka,Dharwad,Acute Diarrhoeal Disease,2017,47,28,0
Karnataka,Dharwad,Acute Diarrhoeal Disease,2017,48,23,0
Karnataka,Dharwad,Acute Diarrhoeal Disease,2017,49,17,0
Karnataka,Dharwad,Acute Diarrhoeal Disease,2017,50,18,0
Karnataka,Dharwad,Acute Diarrhoeal Disease,2017,51,19,0
Karnataka,Dharwad,Acute Diarrhoeal Disease,2017,52,18,0
Karnataka,Dharwad,Acute Diarrhoeal Disease,2018,1,17,0
Karnataka,Dharwad,Acute Diarrhoeal Disease,2018,2,13,0
Karnataka,Dharwad,Acute Diarrhoeal Disease,2018,3,13,0
Karnataka,Dharwad,Acute Diarrhoeal Disease,2018,4,13,0
Karnataka,Dharwad,Acute Diarrhoeal Disease,2018,5,7,0
Karnataka,Dharwad,Acute Diarrhoeal Disease,2018,6,7,0
Karnataka,Dharwad,Acute Diarrhoeal Disease,2018,7,9,0
Karnataka,Dharwad,Acute Diarrhoeal Disease,2018,8,4,0
Karnataka,Dharwad,Acute Diarrhoeal Disease,2018,9,5,0
Karnataka,Dharwad,Acute Diarrhoeal Disease,2018,10,1,0
Karnataka,Dharwad,Acute Diarrhoeal Disease,2018,11,5,0
Karnataka,Dharwad,Acute Diarrhoeal Disease,2018,12,0,0
Karnataka,Dharwad,Acute Diarrhoeal Disease,2018,13,3,0
Karnataka,Dharwad,Acute Diarrhoeal Disease,2018,14,0,0
Karnataka,Dharwad,Acute Diarrhoeal Disease,2018,15,7,0
Karnataka,Dharwad,Acute Diarrhoeal Disease,2018,16,3,0
Karnataka,Dharwad,Acute Diarrhoeal Disease,2018,17,7,0
Karnataka,Dharwad,Acute Diarrhoeal Disease,2018,18,12,0
Karnataka,Dharwad,Acute Diarrhoeal Disease,2018,19,11,0
Karnataka,Dharwad,Acute Diarrhoeal Disease,2018,20,10,0
Karnataka,Dharwad,Acute Diarrhoeal Disease,2018,21,14,0
Karnataka,Dharwad,Acute Diarrhoeal Disease,2018,22,13,0
Karnataka,Dharwad,Acute Diarrhoeal Disease,2018,23,18,0
Karnataka,Dharwad,Acute Diarrhoeal Disease,2018,24,17,0
Karnataka,Dharwad,Acute Diarrhoeal Disease,2018,25,0,0
Karnataka,Dharwad,Acute Diarrhoeal Disease,2018,26,22,0
Karnataka,Dharwad,Acute Diarrhoeal Disease,2018,27,26,0
Karnataka,Dharwad,Acute Diarrhoeal Disease,2018,28,28,0
Karnataka,Dharwad,Acute Diarrhoeal Disease,2018,29,26,0
Karnataka,Dharwad,Acute Diarrhoeal Disease,2018,30,31,0
Karnataka,Dharwad,Acute Diarrhoeal Disease,2018,31,25,0
Karnataka,Dharwad,Acute Diarrhoeal Disease,2018,32,33,0
Karnataka,Dharwad,Acute Diarrhoeal Disease,2018,33,34,0
Karnataka,Dharwad,Acute Diarrhoeal Disease,2018,34,37,2
Karnataka,Dharwad,Acute Diarrhoeal Disease,2018,35,31,0
Karnataka,Dharwad,Acute Diarrhoeal Disease,2018,36,36,0
Karnataka,Dharwad,Acute Diarrhoeal Disease,2018,37,36,0
Karnataka,Dharwad,Acute Diarrhoeal Disease,2018,38,32,0
Karnataka,Dharwad,Acute Diarrhoeal Disease,2018,39,33,0
Karnataka,Dharwad,Acute Diarrhoeal Disease,2018,40,37,0
Karnataka,Dharwad,Acute Diarrhoeal Disease,2018,41,34,0
Karnataka,Dharwad,Acute Diarrhoeal Disease,2018,42,42,0
Karnataka,Dharwad,Acute Diarrhoeal Disease,2018,43,38,0
Karnataka,Dharwad,Acute Diarrhoeal Disease,2018,44,30,0
Karnataka,Dharwad,Acute Diarrhoeal Disease,2018,45,29,0
Karnataka,Dharwad,Acute Diarrhoeal Disease,2018,46,29,0
Karnataka,Dharwad,Acute Diarrhoeal Disease,2018,47,29,0
Karnataka,Dharwad,Acute Diarrhoeal Disease,2018,48,26,0
Karnataka,Dharwad,Acute Diarrhoeal Disease,2018,49,20,0
Karnataka,Dharwad,Acute Diarrhoeal Disease,2018,50,18,0
Karnataka,Dharwad,Acute Diarrhoeal Disease,2018,51,21,0
Karnataka,Dharwad,Acute Diarrhoeal Disease,2018,52,20,0
Karnataka,Dharwad,Acute Diarrhoeal Disease,2019,1,15,0
Karnataka,Dharwad,Acute Diarrhoeal Disease,2019,2,14,0
Karnataka,Dharwad,Acute Diarrhoeal Disease,2019,3,15,0
Karnataka,Dharwad,Acute Diarrhoeal Disease,2019,4,10,0
Karnataka,Dharwad,Acute Diarrhoeal Disease,2019,5,9,0
Karnataka,Dharwad,Acute Diarrhoeal Disease,2019,6,7,0
Karnataka,Dharwad,Acute Diarrhoeal Disease,2019,7,2,0
Karnataka,Dharwad,Acute Diarrhoeal Disease,2019,8,6,0
Karnataka,Dharwad,Acute Diarrhoeal Disease,2019,9,4,0
Karnataka,Dharwad,Acute Diarrhoeal Disease,2019,10,5,0
Karnataka,Dharwad,Acute Diarrhoeal Disease,2019,11,5,0
Karnataka,Dharwad,Acute Diarrhoeal Disease,2019,12,4,0
Karnataka,Dharwad,Acute Diarrhoeal Disease,2019,13,1,0
Karnataka,Dharwad,Acute Diarrhoeal Disease,2019,14,1,0
Karnataka,Dharwad,Acute Diarrhoeal Disease,2019,15,0,0
Karnataka,Dharwad,Acute Diarrhoeal Disease,2019,16,6,0
Karnataka,Dharwad,Acute Diarrhoeal Disease,2019,17,6,0
Karnataka,Dharwad,Acute Diarrhoeal Disease,2019,18,8,0
Karnataka,Dharwad,Acute Diarrhoeal Disease,2019,19,13,0
Karnataka,Dharwad,Acute Diarrhoeal Disease,2019,20,9,0
Karnataka,Dharwad,Acute Diarrhoeal Disease,2019,21,10,0
Karnataka,Dharwad,Acute Diarrhoeal Disease,2019,22,12,0
Karnataka,Dharwad,Acute Diarrhoeal Disease,2019,23,15,0
Karnataka,Dharwad,Acute Diarrhoeal Disease,2019,24,16,0
Karnataka,Dharwad,Acute Diarrhoeal Disease,2019,25,18,0
Karnataka,Dharwad,Acute Diarrhoeal Disease,2019,26,23,0
Karnataka,Dharwad,Acute Diarrhoeal Disease,2019,27,21,0
Karnataka,Dharwad,Acute Diarrhoeal Disease,2019,28,23,0
Karnataka,Dharwad,Acute Diarrhoeal Disease,2019,29,26,0
Karnataka,Dharwad,Acute Diarrhoeal Disease,2019,30,28,1
Karnataka,Dharwad,Acute Diarrhoeal Disease,2019,31,31,0
Karnataka,Dharwad,Acute Diarrhoeal Disease,2019,32,34,0
Karnataka,Dharwad,Acute Diarrhoeal Disease,2019,33,33,0
Karnataka,Dharwad,Acute Diarrhoeal Disease,2019,34,36,0
Karnataka,Dharwad,Acute Diarrhoeal Disease,2019,35,33,0
Karnataka,Dharwad,Acute Diarrhoeal Disease,2019,36,40,0
Karnataka,Dharwad,Acute Diarrhoeal Disease,2019,37,39,0
Karnataka,Dharwad,Acute Diarrhoeal Disease,2019,38,34,0
Karnataka,Dharwad,Acute Diarrhoeal Disease,2019,39,38,0
Karnataka,Dharwad,Acute Diarrhoeal Disease,2019,40,33,0
Karnataka,Dharwad,Acute Diarrhoeal Disease,2019,41,39,0
Karnataka,Dharwad,Acute Diarrhoeal Disease,2019,42,32,0
Karnataka,Dharwad,Acute Diarrhoeal Disease,2019,43,34,0
Karnataka,Dharwad,Acute Diarrhoeal Disease,2019,44,31,0
Karnataka,Dharwad,Acute Diarrhoeal Disease,2019,45,32,0
Karnataka,Dharwad,Acute Diarrhoeal Disease,2019,46,28,0
Karnataka,Dharwad,Acute Diarrhoeal Disease,2019,47,22,0
Karnataka,Dharwad,Acute Diarrhoeal Disease,2019,48,24,0
Karnataka,Dharwad,Acute Diarrhoeal Disease,2019,49,19,0
Karnataka,Dharwad,Acute Diarrhoeal Disease,2019,50,19,0
Karnataka,Dharwad,Acute Diarrhoeal Disease,2019,51,18,1
Karnataka,Dharwad,Acute Diarrhoeal Disease,2019,52,17,0
Karnataka,Dharwad,Acute Diarrhoeal Disease,2020,1,18,0
Karnataka,Dharwad,Acute Diarrhoeal Disease,2020,2,14,0
Karnataka,Dharwad,Acute Diarrhoeal Disease,2020,3,15,0
Karnataka,Dharwad,Acute Diarrhoeal Disease,2020,4,12,1
Karnataka,Dharwad,Acute Diarrhoeal Disease,2020,5,13,0
Karnataka,Dharwad,Acute Diarrhoeal Disease,2020,6,4,0
Karnataka,Dharwad,Acute Diarrhoeal Disease,2020,7,10,0
Karnataka,Dharwad,Acute Diarrhoeal Disease,2020,8,4,1
Karnataka,Dharwad,Acute Diarrhoeal Disease,2020,9,5,0
Karnataka,Dharwad,Acute Diarrhoeal Disease,2020,10,3,1
Karnataka,Dharwad,Acute Diarrhoeal Disease,2020,11,5,0
Karnataka,Dharwad,Acute Diarrhoeal Disease,2020,12,5,0
Karnataka,Dharwad,Acute Diarrhoeal Disease,2020,13,0,0
Karnataka,Dharwad,Acute Diarrhoeal Disease,2020,14,2,0
Karnataka,Dharwad,Acute Diarrhoeal Disease,2020,15,0,0
Karnataka,Dharwad,Acute Diarrhoeal Disease,2020,16,3,0
Karnataka,Dharwad,Acute Diarrhoeal Disease,2020,17,10,0
Karnataka,Dharwad,Acute Diarrhoeal Disease,2020,18,4,0
Karnataka,Dharwad,Acute Diarrhoeal Disease,2020,19,9,0
Karnataka,Dharwad,Acute Diarrhoeal Disease,2020,20,10,1
Karnataka,Dharwad,Acute Diarrhoeal Disease,2020,21,13,0
Karnataka,Dharwad,Acute Diarrhoeal Disease,2020,22,12,0
Karnataka,Dharwad,Acute Diarrhoeal Disease,2020,23,17,0
Karnataka,Dharwad,Acute Diarrhoeal Disease,2020,24,17,0
Karnataka,Dharwad,Acute Diarrhoeal Disease,2020,25,21,0
Karnataka,Dharwad,Acute Diarrhoeal Disease,2020,26,17,0
Karnataka,Dharwad,Acute Diarrhoeal Disease,2020,27,18,0
Karnataka,Dharwad,Acute Diarrhoeal Disease,2020,28,25,0
Karnataka,Dharwad,Acute Diarrhoeal Disease,2020,29,28,0
Karnataka,Dharwad,Acute Diarrhoeal Disease,2020,30,29,0
Karnataka,Dharwad,Acute Diarrhoeal Disease,2020,31,35,0
Karnataka,Dharwad,Acute Diarrhoeal Disease,2020,32,31,0
Karnataka,Dharwad,Acute Diarrhoeal Disease,2020,33,30,0
Karnataka,Dharwad,Acute Diarrhoeal Disease,2020,34,30,0
Karnataka,Dharwad,Acute Diarrhoeal Disease,2020,35,38,0
Karnataka,Dharwad,Acute Diarrhoeal Disease,2020,36,31,0
Karnataka,Dharwad,Acute Diarrhoeal Disease,2020,37,35,0
Karnataka,Dharwad,Acute Diarrhoeal Disease,2020,38,34,0
Karnataka,Dharwad,Acute Diarrhoeal Disease,2020,39,35,0
Karnataka,Dharwad,Acute Diarrhoeal Disease,2020,40,38,0
Karnataka,Dharwad,Acute Diarrhoeal Disease,2020,41,37,0
Karnataka,Dharwad,Acute Diarrhoeal Disease,2020,42,31,0
Karnataka,Dharwad,Acute Diarrhoeal Disease,2020,43,33,0
Karnataka,Dharwad,Acute Diarrhoeal Disease,2020,44,33,0
Karnataka,Dharwad,Acute Diarrhoeal Disease,2020,45,31,0
Karnataka,Dharwad,Acute Diarrhoeal Disease,2020,46,30,0
Karnataka,Dharwad,Acute Diarrhoeal Disease,2020,47,28,0
Karnataka,Dharwad,Acute Diarrhoeal Disease,2020,48,25,0
Karnataka,Dharwad,Acute Diarrhoeal Disease,2020,49,25,0
Karnataka,Dharwad,Acute Diarrhoeal Disease,2020,50,28,0
Karnataka,Dharwad,Acute Diarrhoeal Disease,2020,51,19,0
Karnataka,Dharwad,Acute Diarrhoeal Disease,2020,52,22,0
Karnataka,Dharwad,Acute Diarrhoeal Disease,2021,1,17,0
Karnataka,Dharwad,Acute Diarrhoeal Disease,2021,2,12,0
Karnataka,Dharwad,Acute Diarrhoeal Disease,2021,3,11,0
Karnataka,Dharwad,Acute Diarrhoeal Disease,2021,4,13,0
Karnataka,Dharwad,Acute Diarrhoeal Disease,2021,5,7,0
Karnataka,Dharwad,Acute Diarrhoeal Disease,2021,6,4,0
Karnataka,Dharwad,Acute Diarrhoeal Disease,2021,7,5,0
Karnataka,Dharwad,Acute Diarrhoeal Disease,2021,8,3,0
Karnataka,Dharwad,Acute Diarrhoeal Disease,2021,9,1,0
Karnataka,Dharwad,Acute Diarrhoeal Disease,2021,10,7,0
Karnataka,Dharwad,Acute Diarrhoeal Disease,2021,11,0,0
Karnataka,Dharwad,Acute Diarrhoeal Disease,2021,12,3,0
Karnataka,Dharwad,Acute Diarrhoeal Disease,2021,13,8,0
Karnataka,Dharwad,Acute Diarrhoeal Disease,2021,14,0,0
Karnataka,Dharwad,Acute Diarrhoeal Disease,2021,15,2,0
Karnataka,Dharwad,Acute Diarrhoeal Disease,2021,16,5,0
Karnataka,Dharwad,Acute Diarrhoeal Disease,2021,17,6,0
Karnataka,Dharwad,Acute Diarrhoeal Disease,2021,18,9,0
Karnataka,Dharwad,Acute Diarrhoeal Disease,2021,19,8,0
Karnataka,Dharwad,Acute Diarrhoeal Disease,2021,20,8,0
Karnataka,Dharwad,Acute Diarrhoeal Disease,2021,21,12,0
Karnataka,Dharwad,Acute Diarrhoeal Disease,2021,22,17,0
Karnataka,Dharwad,Acute Diarrhoeal Disease,2021,23,17,0
Karnataka,Dharwad,Acute Diarrhoeal Disease,2021,24,19,0
Karnataka,Dharwad,Acute Diarrhoeal Disease,2021,25,21,0
Karnataka,Dharwad,Acute Diarrhoeal Disease,2021,26,20,2
Karnataka,Dharwad,Acute Diarrhoeal Disease,2021,27,24,0
Karnataka,Dharwad,Acute Diarrhoeal Disease,2021,28,24,0
Karnataka,Dharwad,Acute Diarrhoeal Disease,2021,29,28,0
Karnataka,Dharwad,Acute Diarrhoeal Disease,2021,30,27,0
Karnataka,Dharwad,Acute Diarrhoeal Disease,2021,31,28,0
Karnataka,Dharwad,Acute Diarrhoeal Disease,2021,32,31,0
Karnataka,Dharwad,Acute Diarrhoeal Disease,2021,33,32,0
Karnataka,Dharwad,Acute Diarrhoeal Disease,2021,34,35,0
Karnataka,Dharwad,Acute Diarrhoeal Disease,2021,35,36,0
Karnataka,Dharwad,Acute Diarrhoeal Disease,2021,36,35,0
Karnataka,Dharwad,Acute Diarrhoeal Disease,2021,37,34,0
Karnataka,Dharwad,Acute Diarrhoeal Disease,2021,38,33,1
Karnataka,Dharwad,Acute Diarrhoeal Disease,2021,39,40,0
Karnataka,Dharwad,Acute Diarrhoeal Disease,2021,40,34,0
Karnataka,Dharwad,Acute Diarrhoeal Disease,2021,41,37,0
Karnataka,Dharwad,Acute Diarrhoeal Disease,2021,42,30,0
Karnataka,Dharwad,Acute Diarrhoeal Disease,2021,43,33,0
Karnataka,Dharwad,Acute Diarrhoeal Disease,2021,44,34,0
Karnataka,Dharwad,Acute Diarrhoeal Disease,2021,45,31,0
Karnataka,Dharwad,Acute Diarrhoeal Disease,2021,46,29,0
Karnataka,Dharwad,Acute Diarrhoeal Disease,2021,47,27,0
Karnataka,Dharwad,Acute Diarrhoeal Disease,2021,48,24,0
Karnataka,Dharwad,Acute Diarrhoeal Disease,2021,49,23,0
Karnataka,Dharwad,Acute Diarrhoeal Disease,2021,50,20,0
Karnataka,Dharwad,Acute Diarrhoeal Disease,2021,51,21,0
Karnataka,Dharwad,Acute Diarrhoeal Disease,2021,52,20,0
Karnataka,Dharwad,Acute Diarrhoeal Disease,2022,1,13,0
Karnataka,Dharwad,Acute Diarrhoeal Disease,2022,2,15,0
Karnataka,Dharwad,Acute Diarrhoeal Disease,2022,3,16,0
Karnataka,Dharwad,Acute Diarrhoeal Disease,2022,4,10,0
Karnataka,Dharwad,Acute Diarrhoeal Disease,2022,5,13,0
Karnataka,Dharwad,Acute Diarrhoeal Disease,2022,6,9,0
Karnataka,Dharwad,Acute Diarrhoeal Disease,2022,7,7,0
Karnataka,Dharwad,Acute Diarrhoeal Disease,2022,8,4,0
Karnataka,Dharwad,Acute Diarrhoeal Disease,2022,9,5,0
Karnataka,Dharwad,Acute Diarrhoeal Disease,2022,10,0,0
Karnataka,Dharwad,Acute Diarrhoeal Disease,2022,11,3,0
Karnataka,Dharwad,Acute Diarrhoeal Disease,2022,12,1,0
Karnataka,Dharwad,Acute Diarrhoeal Disease,2022,13,4,0
Karnataka,Dharwad,Acute Diarrhoeal Disease,2022,14,5,0
Karnataka,Dharwad,Acute Diarrhoeal Disease,2022,15,0,0
Karnataka,Dharwad,Acute Diarrhoeal Disease,2022,16,1,0
Karnataka,Dharwad,Acute Diarrhoeal Disease,2022,17,5,0
Karnataka,Dharwad,Acute Diarrhoeal Disease,2022,18,9,0
Karnataka,Dharwad,Acute Diarrhoeal Disease,2022,19,8,0
Karnataka,Dharwad,Acute Diarrhoeal Disease,2022,20,9,0
Karnataka,Dharwad,Acute Diarrhoeal Disease,2022,21,10,0
Karnataka,Dharwad,Acute Diarrhoeal Disease,2022,22,9,0
Karnataka,Dharwad,Acute Diarrhoeal Disease,2022,23,16,0
Karnataka,Dharwad,Acute Diarrhoeal Disease,2022,24,17,0
Karnataka,Dharwad,Acute Diarrhoeal Disease,2022,25,19,0
Karnataka,Dharwad,Acute Diarrhoeal Disease,2022,26,20,0
Karnataka,Dharwad,Acute Diarrhoeal Disease,2022,27,19,0
Karnataka,Dharwad,Acute Diarrhoeal Disease,2022,28,0,0
Karnataka,Dharwad,Acute Diarrhoeal Disease,2022,29,27,0
Karnataka,Dharwad,Acute Diarrhoeal Disease,2022,30,29,0
Karnataka,Dharwad,Acute Diarrhoeal Disease,2022,31,30,0
Karnataka,Dharwad,Acute Diarrhoeal Disease,2022,32,34,0
Karnataka,Dharwad,Acute Diarrhoeal Disease,2022,33,29,0
Karnataka,Dharwad,Acute Diarrhoeal Disease,2022,34,34,0
Karnataka,Dharwad,Acute Diarrhoeal Disease,2022,35,32,0
Karnataka,Dharwad,Acute Diarrhoeal Disease,2022,36,36,0
Karnataka,Dharwad,Acute Diarrhoeal Disease,2022,37,37,0
Karnataka,Dharwad,Acute Diarrhoeal Disease,2022,38,37,0
Karnataka,Dharwad,Acute Diarrhoeal Disease,2022,39,37,0
Karnataka,Dharwad,Acute Diarrhoeal Disease,2022,40,34,0
Karnataka,Dharwad,Acute Diarrhoeal Disease,2022,41,34,0
Karnataka,Dharwad,Acute Diarrhoeal Disease,2022,42,36,0
Karnataka,Dharwad,Acute Diarrhoeal Disease,2022,43,32,0
Karnataka,Dharwad,Acute Diarrhoeal Disease,2022,44,30,0
Karnataka,Dharwad,Acute Diarrhoeal Disease,2022,45,28,0
Karnataka,Dharwad,Acute Diarrhoeal Disease,2022,46,30,0
Karnataka,Dharwad,Acute Diarrhoeal Disease,2022,47,22,0
Karnataka,Dharwad,Acute Diarrhoeal Disease,2022,48,25,0
Karnataka,Dharwad,Acute Diarrhoeal Disease,2022,49,19,0
Karnataka,Dharwad,Acute Diarrhoeal Disease,2022,50,20,0
Karnataka,Dharwad,Acute Diarrhoeal Disease,2022,51,22,0
Karnataka,Dharwad,Acute Diarrhoeal Disease,2022,52,20,0
Karnataka,Dharwad,Acute Diarrhoeal Disease,2023,1,16,0
Karnataka,Dharwad,Acute Diarrhoeal Disease,2023,2,12,0
Karnataka,Dharwad,Acute Diarrhoeal Disease,2023,3,12,0
Karnataka,Dharwad,Acute Diarrhoeal Disease,2023,4,9,0
Karnataka,Dharwad,Acute Diarrhoeal Disease,2023,5,8,0
Karnataka,Dharwad,Acute Diarrhoeal Disease,2023,6,3,0
Karnataka,Dharwad,Acute Diarrhoeal Disease,2023,7,6,0
Karnataka,Dharwad,Acute Diarrhoeal Disease,2023,8,7,0
Karnataka,Dharwad,Acute Diarrhoeal Disease,2023,9,5,0
Karnataka,Dharwad,Acute Diarrhoeal Disease,2023,10,5,0
Karnataka,Dharwad,Acute Diarrhoeal Disease,2023,11,6,0
Karnataka,Dharwad,Acute Diarrhoeal Disease,2023,12,6,0
Karnataka,Dharwad,Acute Diarrhoeal Disease,2023,13,7,0
Karnataka,Dharwad,Acute Diarrhoeal Disease,2023,14,8,0
Karnataka,Dharwad,Acute Diarrhoeal Disease,2023,15,4,0
Karnataka,Dharwad,Acute Diarrhoeal Disease,2023,16,6,0
Karnataka,Dharwad,Acute Diarrhoeal Disease,2023,17,5,0
Karnataka,Dharwad,Acute Diarrhoeal Disease,2023,18,10,0
Karnataka,Dharwad,Acute Diarrhoeal Disease,2023,19,9,0
Karnataka,Dharwad,Acute Diarrhoeal Disease,2023,20,11,0
Karnataka,Dharwad,Acute Diarrhoeal Disease,2023,21,14,0
Karnataka,Dharwad,Acute Diarrhoeal Disease,2023,22,13,0
Karnataka,Dharwad,Acute Diarrhoeal Disease,2023,23,17,0
Karnataka,Dharwad,Acute Diarrhoeal Disease,2023,24,16,0
Karnataka,Dharwad,Acute Diarrhoeal Disease,2023,25,19,0
Karnataka,Dharwad,Acute Diarrhoeal Disease,2023,26,24,0
Karnataka,Dharwad,Acute Diarrhoeal Disease,2023,27,24,0
Karnataka,Dharwad,Acute Diarrhoeal Disease,2023,28,29,0
Karnataka,Dharwad,Acute Diarrhoeal Disease,2023,29,23,0
Karnataka,Dharwad,Acute Diarrhoeal Disease,2023,30,31,0
Karnataka,Dharwad,Acute Diarrhoeal Disease,2023,31,29,0
Karnataka,Dharwad,Acute Diarrhoeal Disease,2023,32,32,1
Karnataka,Dharwad,Acute Diarrhoeal Disease,2023,33,33,0
Karnataka,Dharwad,Acute Diarrhoeal Disease,2023,34,29,2
Karnataka,Dharwad,Acute Diarrhoeal Disease,2023,35,32,0
Karnataka,Dharwad,Acute Diarrhoeal Disease,2023,36,37,0
Karnataka,Dharwad,Acute Diarrhoeal Disease,2023,37,34,0
Karnataka,Dharwad,Acute Diarrhoeal Disease,2023,38,38,0
Karnataka,Dharwad,Acute Diarrhoeal Disease,2023,39,36,0
Karnataka,Dharwad,Acute Diarrhoeal Disease,2023,40,37,0
Karnataka,Dharwad,Acute Diarrhoeal Disease,2023,41,34,0
Karnataka,Dharwad,Acute Diarrhoeal Disease,2023,42,35,1
Karnataka,Dharwad,Acute Diarrhoeal Disease,2023,43,33,0
Karnataka,Dharwad,Acute Diarrhoeal Disease,2023,44,32,0
Karnataka,Dharwad,Acute Diarrhoeal Disease,2023,45,31,0
Karnataka,Dharwad,Acute Diarrhoeal Disease,2023,46,27,0
Karnataka,Dharwad,Acute Diarrhoeal Disease,2023,47,28,0
Karnataka,Dharwad,Acute Diarrhoeal Disease,2023,48,26,0
Karnataka,Dharwad,Acute Diarrhoeal Disease,2023,49,24,0
Karnataka,Dharwad,Acute Diarrhoeal Disease,2023,50,22,0
Karnataka,Dharwad,Acute Diarrhoeal Disease,2023,51,24,0
Karnataka,Dharwad,Acute Diarrhoeal Disease,2023,52,18,1
Karnataka,Dharwad,Acute Diarrhoeal Disease,2024,1,16,0
Karnataka,Dharwad,Acute Diarrhoeal Disease,2024,2,15,1
Karnataka,Dharwad,Acute Diarrhoeal Disease,2024,3,9,0
Karnataka,Dharwad,Acute Diarrhoeal Disease,2024,4,6,0
Karnataka,Dharwad,Acute Diarrhoeal Disease,2024,5,10,0
Karnataka,Dharwad,Acute Diarrhoeal Disease,2024,6,4,0
Karnataka,Dharwad,Acute Diarrhoeal Disease,2024,7,3,2
Karnataka,Dharwad,Acute Diarrhoeal Disease,2024,8,4,0
Karnataka,Dharwad,Acute Diarrhoeal Disease,2024,9,1,1
Karnataka,Dharwad,Acute Diarrhoeal Disease,2024,10,5,0
Karnataka,Dharwad,Acute Diarrhoeal Disease,2024,11,0,0
Karnataka,Dharwad,Acute Diarrhoeal Disease,2024,12,7,0
Karnataka,Dharwad,Acute Diarrhoeal Disease,2024,13,4,0
Karnataka,Dharwad,Acute Diarrhoeal Disease,2024,14,4,0
Karnataka,Dharwad,Acute Diarrhoeal Disease,2024,15,7,0
Karnataka,Dharwad,Acute Diarrhoeal Disease,2024,16,8,0
Karnataka,Dharwad,Acute Diarrhoeal Disease,2024,17,8,0
Karnataka,Dharwad,Acute Diarrhoeal Disease,2024,18,11,0
Karnataka,Dharwad,Acute Diarrhoeal Disease,2024,19,5,0
Karnataka,Dharwad,Acute Diarrhoeal Disease,2024,20,9,0
Karnataka,Dharwad,Acute Diarrhoeal Disease,2024,21,13,0
Karnataka,Dharwad,Acute Diarrhoeal Disease,2024,22,11,0
Karnataka,Dharwad,Acute Diarrhoeal Disease,2024,23,12,0
Karnataka,Dharwad,Acute Diarrhoeal Disease,2024,24,17,0
Karnataka,Dharwad,Acute Diarrhoeal Disease,2024,25,18,0
Karnataka,Dharwad,Acute Diarrhoeal Disease,2024,26,22,0
Karnataka,Dharwad,Acute Diarrhoeal Disease,2024,27,26,0
Karnataka,Dharwad,Acute Diarrhoeal Disease,2024,28,25,0
Karnataka,Dharwad,Acute Diarrhoeal Disease,2024,29,27,1
Karnataka,Dharwad,Acute Diarrhoeal Disease,2024,30,26,0
Karnataka,Dharwad,Acute Diarrhoeal Disease,2024,31,27,0
Karnataka,Dharwad,Acute Diarrhoeal Disease,2024,32,31,0
Karnataka,Dharwad,Acute Diarrhoeal Disease,2024,33,36,1
Karnataka,Dharwad,Acute Diarrhoeal Disease,2024,34,32,1
Karnataka,Dharwad,Acute Diarrhoeal Disease,2024,35,38,0
Karnataka,Dharwad,Acute Diarrhoeal Disease,2024,36,32,0
Karnataka,Dharwad,Acute Diarrhoeal Disease,2024,37,34,0
Karnataka,Dharwad,Acute Diarrhoeal Disease,2024,38,38,0
Karnataka,Dharwad,Acute Diarrhoeal Disease,2024,39,34,1
Karnataka,Dharwad,Acute Diarrhoeal Disease,2024,40,33,0
Karnataka,Dharwad,Acute Diarrhoeal Disease,2024,41,37,0
Karnataka,Dharwad,Acute Diarrhoeal Disease,2024,42,31,0
Karnataka,Dharwad,Acute Diarrhoeal Disease,2024,43,30,0
Karnataka,Dharwad,Acute Diarrhoeal Disease,2024,44,32,0
Karnataka,Dharwad,Acute Diarrhoeal Disease,2024,45,33,0
Karnataka,Dharwad,Acute Diarrhoeal Disease,2024,46,28,0
Karnataka,Dharwad,Acute Diarrhoeal Disease,2024,47,30,0
Karnataka,Dharwad,Acute Diarrhoeal Disease,2024,48,27,0
Karnataka,Dharwad,Acute Diarrhoeal Disease,2024,49,27,0
Karnataka,Dharwad,Acute Diarrhoeal Disease,2024,50,24,0
Karnataka,Dharwad,Acute Diarrhoeal Disease,2024,51,18,0
Karnataka,Dharwad,Acute Diarrhoeal Disease,2024,52,19,0
