district_id,district_name,division,block,village,species,disease_id,disease_name,week_start,reported_cases,deaths,reporter_type,lat,lon,state
PUNE,Pune,Pune,Baramati,barawadi4,buffalo,fmd,Foot-and-Mouth Disease,2024-07-01,0,0,farmer,18.435991,73.858307,Maharashtra
PUNE,Pune,Pune,Junnar,junnwadi98,goat,fmd,Foot-and-Mouth Disease,2024-07-01,0,0,para_vet,18.579842,73.808775,Maharashtra
PUNE,Pune,Pune,Velhe,velhbudruk11,sheep,ppr,Peste des Petits Ruminants,2024-07-01,0,0,para_vet,18.630345,73.820738,Maharashtra
PUNE,Pune,Pune,Bhor,bhorkhurd21,buffalo,brucellosis,Brucellosis,2024-07-01,0,0,livestock_inspector,18.484237,74.003557,Maharashtra
AHMEDNAGAR,Ahmednagar,Nashik,Nevasa,nevanagar75,goat,fmd,Foot-and-Mouth Disease,2024-07-01,0,0,livestock_inspector,19.053399,74.897198,Maharashtra
AHMEDNAGAR,Ahmednagar,Nashik,Nevasa,nevabudruk99,goat,ppr,Peste des Petits Ruminants,2024-07-01,0,0,field_vet,18.978266,74.72843,Maharashtra
AHMEDNAGAR,Ahmednagar,Nashik,Sangamner,sangbudruk31,poultry,ai_h5n1,Avian Influenza (H5N1),2024-07-01,0,0,farmer,19.017061,74.768207,Maharashtra
NASHIK,Nashik,Nashik,Niphad,niphkhurd76,buffalo,lsd,Lumpy Skin Disease,2024-07-01,0,0,para_vet,19.858457,73.852352,Maharashtra
KOLHAPUR,Kolhapur,Kolhapur,Panhala,panhbudruk60,cattle,fmd,Foot-and-Mouth Disease,2024-07-01,0,0,para_vet,16.817346,74.115915,Maharashtra
KOLHAPUR,Kolhapur,Kolhapur,Radhanagari,radhwadi12,buffalo,fmd,Foot-and-Mouth Disease,2024-07-01,0,0,para_vet,16.604893,74.238992,Maharashtra
KOLHAPUR,Kolhapur,Kolhapur,Gaganbawada,gagagaon24,sheep,ppr,Peste des Petits Ruminants,2024-07-01,0,0,farmer,16.733511,74.295864,Maharashtra
KOLHAPUR,Kolhapur,Kolhapur,Shirol,shirpur86,goat,brucellosis,Brucellosis,2024-07-01,0,0,field_vet,16.692167,74.372005,Maharashtra
SANGLI,Sangli,Kolhapur,Walwa,walwgaon32,cattle,fmd,Foot-and-Mouth Disease,2024-07-01,0,0,field_vet,16.787896,74.562955,Maharashtra
SANGLI,Sangli,Kolhapur,Miraj,mirapur35,sheep,fmd,Foot-and-Mouth Disease,2024-07-01,0,0,field_vet,16.883849,74.646784,Maharashtra
SANGLI,Sangli,Kolhapur,Jath,jathpeth71,goat,ppr,Peste des Petits Ruminants,2024-07-01,0,0,livestock_inspector,16.870672,74.465062,Maharashtra
SANGLI,Sangli,Kolhapur,Miraj,miratarf75,sheep,ppr,Peste des Petits Ruminants,2024-07-01,0,0,panchayat_member,16.746828,74.469734,Maharashtra
SANGLI,Sangli,Kolhapur,Kadegaon,kadenagar80,buffalo,brucellosis,Brucellosis,2024-07-01,0,0,para_vet,16.980129,74.502521,Maharashtra
SANGLI,Sangli,Kolhapur,Walwa,walwnagar86,goat,brucellosis,Brucellosis,2024-07-01,0,0,para_vet,16.782442,74.667712,Maharashtra
SOLAPUR,Solapur,Pune,Karmala,karmbudruk9,buffalo,fmd,Foot-and-Mouth Disease,2024-07-01,0,0,field_vet,17.615244,75.909222,Maharashtra
NAGPUR,Nagpur,Nagpur,Hingna,hingbudruk29,cattle,lsd,Lumpy Skin Disease,2024-07-01,0,0,para_vet,21.040006,78.952064,Maharashtra
NAGPUR,Nagpur,Nagpur,Umred,umrepeth7,cattle,brucellosis,Brucellosis,2024-07-01,0,0,panchayat_member,21.070559,79.192701,Maharashtra
LATUR,Latur,Aurangabad,Nilanga,nilabudruk99,cattle,fmd,Foot-and-Mouth Disease,2024-07-01,0,0,panchayat_member,18.404179,76.482174,Maharashtra
LATUR,Latur,Aurangabad,Renapur,renatarf70,buffalo,fmd,Foot-and-Mouth Disease,2024-07-01,0,0,farmer,18.300312,76.479778,Maharashtra
LATUR,Latur,Aurangabad,Nilanga,nilabudruk56,sheep,ppr,Peste des Petits Ruminants,2024-07-01,0,0,livestock_inspector,18.267507,76.511239,Maharashtra
LATUR,Latur,Aurangabad,Shirur Anantpal,shirwadi51,cattle,brucellosis,Brucellosis,2024-07-01,0,0,panchayat_member,18.428118,76.418531,Maharashtra
JALGAON,Jalgaon,Nashik,Raver,ravekhurd17,goat,fmd,Foot-and-Mouth Disease,2024-07-01,0,0,livestock_inspector,21.058538,75.581791,Maharashtra
JALGAON,Jalgaon,Nashik,Yawal,yawanagar51,buffalo,lsd,Lumpy Skin Disease,2024-07-01,0,0,para_vet,20.880499,75.619784,Maharashtra
JALGAON,Jalgaon,Nashik,Yawal,yawapeth91,buffalo,brucellosis,Brucellosis,2024-07-01,0,0,para_vet,20.988346,75.632739,Maharashtra
JALGAON,Jalgaon,Nashik,Raver,ravegaon36,poultry,ai_h5n1,Avian Influenza (H5N1),2024-07-01,0,0,livestock_inspector,20.930859,75.552013,Maharashtra
PUNE,Pune,Pune,Velhe,velhtarf34,cattle,fmd,Foot-and-Mouth Disease,2024-07-08,0,0,field_vet,18.454298,73.885547,Maharashtra
PUNE,Pune,Pune,Indapur,indapeth58,goat,fmd,Foot-and-Mouth Disease,2024-07-08,0,0,farmer,18.398316,73.773179,Maharashtra
PUNE,Pune,Pune,Mulshi,mulskhurd41,buffalo,lsd,Lumpy Skin Disease,2024-07-08,0,0,farmer,18.593264,73.991963,Maharashtra
PUNE,Pune,Pune,Junnar,junnpur82,buffalo,brucellosis,Brucellosis,2024-07-08,0,0,livestock_inspector,18.401176,73.71038,Maharashtra
PUNE,Pune,Pune,Indapur,indagaon9,goat,brucellosis,Brucellosis,2024-07-08,0,0,livestock_inspector,18.517924,73.879806,Maharashtra
AHMEDNAGAR,Ahmednagar,Nashik,Shrirampur,shripur71,cattle,lsd,Lumpy Skin Disease,2024-07-08,0,0,farmer,18.99176,74.720555,Maharashtra
AHMEDNAGAR,Ahmednagar,Nashik,Sangamner,sangbudruk90,buffalo,lsd,Lumpy Skin Disease,2024-07-08,0,0,livestock_inspector,18.966154,74.668027,Maharashtra
AHMEDNAGAR,Ahmednagar,Nashik,Rahuri,rahukhurd83,goat,ppr,Peste des Petits Ruminants,2024-07-08,0,0,para_vet,19.217323,74.845989,Maharashtra
NASHIK,Nashik,Nashik,Trimbakeshwar,trimnagar43,sheep,fmd,Foot-and-Mouth Disease,2024-07-08,0,0,field_vet,20.05734,73.89732,Maharashtra
KOLHAPUR,Kolhapur,Kolhapur,Shirol,shirtarf65,cattle,lsd,Lumpy Skin Disease,2024-07-08,0,0,field_vet,16.801165,74.178152,Maharashtra
SANGLI,Sangli,Kolhapur,Miraj,mirakhurd81,buffalo,lsd,Lumpy Skin Disease,2024-07-08,0,0,field_vet,17.001628,74.65553,Maharashtra
SANGLI,Sangli,Kolhapur,Miraj,mirabudruk46,sheep,ppr,Peste des Petits Ruminants,2024-07-08,0,0,field_vet,16.831606,74.504759,Maharashtra
SANGLI,Sangli,Kolhapur,Kadegaon,kadepur10,poultry,ai_h5n1,Avian Influenza (H5N1),2024-07-08,0,0,livestock_inspector,16.985971,74.727796,Maharashtra
SOLAPUR,Solapur,Pune,Pandharpur,pandtarf74,buffalo,fmd,Foot-and-Mouth Disease,2024-07-08,0,0,field_vet,17.807708,75.844969,Maharashtra
SOLAPUR,Solapur,Pune,Akkalkot,akkanagar23,cattle,brucellosis,Brucellosis,2024-07-08,0,0,para_vet,17.549548,75.918222,Maharashtra
SOLAPUR,Solapur,Pune,Barshi,barspur97,poultry,ai_h5n1,Avian Influenza (H5N1),2024-07-08,0,0,para_vet,17.767942,75.973665,Maharashtra
NAGPUR,Nagpur,Nagpur,Narkhed,narktarf79,sheep,fmd,Foot-and-Mouth Disease,2024-07-08,0,0,para_vet,21.190096,79.128821,Maharashtra
NAGPUR,Nagpur,Nagpur,Kamptee,kampbudruk64,cattle,lsd,Lumpy Skin Disease,2024-07-08,0,0,farmer,21.024958,79.204378,Maharashtra
NAGPUR,Nagpur,Nagpur,Katol,katogaon63,goat,ppr,Peste des Petits Ruminants,2024-07-08,0,0,panchayat_member,21.118235,79.223656,Maharashtra
NAGPUR,Nagpur,Nagpur,Saoner,saonkhurd17,poultry,ai_h5n1,Avian Influenza (H5N1),2024-07-08,0,0,panchayat_member,21.057362,79.187145,Maharashtra
LATUR,Latur,Aurangabad,Nilanga,nilapur70,buffalo,fmd,Foot-and-Mouth Disease,2024-07-08,0,0,field_vet,18.498354,76.443378,Maharashtra
LATUR,Latur,Aurangabad,Chakur,chakgaon96,sheep,fmd,Foot-and-Mouth Disease,2024-07-08,0,0,farmer,18.401674,76.643805,Maharashtra
LATUR,Latur,Aurangabad,Deoni,deonbudruk59,cattle,lsd,Lumpy Skin Disease,2024-07-08,0,0,farmer,18.277048,76.554095,Maharashtra
LATUR,Latur,Aurangabad,Renapur,renatarf49,goat,ppr,Peste des Petits Ruminants,2024-07-08,0,0,panchayat_member,18.417967,76.546515,Maharashtra
LATUR,Latur,Aurangabad,Chakur,chakkhurd53,cattle,brucellosis,Brucellosis,2024-07-08,0,0,field_vet,18.507026,76.530019,Maharashtra
LATUR,Latur,Aurangabad,Ausa,ausagaon56,goat,brucellosis,Brucellosis,2024-07-08,0,0,farmer,18.482177,76.522194,Maharashtra
JALGAON,Jalgaon,Nashik,Yawal,yawabudruk46,buffalo,fmd,Foot-and-Mouth Disease,2024-07-08,0,0,farmer,21.031076,75.476422,Maharashtra
JALGAON,Jalgaon,Nashik,Chopda,choppur21,goat,brucellosis,Brucellosis,2024-07-08,0,0,panchayat_member,20.872629,75.437074,Maharashtra
PUNE,Pune,Pune,Indapur,indabudruk6,cattle,fmd,Foot-and-Mouth Disease,2024-07-15,0,0,para_vet,18.488979,73.886497,Maharashtra
PUNE,Pune,Pune,Bhor,bhorbudruk38,buffalo,fmd,Foot-and-Mouth Disease,2024-07-15,0,0,field_vet,18.406395,73.855916,Maharashtra
PUNE,Pune,Pune,Junnar,junntarf29,cattle,brucellosis,Brucellosis,2024-07-15,0,0,field_vet,18.604135,73.729614,Maharashtra
PUNE,Pune,Pune,Ambegaon,ambetarf94,buffalo,brucellosis,Brucellosis,2024-07-15,0,0,para_vet,18.441281,73.750633,Maharashtra
PUNE,Pune,Pune,Indapur,indapeth97,goat,brucellosis,Brucellosis,2024-07-15,0,0,panchayat_member,18.598363,73.841372,Maharashtra
AHMEDNAGAR,Ahmednagar,Nashik,Kopargaon,kopabudruk36,cattle,fmd,Foot-and-Mouth Disease,2024-07-15,0,0,panchayat_member,18.961652,74.750201,Maharashtra
AHMEDNAGAR,Ahmednagar,Nashik,Parner,parnbudruk10,buffalo,fmd,Foot-and-Mouth Disease,2024-07-15,0,0,farmer,19.129303,74.75012,Maharashtra
AHMEDNAGAR,Ahmednagar,Nashik,Kopargaon,kopatarf87,sheep,ppr,Peste des Petits Ruminants,2024-07-15,0,0,panchayat_member,18.96051,74.787266,Maharashtra
AHMEDNAGAR,Ahmednagar,Nashik,Parner,parnpur43,cattle,brucellosis,Brucellosis,2024-07-15,0,0,farmer,19.119622,74.640429,Maharashtra
NASHIK,Nashik,Nashik,Igatpuri,igatpur10,goat,fmd,Foot-and-Mouth Disease,2024-07-15,0,0,field_vet,20.109629,73.670342,Maharashtra
NASHIK,Nashik,Nashik,Yeola,yeolpeth30,sheep,ppr,Peste des Petits Ruminants,2024-07-15,0,0,panchayat_member,19.928051,73.929679,Maharashtra
KOLHAPUR,Kolhapur,Kolhapur,Karveer,karvpur35,cattle,fmd,Foot-and-Mouth Disease,2024-07-15,0,0,livestock_inspector,16.826592,74.137505,Maharashtra
KOLHAPUR,Kolhapur,Kolhapur,Shirol,shirtarf4,buffalo,fmd,Foot-and-Mouth Disease,2024-07-15,0,0,livestock_inspector,16.570977,74.243902,Maharashtra
KOLHAPUR,Kolhapur,Kolhapur,Radhanagari,radhpeth58,cattle,lsd,Lumpy Skin Disease,2024-07-15,0,0,panchayat_member,16.556575,74.117068,Maharashtra
KOLHAPUR,Kolhapur,Kolhapur,Gaganbawada,gagakhurd92,cattle,brucellosis,Brucellosis,2024-07-15,0,0,para_vet,16.642382,74.093769,Maharashtra
KOLHAPUR,Kolhapur,Kolhapur,Radhanagari,radhgaon68,buffalo,brucellosis,Brucellosis,2024-07-15,0,0,field_vet,16.575304,74.251118,Maharashtra
KOLHAPUR,Kolhapur,Kolhapur,Karveer,karvtarf9,poultry,ai_h5n1,Avian Influenza (H5N1),2024-07-15,0,0,field_vet,16.627338,74.290431,Maharashtra
SANGLI,Sangli,Kolhapur,Jath,jathpeth5,goat,fmd,Foot-and-Mouth Disease,2024-07-15,0,0,field_vet,16.762877,74.668833,Maharashtra
SANGLI,Sangli,Kolhapur,Jath,jathtarf35,buffalo,lsd,Lumpy Skin Disease,2024-07-15,0,0,farmer,16.942203,74.562585,Maharashtra
SANGLI,Sangli,Kolhapur,Jath,jathpeth48,goat,ppr,Peste des Petits Ruminants,2024-07-15,0,0,panchayat_member,16.782416,74.456283,Maharashtra
SANGLI,Sangli,Kolhapur,Shirala,shirnagar22,cattle,brucellosis,Brucellosis,2024-07-15,0,0,livestock_inspector,16.807864,74.444207,Maharashtra
SOLAPUR,Solapur,Pune,Barshi,barskhurd83,cattle,fmd,Foot-and-Mouth Disease,2024-07-15,0,0,field_vet,17.618545,76.04124,Maharashtra
SOLAPUR,Solapur,Pune,Karmala,karmpeth28,cattle,lsd,Lumpy Skin Disease,2024-07-15,0,0,panchayat_member,17.595573,76.031344,Maharashtra
NAGPUR,Nagpur,Nagpur,Kamptee,kamppur39,buffalo,lsd,Lumpy Skin Disease,2024-07-15,0,0,para_vet,21.04439,79.218621,Maharashtra
NAGPUR,Nagpur,Nagpur,Hingna,hingbudruk17,goat,ppr,Peste des Petits Ruminants,2024-07-15,0,0,field_vet,21.180128,78.966229,Maharashtra
NAGPUR,Nagpur,Nagpur,Umred,umrebudruk84,buffalo,brucellosis,Brucellosis,2024-07-15,0,0,para_vet,21.225888,79.063176,Maharashtra
LATUR,Latur,Aurangabad,Renapur,renagaon41,goat,fmd,Foot-and-Mouth Disease,2024-07-15,0,0,para_vet,18.398742,76.490642,Maharashtra
LATUR,Latur,Aurangabad,Chakur,chaknagar32,sheep,fmd,Foot-and-Mouth Disease,2024-07-15,0,0,para_vet,18.502843,76.690525,Maharashtra
LATUR,Latur,Aurangabad,Chakur,chakpeth31,buffalo,lsd,Lumpy Skin Disease,2024-07-15,0,0,para_vet,18.433803,76.424997,Maharashtra
LATUR,Latur,Aurangabad,Ausa,ausagaon56,goat,ppr,Peste des Petits Ruminants,2024-07-15,0,0,para_vet,18.523537,76.628652,Maharashtra
JALGAON,Jalgaon,Nashik,Yawal,yawapeth67,cattle,fmd,Foot-and-Mouth Disease,2024-07-15,0,0,livestock_inspector,20.902382,75.68054,Maharashtra
JALGAON,Jalgaon,Nashik,Erandol,eranpur68,sheep,ppr,Peste des Petits Ruminants,2024-07-15,0,0,panchayat_member,21.090082,75.526657,Maharashtra
JALGAON,Jalgaon,Nashik,Erandol,erantarf54,cattle,brucellosis,Brucellosis,2024-07-15,0,0,para_vet,20.981588,75.473768,Maharashtra
PUNE,Pune,Pune,Junnar,junnbudruk91,goat,fmd,Foot-and-Mouth Disease,2024-07-22,0,0,para_vet,18.577472,73.853401,Maharashtra
PUNE,Pune,Pune,Junnar,junnbudruk18,sheep,ppr,Peste des Petits Ruminants,2024-07-22,0,0,farmer,18.555103,73.882749,Maharashtra
PUNE,Pune,Pune,Baramati,baratarf92,cattle,brucellosis,Brucellosis,2024-07-22,0,0,livestock_inspector,18.400563,73.93793,Maharashtra
PUNE,Pune,Pune,Junnar,junntarf37,goat,brucellosis,Brucellosis,2024-07-22,0,0,farmer,18.642781,73.733538,Maharashtra
AHMEDNAGAR,Ahmednagar,Nashik,Rahuri,rahunagar64,cattle,fmd,Foot-and-Mouth Disease,2024-07-22,0,0,para_vet,19.225783,74.886639,Maharashtra
AHMEDNAGAR,Ahmednagar,Nashik,Nevasa,nevagaon43,buffalo,fmd,Foot-and-Mouth Disease,2024-07-22,0,0,field_vet,19.081105,74.790394,Maharashtra
AHMEDNAGAR,Ahmednagar,Nashik,Parner,parngaon43,goat,fmd,Foot-and-Mouth Disease,2024-07-22,0,0,para_vet,19.164136,74.792486,Maharashtra
AHMEDNAGAR,Ahmednagar,Nashik,Sangamner,sangkhurd8,cattle,brucellosis,Brucellosis,2024-07-22,0,0,farmer,19.084418,74.645915,Maharashtra
NASHIK,Nashik,Nashik,Trimbakeshwar,trimwadi96,cattle,brucellosis,Brucellosis,2024-07-22,0,0,para_vet,20.029793,73.653587,Maharashtra
KOLHAPUR,Kolhapur,Kolhapur,Gaganbawada,gaganagar68,goat,fmd,Foot-and-Mouth Disease,2024-07-22,0,0,para_vet,16.773357,74.160107,Maharashtra
KOLHAPUR,Kolhapur,Kolhapur,Radhanagari,radhnagar69,sheep,fmd,Foot-and-Mouth Disease,2024-07-22,0,0,livestock_inspector,16.802008,74.167554,Maharashtra
KOLHAPUR,Kolhapur,Kolhapur,Radhanagari,radhnagar79,cattle,lsd,Lumpy Skin Disease,2024-07-22,0,0,farmer,16.6272,74.113487,Maharashtra
KOLHAPUR,Kolhapur,Kolhapur,Hatkanangle,hatkkhurd94,sheep,ppr,Peste des Petits Ruminants,2024-07-22,0,0,panchayat_member,16.650671,74.272675,Maharashtra
KOLHAPUR,Kolhapur,Kolhapur,Gaganbawada,gagapur81,buffalo,brucellosis,Brucellosis,2024-07-22,0,0,livestock_inspector,16.721755,74.107365,Maharashtra
KOLHAPUR,Kolhapur,Kolhapur,Gaganbawada,gagapeth31,poultry,ai_h5n1,Avian Influenza (H5N1),2024-07-22,0,0,para_vet,16.645221,74.305573,Maharashtra
SANGLI,Sangli,Kolhapur,Jath,jathgaon58,buffalo,fmd,Foot-and-Mouth Disease,2024-07-22,0,0,field_vet,16.730139,74.648875,Maharashtra
SANGLI,Sangli,Kolhapur,Kadegaon,kadepeth60,cattle,brucellosis,Brucellosis,2024-07-22,0,0,farmer,16.943245,74.648224,Maharashtra
SANGLI,Sangli,Kolhapur,Walwa,walwnagar6,buffalo,brucellosis,Brucellosis,2024-07-22,0,0,panchayat_member,16.961625,74.653876,Maharashtra
SANGLI,Sangli,Kolhapur,Tasgaon,tasgtarf30,goat,brucellosis,Brucellosis,2024-07-22,0,0,livestock_inspector,16.873337,74.505219,Maharashtra
SOLAPUR,Solapur,Pune,Mangalvedhe,mangpeth24,buffalo,fmd,Foot-and-Mouth Disease,2024-07-22,0,0,panchayat_member,17.806997,76.043571,Maharashtra
SOLAPUR,Solapur,Pune,Barshi,barsnagar18,goat,fmd,Foot-and-Mouth Disease,2024-07-22,0,0,para_vet,17.53029,75.801709,Maharashtra
SOLAPUR,Solapur,Pune,Akkalkot,akkapeth85,sheep,fmd,Foot-and-Mouth Disease,2024-07-22,0,0,livestock_inspector,17.51462,75.916064,Maharashtra
SOLAPUR,Solapur,Pune,Mangalvedhe,mangnagar23,cattle,lsd,Lumpy Skin Disease,2024-07-22,0,0,farmer,17.785315,75.913716,Maharashtra
SOLAPUR,Solapur,Pune,Karmala,karmbudruk51,buffalo,lsd,Lumpy Skin Disease,2024-07-22,0,0,farmer,17.621815,75.878208,Maharashtra
SOLAPUR,Solapur,Pune,Madha,madhgaon64,cattle,brucellosis,Brucellosis,2024-07-22,0,0,livestock_inspector,17.703372,75.855781,Maharashtra
NAGPUR,Nagpur,Nagpur,Umred,umrenagar10,buffalo,fmd,Foot-and-Mouth Disease,2024-07-22,0,0,field_vet,21.044535,79.010342,Maharashtra
NAGPUR,Nagpur,Nagpur,Hingna,hingnagar92,buffalo,brucellosis,Brucellosis,2024-07-22,0,0,para_vet,21.217697,79.033203,Maharashtra
NAGPUR,Nagpur,Nagpur,Hingna,hinggaon24,goat,brucellosis,Brucellosis,2024-07-22,0,0,livestock_inspector,21.130453,79.104622,Maharashtra
LATUR,Latur,Aurangabad,Chakur,chakgaon93,cattle,fmd,Foot-and-Mouth Disease,2024-07-22,0,0,panchayat_member,18.530362,76.703852,Maharashtra
LATUR,Latur,Aurangabad,Renapur,renakhurd93,sheep,fmd,Foot-and-Mouth Disease,2024-07-22,0,0,livestock_inspector,18.436942,76.469064,Maharashtra
JALGAON,Jalgaon,Nashik,Bhusawal,bhusgaon53,cattle,fmd,Foot-and-Mouth Disease,2024-07-22,0,0,livestock_inspector,20.899454,75.50345,Maharashtra
JALGAON,Jalgaon,Nashik,Bhusawal,bhustarf22,buffalo,lsd,Lumpy Skin Disease,2024-07-22,0,0,panchayat_member,20.870989,75.707682,Maharashtra
JALGAON,Jalgaon,Nashik,Yawal,yawatarf59,poultry,ai_h5n1,Avian Influenza (H5N1),2024-07-22,0,0,para_vet,21.014034,75.51709,Maharashtra
PUNE,Pune,Pune,Mulshi,mulswadi44,cattle,fmd,Foot-and-Mouth Disease,2024-07-29,0,0,farmer,18.573542,73.756006,Maharashtra
PUNE,Pune,Pune,Bhor,bhortarf72,buffalo,fmd,Foot-and-Mouth Disease,2024-07-29,0,0,livestock_inspector,18.657939,73.776257,Maharashtra
PUNE,Pune,Pune,Velhe,velhpeth76,goat,fmd,Foot-and-Mouth Disease,2024-07-29,0,0,livestock_inspector,18.487051,73.918121,Maharashtra
PUNE,Pune,Pune,Bhor,bhortarf16,cattle,brucellosis,Brucellosis,2024-07-29,0,0,para_vet,18.462014,73.761613,Maharashtra
AHMEDNAGAR,Ahmednagar,Nashik,Sangamner,sangwadi63,cattle,fmd,Foot-and-Mouth Disease,2024-07-29,0,0,para_vet,19.003339,74.713183,Maharashtra
AHMEDNAGAR,Ahmednagar,Nashik,Shrirampur,shribudruk22,sheep,fmd,Foot-and-Mouth Disease,2024-07-29,0,0,livestock_inspector,19.114495,74.829764,Maharashtra
AHMEDNAGAR,Ahmednagar,Nashik,Pathardi,pathtarf91,buffalo,brucellosis,Brucellosis,2024-07-29,0,0,panchayat_member,19.134631,74.647794,Maharashtra
NASHIK,Nashik,Nashik,Malegaon,malepur32,goat,fmd,Foot-and-Mouth Disease,2024-07-29,0,0,para_vet,20.069718,73.888545,Maharashtra
NASHIK,Nashik,Nashik,Niphad,niphnagar28,cattle,brucellosis,Brucellosis,2024-07-29,0,0,livestock_inspector,20.103754,73.788414,Maharashtra
KOLHAPUR,Kolhapur,Kolhapur,Hatkanangle,hatkbudruk11,goat,fmd,Foot-and-Mouth Disease,2024-07-29,0,0,field_vet,16.754353,74.287973,Maharashtra
KOLHAPUR,Kolhapur,Kolhapur,Karveer,karvpur76,cattle,lsd,Lumpy Skin Disease,2024-07-29,0,0,para_vet,16.710833,74.22682,Maharashtra
KOLHAPUR,Kolhapur,Kolhapur,Shirol,shirpur62,buffalo,lsd,Lumpy Skin Disease,2024-07-29,0,0,farmer,16.623684,74.120099,Maharashtra
KOLHAPUR,Kolhapur,Kolhapur,Hatkanangle,hatkkhurd81,cattle,brucellosis,Brucellosis,2024-07-29,0,0,para_vet,16.830968,74.278123,Maharashtra
SANGLI,Sangli,Kolhapur,Shirala,shirgaon31,sheep,fmd,Foot-and-Mouth Disease,2024-07-29,0,0,livestock_inspector,16.893825,74.452804,Maharashtra
SOLAPUR,Solapur,Pune,Madha,madhgaon56,buffalo,fmd,Foot-and-Mouth Disease,2024-07-29,0,0,farmer,17.645912,75.93905,Maharashtra
SOLAPUR,Solapur,Pune,Karmala,karmgaon99,cattle,lsd,Lumpy Skin Disease,2024-07-29,0,0,farmer,17.610403,75.885197,Maharashtra
SOLAPUR,Solapur,Pune,Barshi,barskhurd6,cattle,brucellosis,Brucellosis,2024-07-29,0,0,livestock_inspector,17.619093,76.032468,Maharashtra
SOLAPUR,Solapur,Pune,Akkalkot,akkanagar29,buffalo,brucellosis,Brucellosis,2024-07-29,0,0,field_vet,17.584379,76.031156,Maharashtra
NAGPUR,Nagpur,Nagpur,Saoner,saonpeth99,goat,fmd,Foot-and-Mouth Disease,2024-07-29,0,0,para_vet,21.215539,79.102168,Maharashtra
NAGPUR,Nagpur,Nagpur,Saoner,saonwadi98,cattle,lsd,Lumpy Skin Disease,2024-07-29,0,0,livestock_inspector,21.250502,79.156365,Maharashtra
NAGPUR,Nagpur,Nagpur,Katol,katowadi19,buffalo,lsd,Lumpy Skin Disease,2024-07-29,0,0,field_vet,21.023708,79.214582,Maharashtra
NAGPUR,Nagpur,Nagpur,Katol,katogaon76,sheep,ppr,Peste des Petits Ruminants,2024-07-29,0,0,panchayat_member,21.014485,79.136933,Maharashtra
NAGPUR,Nagpur,Nagpur,Kamptee,kamppur58,goat,brucellosis,Brucellosis,2024-07-29,0,0,livestock_inspector,21.09001,78.974421,Maharashtra
LATUR,Latur,Aurangabad,Renapur,renapur12,buffalo,fmd,Foot-and-Mouth Disease,2024-07-29,0,0,para_vet,18.54932,76.529273,Maharashtra
LATUR,Latur,Aurangabad,Nilanga,nilapur26,cattle,lsd,Lumpy Skin Disease,2024-07-29,0,0,livestock_inspector,18.370472,76.599489,Maharashtra
LATUR,Latur,Aurangabad,Ausa,ausawadi9,buffalo,lsd,Lumpy Skin Disease,2024-07-29,0,0,para_vet,18.529549,76.543429,Maharashtra
LATUR,Latur,Aurangabad,Chakur,chakwadi22,goat,ppr,Peste des Petits Ruminants,2024-07-29,0,0,panchayat_member,18.388747,76.627729,Maharashtra
LATUR,Latur,Aurangabad,Shirur Anantpal,shirkhurd83,cattle,brucellosis,Brucellosis,2024-07-29,0,0,field_vet,18.408467,76.675234,Maharashtra
JALGAON,Jalgaon,Nashik,Pachora,pachkhurd4,buffalo,fmd,Foot-and-Mouth Disease,2024-07-29,0,0,field_vet,20.875277,75.710059,Maharashtra
JALGAON,Jalgaon,Nashik,Bhusawal,bhuskhurd35,goat,fmd,Foot-and-Mouth Disease,2024-07-29,0,0,panchayat_member,21.102586,75.687778,Maharashtra
JALGAON,Jalgaon,Nashik,Erandol,erantarf23,sheep,fmd,Foot-and-Mouth Disease,2024-07-29,0,0,para_vet,20.928665,75.508001,Maharashtra
JALGAON,Jalgaon,Nashik,Chopda,chopgaon8,goat,ppr,Peste des Petits Ruminants,2024-07-29,0,0,para_vet,21.038199,75.418578,Maharashtra
JALGAON,Jalgaon,Nashik,Bhusawal,bhusnagar76,goat,brucellosis,Brucellosis,2024-07-29,0,0,farmer,20.958668,75.509381,Maharashtra
PUNE,Pune,Pune,Bhor,bhorwadi90,goat,fmd,Foot-and-Mouth Disease,2024-08-05,0,0,panchayat_member,18.48788,74.004985,Maharashtra
PUNE,Pune,Pune,Ambegaon,ambepur82,buffalo,lsd,Lumpy Skin Disease,2024-08-05,0,0,farmer,18.616899,73.907707,Maharashtra
PUNE,Pune,Pune,Indapur,indagaon5,goat,brucellosis,Brucellosis,2024-08-05,0,0,field_vet,18.376423,73.785038,Maharashtra
AHMEDNAGAR,Ahmednagar,Nashik,Sangamner,sangkhurd25,goat,fmd,Foot-and-Mouth Disease,2024-08-05,0,0,livestock_inspector,19.153959,74.814611,Maharashtra
AHMEDNAGAR,Ahmednagar,Nashik,Shrirampur,shrigaon7,sheep,fmd,Foot-and-Mouth Disease,2024-08-05,0,0,livestock_inspector,19.116331,74.849956,Maharashtra
AHMEDNAGAR,Ahmednagar,Nashik,Shrirampur,shribudruk11,buffalo,lsd,Lumpy Skin Disease,2024-08-05,0,0,livestock_inspector,19.197931,74.690506,Maharashtra
AHMEDNAGAR,Ahmednagar,Nashik,Rahuri,rahupur97,cattle,brucellosis,Brucellosis,2024-08-05,0,0,farmer,18.970512,74.701137,Maharashtra
NASHIK,Nashik,Nashik,Sinnar,sinngaon88,sheep,fmd,Foot-and-Mouth Disease,2024-08-05,0,0,livestock_inspector,19.916876,73.886769,Maharashtra
NASHIK,Nashik,Nashik,Igatpuri,igatpur73,sheep,ppr,Peste des Petits Ruminants,2024-08-05,0,0,panchayat_member,20.031103,73.929449,Maharashtra
NASHIK,Nashik,Nashik,Yeola,yeolpeth74,buffalo,brucellosis,Brucellosis,2024-08-05,0,0,panchayat_member,19.998214,73.69166,Maharashtra
NASHIK,Nashik,Nashik,Sinnar,sinnbudruk48,poultry,ai_h5n1,Avian Influenza (H5N1),2024-08-05,0,0,farmer,19.95766,73.878096,Maharashtra
KOLHAPUR,Kolhapur,Kolhapur,Shirol,shirkhurd53,goat,fmd,Foot-and-Mouth Disease,2024-08-05,0,0,livestock_inspector,16.782848,74.353457,Maharashtra
KOLHAPUR,Kolhapur,Kolhapur,Hatkanangle,hatknagar18,sheep,fmd,Foot-and-Mouth Disease,2024-08-05,0,0,panchayat_member,16.8188,74.101984,Maharashtra
KOLHAPUR,Kolhapur,Kolhapur,Shirol,shirnagar82,buffalo,lsd,Lumpy Skin Disease,2024-08-05,0,0,farmer,16.759352,74.165881,Maharashtra
KOLHAPUR,Kolhapur,Kolhapur,Radhanagari,radhgaon37,sheep,ppr,Peste des Petits Ruminants,2024-08-05,0,0,farmer,16.67097,74.142172,Maharashtra
KOLHAPUR,Kolhapur,Kolhapur,Radhanagari,radhwadi61,buffalo,brucellosis,Brucellosis,2024-08-05,0,0,para_vet,16.749211,74.273643,Maharashtra
SANGLI,Sangli,Kolhapur,Walwa,walwtarf36,sheep,fmd,Foot-and-Mouth Disease,2024-08-05,0,0,field_vet,16.899236,74.717156,Maharashtra
SANGLI,Sangli,Kolhapur,Kadegaon,kadenagar85,cattle,lsd,Lumpy Skin Disease,2024-08-05,0,0,field_vet,16.906627,74.647885,Maharashtra
SANGLI,Sangli,Kolhapur,Shirala,shirnagar50,buffalo,lsd,Lumpy Skin Disease,2024-08-05,0,0,farmer,16.877307,74.729926,Maharashtra
SANGLI,Sangli,Kolhapur,Shirala,shirpur95,cattle,brucellosis,Brucellosis,2024-08-05,0,0,field_vet,16.919956,74.599209,Maharashtra
SOLAPUR,Solapur,Pune,Barshi,barsnagar68,buffalo,fmd,Foot-and-Mouth Disease,2024-08-05,0,0,field_vet,17.633832,76.017655,Maharashtra
SOLAPUR,Solapur,Pune,Madha,madhpur63,buffalo,lsd,Lumpy Skin Disease,2024-08-05,0,0,farmer,17.548722,75.886513,Maharashtra
SOLAPUR,Solapur,Pune,Karmala,karmpeth94,goat,brucellosis,Brucellosis,2024-08-05,0,0,panchayat_member,17.688811,75.857751,Maharashtra
NAGPUR,Nagpur,Nagpur,Umred,umrewadi39,goat,ppr,Peste des Petits Ruminants,2024-08-05,0,0,livestock_inspector,21.194299,79.136945,Maharashtra
NAGPUR,Nagpur,Nagpur,Kamptee,kampgaon37,sheep,ppr,Peste des Petits Ruminants,2024-08-05,0,0,farmer,21.231228,79.087522,Maharashtra
NAGPUR,Nagpur,Nagpur,Kamptee,kampgaon74,goat,brucellosis,Brucellosis,2024-08-05,0,0,livestock_inspector,21.040543,78.965225,Maharashtra
NAGPUR,Nagpur,Nagpur,Saoner,saonkhurd59,poultry,ai_h5n1,Avian Influenza (H5N1),2024-08-05,0,0,field_vet,21.075038,78.953224,Maharashtra
LATUR,Latur,Aurangabad,Deoni,deongaon48,sheep,fmd,Foot-and-Mouth Disease,2024-08-05,0,0,field_vet,18.313661,76.530633,Maharashtra
LATUR,Latur,Aurangabad,Deoni,deonwadi21,buffalo,lsd,Lumpy Skin Disease,2024-08-05,0,0,farmer,18.383608,76.587625,Maharashtra
JALGAON,Jalgaon,Nashik,Yawal,yawanagar20,cattle,fmd,Foot-and-Mouth Disease,2024-08-05,0,0,panchayat_member,21.125319,75.596474,Maharashtra
PUNE,Pune,Pune,Velhe,velhkhurd16,sheep,fmd,Foot-and-Mouth Disease,2024-08-12,0,0,livestock_inspector,18.435077,73.954066,Maharashtra
PUNE,Pune,Pune,Haveli,havenagar75,goat,ppr,Peste des Petits Ruminants,2024-08-12,0,0,livestock_inspector,18.647711,73.941024,Maharashtra
PUNE,Pune,Pune,Bhor,bhorgaon50,sheep,ppr,Peste des Petits Ruminants,2024-08-12,0,0,panchayat_member,18.552248,73.803253,Maharashtra
PUNE,Pune,Pune,Baramati,baratarf38,cattle,brucellosis,Brucellosis,2024-08-12,0,0,livestock_inspector,18.611839,73.748154,Maharashtra
AHMEDNAGAR,Ahmednagar,Nashik,Kopargaon,kopapur7,cattle,lsd,Lumpy Skin Disease,2024-08-12,0,0,farmer,19.004771,74.823056,Maharashtra
AHMEDNAGAR,Ahmednagar,Nashik,Parner,parnwadi89,buffalo,lsd,Lumpy Skin Disease,2024-08-12,0,0,field_vet,19.006,74.760352,Maharashtra
AHMEDNAGAR,Ahmednagar,Nashik,Kopargaon,kopanagar54,cattle,brucellosis,Brucellosis,2024-08-12,0,0,field_vet,19.23455,74.614141,Maharashtra
NASHIK,Nashik,Nashik,Malegaon,malebudruk1,goat,fmd,Foot-and-Mouth Disease,2024-08-12,0,0,field_vet,19.996199,73.921248,Maharashtra
NASHIK,Nashik,Nashik,Niphad,niphnagar12,goat,ppr,Peste des Petits Ruminants,2024-08-12,0,0,field_vet,19.922659,73.704006,Maharashtra
NASHIK,Nashik,Nashik,Malegaon,malepeth72,sheep,ppr,Peste des Petits Ruminants,2024-08-12,0,0,farmer,19.890717,73.743802,Maharashtra
NASHIK,Nashik,Nashik,Trimbakeshwar,trimnagar15,cattle,brucellosis,Brucellosis,2024-08-12,0,0,livestock_inspector,19.933277,73.857193,Maharashtra
NASHIK,Nashik,Nashik,Malegaon,malewadi81,poultry,ai_h5n1,Avian Influenza (H5N1),2024-08-12,0,0,farmer,19.919534,73.828854,Maharashtra
KOLHAPUR,Kolhapur,Kolhapur,Hatkanangle,hatkgaon74,sheep,fmd,Foot-and-Mouth Disease,2024-08-12,0,0,para_vet,16.828296,74.21559,Maharashtra
KOLHAPUR,Kolhapur,Kolhapur,Karveer,karvgaon97,cattle,lsd,Lumpy Skin Disease,2024-08-12,0,0,panchayat_member,16.568655,74.347775,Maharashtra
KOLHAPUR,Kolhapur,Kolhapur,Radhanagari,radhbudruk78,buffalo,lsd,Lumpy Skin Disease,2024-08-12,0,0,farmer,16.639455,74.371307,Maharashtra
KOLHAPUR,Kolhapur,Kolhapur,Radhanagari,radhnagar70,goat,ppr,Peste des Petits Ruminants,2024-08-12,0,0,field_vet,16.84304,74.136523,Maharashtra
SANGLI,Sangli,Kolhapur,Tasgaon,tasgwadi97,cattle,fmd,Foot-and-Mouth Disease,2024-08-12,0,0,panchayat_member,16.84078,74.596399,Maharashtra
SANGLI,Sangli,Kolhapur,Jath,jathpeth43,buffalo,fmd,Foot-and-Mouth Disease,2024-08-12,0,0,field_vet,16.740865,74.628142,Maharashtra
SANGLI,Sangli,Kolhapur,Tasgaon,tasgkhurd92,cattle,lsd,Lumpy Skin Disease,2024-08-12,0,0,livestock_inspector,16.785404,74.539346,Maharashtra
SANGLI,Sangli,Kolhapur,Walwa,walwpeth84,goat,brucellosis,Brucellosis,2024-08-12,0,0,para_vet,16.812146,74.498492,Maharashtra
SANGLI,Sangli,Kolhapur,Shirala,shirgaon51,poultry,ai_h5n1,Avian Influenza (H5N1),2024-08-12,0,0,field_vet,16.85305,74.630304,Maharashtra
SOLAPUR,Solapur,Pune,Karmala,karmkhurd6,sheep,fmd,Foot-and-Mouth Disease,2024-08-12,0,0,para_vet,17.665266,75.993838,Maharashtra
SOLAPUR,Solapur,Pune,Mangalvedhe,mangbudruk28,goat,brucellosis,Brucellosis,2024-08-12,0,0,para_vet,17.565972,75.865067,Maharashtra
SOLAPUR,Solapur,Pune,Karmala,karmgaon62,poultry,ai_h5n1,Avian Influenza (H5N1),2024-08-12,0,0,livestock_inspector,17.653606,75.933637,Maharashtra
NAGPUR,Nagpur,Nagpur,Katol,katopur75,buffalo,lsd,Lumpy Skin Disease,2024-08-12,0,0,para_vet,21.182764,79.091441,Maharashtra
NAGPUR,Nagpur,Nagpur,Katol,katonagar17,goat,ppr,Peste des Petits Ruminants,2024-08-12,0,0,farmer,21.000769,79.095013,Maharashtra
NAGPUR,Nagpur,Nagpur,Umred,umrepur78,buffalo,brucellosis,Brucellosis,2024-08-12,0,0,panchayat_member,21.244057,79.207291,Maharashtra
NAGPUR,Nagpur,Nagpur,Narkhed,narknagar30,goat,brucellosis,Brucellosis,2024-08-12,0,0,livestock_inspector,21.232667,79.052571,Maharashtra
LATUR,Latur,Aurangabad,Ausa,ausabudruk77,cattle,fmd,Foot-and-Mouth Disease,2024-08-12,0,0,panchayat_member,18.381394,76.467106,Maharashtra
LATUR,Latur,Aurangabad,Deoni,deonnagar97,cattle,lsd,Lumpy Skin Disease,2024-08-12,0,0,para_vet,18.382768,76.645537,Maharashtra
LATUR,Latur,Aurangabad,Nilanga,nilapeth77,goat,brucellosis,Brucellosis,2024-08-12,0,0,livestock_inspector,18.285242,76.489328,Maharashtra
JALGAON,Jalgaon,Nashik,Erandol,eranpeth2,buffalo,fmd,Foot-and-Mouth Disease,2024-08-12,0,0,para_vet,21.11287,75.691828,Maharashtra
JALGAON,Jalgaon,Nashik,Chopda,chopgaon12,buffalo,lsd,Lumpy Skin Disease,2024-08-12,0,0,panchayat_member,20.943048,75.661529,Maharashtra
JALGAON,Jalgaon,Nashik,Chopda,chopbudruk69,cattle,brucellosis,Brucellosis,2024-08-12,0,0,panchayat_member,20.932742,75.545431,Maharashtra
JALGAON,Jalgaon,Nashik,Yawal,yawapeth88,buffalo,brucellosis,Brucellosis,2024-08-12,0,0,livestock_inspector,21.126657,75.671207,Maharashtra
JALGAON,Jalgaon,Nashik,Bhusawal,bhuskhurd41,goat,brucellosis,Brucellosis,2024-08-12,0,0,livestock_inspector,21.144334,75.567551,Maharashtra
JALGAON,Jalgaon,Nashik,Chopda,chopnagar87,poultry,ai_h5n1,Avian Influenza (H5N1),2024-08-12,0,0,field_vet,20.880509,75.692019,Maharashtra
PUNE,Pune,Pune,Velhe,velhtarf20,goat,fmd,Foot-and-Mouth Disease,2024-08-19,0,0,farmer,18.406364,73.730246,Maharashtra
PUNE,Pune,Pune,Haveli,havepeth48,sheep,fmd,Foot-and-Mouth Disease,2024-08-19,0,0,panchayat_member,18.465025,73.976136,Maharashtra
PUNE,Pune,Pune,Ambegaon,ambenagar88,goat,ppr,Peste des Petits Ruminants,2024-08-19,0,0,para_vet,18.507559,73.74281,Maharashtra
PUNE,Pune,Pune,Velhe,velhnagar75,sheep,ppr,Peste des Petits Ruminants,2024-08-19,0,0,farmer,18.468031,73.890533,Maharashtra
PUNE,Pune,Pune,Ambegaon,ambetarf52,buffalo,brucellosis,Brucellosis,2024-08-19,0,0,field_vet,18.505619,73.878123,Maharashtra
PUNE,Pune,Pune,Bhor,bhorpeth2,poultry,ai_h5n1,Avian Influenza (H5N1),2024-08-19,0,0,para_vet,18.496856,73.747042,Maharashtra
AHMEDNAGAR,Ahmednagar,Nashik,Rahuri,rahupur8,buffalo,fmd,Foot-and-Mouth Disease,2024-08-19,0,0,para_vet,19.188945,74.740962,Maharashtra
AHMEDNAGAR,Ahmednagar,Nashik,Rahuri,rahutarf87,sheep,fmd,Foot-and-Mouth Disease,2024-08-19,0,0,panchayat_member,19.004487,74.770768,Maharashtra
AHMEDNAGAR,Ahmednagar,Nashik,Parner,parntarf54,goat,ppr,Peste des Petits Ruminants,2024-08-19,0,0,panchayat_member,19.116291,74.85267,Maharashtra
AHMEDNAGAR,Ahmednagar,Nashik,Sangamner,sangbudruk91,sheep,ppr,Peste des Petits Ruminants,2024-08-19,0,0,field_vet,19.126415,74.716637,Maharashtra
AHMEDNAGAR,Ahmednagar,Nashik,Kopargaon,kopawadi4,poultry,ai_h5n1,Avian Influenza (H5N1),2024-08-19,0,0,livestock_inspector,19.101995,74.896804,Maharashtra
NASHIK,Nashik,Nashik,Dindori,dindpeth40,sheep,ppr,Peste des Petits Ruminants,2024-08-19,0,0,field_vet,19.979961,73.686715,Maharashtra
NASHIK,Nashik,Nashik,Niphad,niphwadi89,cattle,brucellosis,Brucellosis,2024-08-19,0,0,livestock_inspector,20.140387,73.78312,Maharashtra
NASHIK,Nashik,Nashik,Igatpuri,igatwadi71,buffalo,brucellosis,Brucellosis,2024-08-19,0,0,field_vet,19.912871,73.904649,Maharashtra
KOLHAPUR,Kolhapur,Kolhapur,Radhanagari,radhbudruk53,cattle,fmd,Foot-and-Mouth Disease,2024-08-19,0,0,para_vet,16.811045,74.148022,Maharashtra
KOLHAPUR,Kolhapur,Kolhapur,Gaganbawada,gagawadi24,goat,fmd,Foot-and-Mouth Disease,2024-08-19,0,0,farmer,16.639634,74.130812,Maharashtra
KOLHAPUR,Kolhapur,Kolhapur,Karveer,karvpeth28,sheep,fmd,Foot-and-Mouth Disease,2024-08-19,0,0,field_vet,16.681073,74.329018,Maharashtra
KOLHAPUR,Kolhapur,Kolhapur,Panhala,panhwadi35,cattle,lsd,Lumpy Skin Disease,2024-08-19,0,0,livestock_inspector,16.576415,74.234344,Maharashtra
KOLHAPUR,Kolhapur,Kolhapur,Shirol,shirgaon67,sheep,ppr,Peste des Petits Ruminants,2024-08-19,0,0,para_vet,16.696848,74.297733,Maharashtra
KOLHAPUR,Kolhapur,Kolhapur,Radhanagari,radhnagar42,goat,brucellosis,Brucellosis,2024-08-19,0,0,farmer,16.605208,74.17613,Maharashtra
KOLHAPUR,Kolhapur,Kolhapur,Karveer,karvpeth89,poultry,ai_h5n1,Avian Influenza (H5N1),2024-08-19,0,0,panchayat_member,16.601498,74.324539,Maharashtra
SOLAPUR,Solapur,Pune,Pandharpur,pandtarf15,buffalo,fmd,Foot-and-Mouth Disease,2024-08-19,0,0,farmer,17.66686,75.776404,Maharashtra
SOLAPUR,Solapur,Pune,Barshi,barsgaon39,cattle,brucellosis,Brucellosis,2024-08-19,0,0,farmer,17.793281,76.044576,Maharashtra
SOLAPUR,Solapur,Pune,Akkalkot,akkanagar96,goat,brucellosis,Brucellosis,2024-08-19,0,0,farmer,17.739785,75.929369,Maharashtra
NAGPUR,Nagpur,Nagpur,Saoner,saonwadi39,goat,ppr,Peste des Petits Ruminants,2024-08-19,0,0,para_vet,21.060247,79.032671,Maharashtra
NAGPUR,Nagpur,Nagpur,Katol,katotarf20,cattle,brucellosis,Brucellosis,2024-08-19,0,0,para_vet,21.075296,79.205088,Maharashtra
LATUR,Latur,Aurangabad,Shirur Anantpal,shirnagar11,cattle,fmd,Foot-and-Mouth Disease,2024-08-19,0,0,farmer,18.535361,76.510717,Maharashtra
LATUR,Latur,Aurangabad,Shirur Anantpal,shirwadi41,sheep,fmd,Foot-and-Mouth Disease,2024-08-19,0,0,panchayat_member,18.428274,76.508449,Maharashtra
LATUR,Latur,Aurangabad,Chakur,chakbudruk51,buffalo,lsd,Lumpy Skin Disease,2024-08-19,0,0,para_vet,18.298457,76.435164,Maharashtra
LATUR,Latur,Aurangabad,Shirur Anantpal,shirkhurd63,sheep,ppr,Peste des Petits Ruminants,2024-08-19,0,0,livestock_inspector,18.454475,76.46923,Maharashtra
LATUR,Latur,Aurangabad,Deoni,deonnagar55,buffalo,brucellosis,Brucellosis,2024-08-19,0,0,field_vet,18.363292,76.506622,Maharashtra
LATUR,Latur,Aurangabad,Ausa,ausakhurd26,poultry,ai_h5n1,Avian Influenza (H5N1),2024-08-19,0,0,field_vet,18.305597,76.628946,Maharashtra
JALGAON,Jalgaon,Nashik,Yawal,yawawadi44,cattle,fmd,Foot-and-Mouth Disease,2024-08-19,0,0,farmer,20.949235,75.553957,Maharashtra
JALGAON,Jalgaon,Nashik,Pachora,pachbudruk71,buffalo,fmd,Foot-and-Mouth Disease,2024-08-19,0,0,livestock_inspector,21.044613,75.710291,Maharashtra
JALGAON,Jalgaon,Nashik,Bhusawal,bhusbudruk7,sheep,fmd,Foot-and-Mouth Disease,2024-08-19,0,0,livestock_inspector,21.054127,75.4151,Maharashtra
JALGAON,Jalgaon,Nashik,Pachora,pachpeth72,sheep,ppr,Peste des Petits Ruminants,2024-08-19,0,0,farmer,20.869626,75.689281,Maharashtra
PUNE,Pune,Pune,Baramati,barakhurd54,cattle,fmd,Foot-and-Mouth Disease,2024-08-26,0,0,para_vet,18.54227,73.834639,Maharashtra
PUNE,Pune,Pune,Bhor,bhorbudruk89,goat,fmd,Foot-and-Mouth Disease,2024-08-26,0,0,panchayat_member,18.643269,73.835719,Maharashtra
PUNE,Pune,Pune,Haveli,havetarf53,buffalo,lsd,Lumpy Skin Disease,2024-08-26,0,0,livestock_inspector,18.461404,73.930383,Maharashtra
PUNE,Pune,Pune,Bhor,bhorpur4,goat,ppr,Peste des Petits Ruminants,2024-08-26,0,0,panchayat_member,18.555484,73.888381,Maharashtra
PUNE,Pune,Pune,Haveli,havetarf11,sheep,ppr,Peste des Petits Ruminants,2024-08-26,0,0,livestock_inspector,18.410626,73.960541,Maharashtra
PUNE,Pune,Pune,Indapur,indapeth89,poultry,ai_h5n1,Avian Influenza (H5N1),2024-08-26,0,0,field_vet,18.630432,73.972976,Maharashtra
AHMEDNAGAR,Ahmednagar,Nashik,Kopargaon,kopawadi32,goat,fmd,Foot-and-Mouth Disease,2024-08-26,0,0,panchayat_member,19.106161,74.893149,Maharashtra
AHMEDNAGAR,Ahmednagar,Nashik,Rahuri,rahupur60,buffalo,lsd,Lumpy Skin Disease,2024-08-26,0,0,livestock_inspector,18.971932,74.748197,Maharashtra
AHMEDNAGAR,Ahmednagar,Nashik,Pathardi,pathgaon12,buffalo,brucellosis,Brucellosis,2024-08-26,0,0,farmer,19.156668,74.788222,Maharashtra
AHMEDNAGAR,Ahmednagar,Nashik,Shrirampur,shritarf73,poultry,ai_h5n1,Avian Influenza (H5N1),2024-08-26,0,0,para_vet,18.993437,74.641382,Maharashtra
NASHIK,Nashik,Nashik,Dindori,dindtarf5,goat,ppr,Peste des Petits Ruminants,2024-08-26,0,0,para_vet,20.112449,73.840099,Maharashtra
NASHIK,Nashik,Nashik,Trimbakeshwar,trimtarf48,goat,brucellosis,Brucellosis,2024-08-26,0,0,livestock_inspector,20.102379,73.867533,Maharashtra
KOLHAPUR,Kolhapur,Kolhapur,Panhala,panhwadi14,cattle,fmd,Foot-and-Mouth Disease,2024-08-26,0,0,panchayat_member,16.773919,74.281994,Maharashtra
KOLHAPUR,Kolhapur,Kolhapur,Panhala,panhnagar53,goat,ppr,Peste des Petits Ruminants,2024-08-26,0,0,farmer,16.655138,74.261425,Maharashtra
KOLHAPUR,Kolhapur,Kolhapur,Hatkanangle,hatkbudruk9,sheep,ppr,Peste des Petits Ruminants,2024-08-26,0,0,field_vet,16.645085,74.258298,Maharashtra
KOLHAPUR,Kolhapur,Kolhapur,Hatkanangle,hatkpeth61,buffalo,brucellosis,Brucellosis,2024-08-26,0,0,farmer,16.748696,74.237749,Maharashtra
SANGLI,Sangli,Kolhapur,Jath,jathtarf46,cattle,fmd,Foot-and-Mouth Disease,2024-08-26,0,0,farmer,16.993284,74.515638,Maharashtra
SANGLI,Sangli,Kolhapur,Miraj,miragaon43,poultry,ai_h5n1,Avian Influenza (H5N1),2024-08-26,0,0,livestock_inspector,16.969156,74.462431,Maharashtra
SOLAPUR,Solapur,Pune,Mangalvedhe,mangtarf99,buffalo,fmd,Foot-and-Mouth Disease,2024-08-26,0,0,livestock_inspector,17.711237,75.838196,Maharashtra
SOLAPUR,Solapur,Pune,Mangalvedhe,mangtarf71,goat,fmd,Foot-and-Mouth Disease,2024-08-26,0,0,field_vet,17.591216,76.039383,Maharashtra
SOLAPUR,Solapur,Pune,Karmala,karmtarf70,sheep,fmd,Foot-and-Mouth Disease,2024-08-26,0,0,livestock_inspector,17.525118,75.765098,Maharashtra
SOLAPUR,Solapur,Pune,Akkalkot,akkagaon97,goat,ppr,Peste des Petits Ruminants,2024-08-26,0,0,livestock_inspector,17.680237,75.784275,Maharashtra
SOLAPUR,Solapur,Pune,Karmala,karmpeth61,sheep,ppr,Peste des Petits Ruminants,2024-08-26,0,0,para_vet,17.794134,75.799517,Maharashtra
NAGPUR,Nagpur,Nagpur,Hingna,hingpur75,buffalo,brucellosis,Brucellosis,2024-08-26,0,0,farmer,21.222923,79.136464,Maharashtra
NAGPUR,Nagpur,Nagpur,Saoner,saonbudruk73,goat,brucellosis,Brucellosis,2024-08-26,0,0,field_vet,21.27135,79.219203,Maharashtra
LATUR,Latur,Aurangabad,Ausa,ausakhurd56,goat,fmd,Foot-and-Mouth Disease,2024-08-26,0,0,panchayat_member,18.37708,76.505838,Maharashtra
LATUR,Latur,Aurangabad,Shirur Anantpal,shirnagar71,buffalo,brucellosis,Brucellosis,2024-08-26,0,0,livestock_inspector,18.374214,76.478122,Maharashtra
JALGAON,Jalgaon,Nashik,Bhusawal,bhusgaon88,sheep,fmd,Foot-and-Mouth Disease,2024-08-26,0,0,panchayat_member,21.097129,75.50635,Maharashtra
JALGAON,Jalgaon,Nashik,Chopda,choppur65,buffalo,brucellosis,Brucellosis,2024-08-26,0,0,farmer,21.113134,75.495955,Maharashtra
JALGAON,Jalgaon,Nashik,Raver,ravepur85,goat,brucellosis,Brucellosis,2024-08-26,0,0,livestock_inspector,20.96863,75.46522,Maharashtra
JALGAON,Jalgaon,Nashik,Pachora,pachwadi44,poultry,ai_h5n1,Avian Influenza (H5N1),2024-08-26,0,0,farmer,21.147904,75.591263,Maharashtra
PUNE,Pune,Pune,Ambegaon,ambewadi83,buffalo,fmd,Foot-and-Mouth Disease,2024-09-02,0,0,field_vet,18.597045,73.741498,Maharashtra
PUNE,Pune,Pune,Haveli,havewadi9,goat,brucellosis,Brucellosis,2024-09-02,0,0,farmer,18.493775,73.864279,Maharashtra
AHMEDNAGAR,Ahmednagar,Nashik,Parner,parngaon36,goat,ppr,Peste des Petits Ruminants,2024-09-02,0,0,farmer,19.05964,74.697796,Maharashtra
AHMEDNAGAR,Ahmednagar,Nashik,Kopargaon,kopagaon63,sheep,ppr,Peste des Petits Ruminants,2024-09-02,0,0,para_vet,19.127891,74.651533,Maharashtra
AHMEDNAGAR,Ahmednagar,Nashik,Rahuri,rahugaon74,buffalo,brucellosis,Brucellosis,2024-09-02,0,0,field_vet,19.177971,74.603629,Maharashtra
NASHIK,Nashik,Nashik,Igatpuri,igatwadi50,buffalo,fmd,Foot-and-Mouth Disease,2024-09-02,0,0,livestock_inspector,19.892661,73.800591,Maharashtra
NASHIK,Nashik,Nashik,Niphad,niphwadi50,cattle,lsd,Lumpy Skin Disease,2024-09-02,0,0,para_vet,19.945961,73.757031,Maharashtra
NASHIK,Nashik,Nashik,Niphad,niphkhurd63,goat,ppr,Peste des Petits Ruminants,2024-09-02,0,0,livestock_inspector,19.875198,73.802166,Maharashtra
NASHIK,Nashik,Nashik,Niphad,niphkhurd10,goat,brucellosis,Brucellosis,2024-09-02,0,0,farmer,20.076938,73.786668,Maharashtra
KOLHAPUR,Kolhapur,Kolhapur,Hatkanangle,hatknagar42,sheep,fmd,Foot-and-Mouth Disease,2024-09-02,0,0,farmer,16.847756,74.26609,Maharashtra
KOLHAPUR,Kolhapur,Kolhapur,Shirol,shirpur90,buffalo,lsd,Lumpy Skin Disease,2024-09-02,0,0,field_vet,16.721022,74.224898,Maharashtra
KOLHAPUR,Kolhapur,Kolhapur,Panhala,panhpeth79,poultry,ai_h5n1,Avian Influenza (H5N1),2024-09-02,0,0,farmer,16.743157,74.328075,Maharashtra
SANGLI,Sangli,Kolhapur,Tasgaon,tasggaon20,goat,fmd,Foot-and-Mouth Disease,2024-09-02,0,0,livestock_inspector,16.851654,74.479428,Maharashtra
SANGLI,Sangli,Kolhapur,Shirala,shirtarf54,goat,ppr,Peste des Petits Ruminants,2024-09-02,0,0,para_vet,16.926526,74.701012,Maharashtra
SANGLI,Sangli,Kolhapur,Tasgaon,tasgnagar26,sheep,ppr,Peste des Petits Ruminants,2024-09-02,0,0,livestock_inspector,16.96981,74.453559,Maharashtra
SANGLI,Sangli,Kolhapur,Kadegaon,kadewadi36,goat,brucellosis,Brucellosis,2024-09-02,0,0,para_vet,16.735733,74.57116,Maharashtra
SANGLI,Sangli,Kolhapur,Walwa,walwpur82,poultry,ai_h5n1,Avian Influenza (H5N1),2024-09-02,0,0,panchayat_member,16.974073,74.604936,Maharashtra
SOLAPUR,Solapur,Pune,Pandharpur,pandwadi59,buffalo,brucellosis,Brucellosis,2024-09-02,0,0,livestock_inspector,17.741451,76.01866,Maharashtra
NAGPUR,Nagpur,Nagpur,Saoner,saonpeth80,sheep,fmd,Foot-and-Mouth Disease,2024-09-02,0,0,farmer,21.105471,78.99078,Maharashtra
NAGPUR,Nagpur,Nagpur,Umred,umrenagar36,sheep,ppr,Peste des Petits Ruminants,2024-09-02,0,0,farmer,21.014811,79.041768,Maharashtra
NAGPUR,Nagpur,Nagpur,Katol,katogaon11,goat,brucellosis,Brucellosis,2024-09-02,0,0,livestock_inspector,21.265184,79.024712,Maharashtra
NAGPUR,Nagpur,Nagpur,Umred,umrepur64,poultry,ai_h5n1,Avian Influenza (H5N1),2024-09-02,0,0,para_vet,21.258298,79.094406,Maharashtra
LATUR,Latur,Aurangabad,Renapur,renanagar57,cattle,fmd,Foot-and-Mouth Disease,2024-09-02,0,0,farmer,18.346255,76.429285,Maharashtra
LATUR,Latur,Aurangabad,Renapur,renakhurd62,cattle,lsd,Lumpy Skin Disease,2024-09-02,0,0,field_vet,18.550017,76.641325,Maharashtra
LATUR,Latur,Aurangabad,Renapur,renatarf24,cattle,brucellosis,Brucellosis,2024-09-02,0,0,para_vet,18.427546,76.420807,Maharashtra
JALGAON,Jalgaon,Nashik,Pachora,pachpur73,buffalo,fmd,Foot-and-Mouth Disease,2024-09-02,0,0,livestock_inspector,20.959305,75.446295,Maharashtra
JALGAON,Jalgaon,Nashik,Pachora,pachkhurd58,goat,fmd,Foot-and-Mouth Disease,2024-09-02,0,0,field_vet,20.885444,75.42911,Maharashtra
JALGAON,Jalgaon,Nashik,Yawal,yawakhurd3,sheep,fmd,Foot-and-Mouth Disease,2024-09-02,0,0,farmer,21.019224,75.546237,Maharashtra
PUNE,Pune,Pune,Bhor,bhornagar38,goat,fmd,Foot-and-Mouth Disease,2024-09-09,0,0,panchayat_member,18.517576,73.95354,Maharashtra
PUNE,Pune,Pune,Junnar,junnnagar23,buffalo,lsd,Lumpy Skin Disease,2024-09-09,0,0,livestock_inspector,18.642438,73.900136,Maharashtra
PUNE,Pune,Pune,Haveli,havepur41,buffalo,brucellosis,Brucellosis,2024-09-09,0,0,livestock_inspector,18.633895,73.747349,Maharashtra
AHMEDNAGAR,Ahmednagar,Nashik,Nevasa,nevatarf19,goat,fmd,Foot-and-Mouth Disease,2024-09-09,0,0,farmer,18.985885,74.682425,Maharashtra
AHMEDNAGAR,Ahmednagar,Nashik,Rahuri,rahupeth45,sheep,ppr,Peste des Petits Ruminants,2024-09-09,0,0,field_vet,19.152115,74.639704,Maharashtra
AHMEDNAGAR,Ahmednagar,Nashik,Sangamner,sangwadi96,cattle,brucellosis,Brucellosis,2024-09-09,0,0,farmer,19.011507,74.855045,Maharashtra
AHMEDNAGAR,Ahmednagar,Nashik,Shrirampur,shrigaon55,buffalo,brucellosis,Brucellosis,2024-09-09,0,0,farmer,18.968121,74.830408,Maharashtra
AHMEDNAGAR,Ahmednagar,Nashik,Rahuri,rahubudruk86,poultry,ai_h5n1,Avian Influenza (H5N1),2024-09-09,0,0,farmer,19.171165,74.832711,Maharashtra
NASHIK,Nashik,Nashik,Niphad,niphwadi68,sheep,fmd,Foot-and-Mouth Disease,2024-09-09,0,0,para_vet,20.071043,73.929279,Maharashtra
NASHIK,Nashik,Nashik,Yeola,yeolwadi11,buffalo,brucellosis,Brucellosis,2024-09-09,0,0,field_vet,20.004414,73.755434,Maharashtra
NASHIK,Nashik,Nashik,Sinnar,sinnbudruk55,goat,brucellosis,Brucellosis,2024-09-09,0,0,para_vet,20.113332,73.908426,Maharashtra
KOLHAPUR,Kolhapur,Kolhapur,Hatkanangle,hatkkhurd44,goat,fmd,Foot-and-Mouth Disease,2024-09-09,0,0,para_vet,16.733488,74.390498,Maharashtra
KOLHAPUR,Kolhapur,Kolhapur,Radhanagari,radhwadi23,cattle,brucellosis,Brucellosis,2024-09-09,0,0,livestock_inspector,16.736375,74.191387,Maharashtra
KOLHAPUR,Kolhapur,Kolhapur,Shirol,shirpeth65,goat,brucellosis,Brucellosis,2024-09-09,0,0,field_vet,16.717731,74.336144,Maharashtra
SANGLI,Sangli,Kolhapur,Jath,jathbudruk91,buffalo,fmd,Foot-and-Mouth Disease,2024-09-09,0,0,para_vet,16.849844,74.471846,Maharashtra
SOLAPUR,Solapur,Pune,Mangalvedhe,manggaon76,sheep,ppr,Peste des Petits Ruminants,2024-09-09,0,0,field_vet,17.591909,75.926328,Maharashtra
NAGPUR,Nagpur,Nagpur,Kamptee,kampkhurd40,sheep,ppr,Peste des Petits Ruminants,2024-09-09,0,0,livestock_inspector,21.141415,79.235588,Maharashtra
NAGPUR,Nagpur,Nagpur,Saoner,saonpur83,cattle,brucellosis,Brucellosis,2024-09-09,0,0,farmer,21.284936,79.083953,Maharashtra
NAGPUR,Nagpur,Nagpur,Narkhed,narkbudruk9,buffalo,brucellosis,Brucellosis,2024-09-09,0,0,livestock_inspector,21.264832,79.139702,Maharashtra
NAGPUR,Nagpur,Nagpur,Narkhed,narkgaon67,goat,brucellosis,Brucellosis,2024-09-09,0,0,panchayat_member,21.280702,79.217667,Maharashtra
NAGPUR,Nagpur,Nagpur,Kamptee,kamptarf43,poultry,ai_h5n1,Avian Influenza (H5N1),2024-09-09,0,0,panchayat_member,21.216971,79.179952,Maharashtra
LATUR,Latur,Aurangabad,Renapur,renapeth53,cattle,fmd,Foot-and-Mouth Disease,2024-09-09,0,0,field_vet,18.51767,76.427178,Maharashtra
LATUR,Latur,Aurangabad,Shirur Anantpal,shirnagar61,buffalo,fmd,Foot-and-Mouth Disease,2024-09-09,0,0,para_vet,18.547795,76.67423,Maharashtra
LATUR,Latur,Aurangabad,Shirur Anantpal,shirwadi95,goat,fmd,Foot-and-Mouth Disease,2024-09-09,0,0,farmer,18.466005,76.647041,Maharashtra
JALGAON,Jalgaon,Nashik,Chopda,choppur81,buffalo,fmd,Foot-and-Mouth Disease,2024-09-09,0,0,livestock_inspector,21.095006,75.453428,Maharashtra
JALGAON,Jalgaon,Nashik,Pachora,pachpur77,goat,fmd,Foot-and-Mouth Disease,2024-09-09,0,0,livestock_inspector,21.095493,75.50842,Maharashtra
JALGAON,Jalgaon,Nashik,Bhusawal,bhustarf37,sheep,fmd,Foot-and-Mouth Disease,2024-09-09,0,0,para_vet,20.88302,75.52288,Maharashtra
JALGAON,Jalgaon,Nashik,Chopda,chopkhurd12,cattle,lsd,Lumpy Skin Disease,2024-09-09,0,0,livestock_inspector,20.91718,75.622978,Maharashtra
JALGAON,Jalgaon,Nashik,Bhusawal,bhusnagar99,goat,ppr,Peste des Petits Ruminants,2024-09-09,0,0,livestock_inspector,21.105877,75.560845,Maharashtra
JALGAON,Jalgaon,Nashik,Yawal,yawakhurd80,goat,brucellosis,Brucellosis,2024-09-09,0,0,livestock_inspector,21.129898,75.523491,Maharashtra
JALGAON,Jalgaon,Nashik,Raver,ravetarf89,poultry,ai_h5n1,Avian Influenza (H5N1),2024-09-09,0,0,livestock_inspector,21.063756,75.626601,Maharashtra
PUNE,Pune,Pune,Ambegaon,ambekhurd61,cattle,fmd,Foot-and-Mouth Disease,2024-09-16,0,0,field_vet,18.669422,73.988497,Maharashtra
PUNE,Pune,Pune,Ambegaon,ambenagar22,cattle,brucellosis,Brucellosis,2024-09-16,0,0,field_vet,18.591461,73.854082,Maharashtra
PUNE,Pune,Pune,Indapur,indabudruk21,goat,brucellosis,Brucellosis,2024-09-16,0,0,livestock_inspector,18.501329,74.005261,Maharashtra
AHMEDNAGAR,Ahmednagar,Nashik,Pathardi,pathgaon51,buffalo,lsd,Lumpy Skin Disease,2024-09-16,0,0,field_vet,19.121902,74.883366,Maharashtra
NASHIK,Nashik,Nashik,Malegaon,malenagar37,buffalo,fmd,Foot-and-Mouth Disease,2024-09-16,0,0,para_vet,19.892481,73.787254,Maharashtra
NASHIK,Nashik,Nashik,Yeola,yeolgaon48,goat,fmd,Foot-and-Mouth Disease,2024-09-16,0,0,panchayat_member,19.916261,73.773633,Maharashtra
KOLHAPUR,Kolhapur,Kolhapur,Radhanagari,radhpeth23,cattle,fmd,Foot-and-Mouth Disease,2024-09-16,0,0,para_vet,16.807873,74.106878,Maharashtra
KOLHAPUR,Kolhapur,Kolhapur,Karveer,karvbudruk87,sheep,fmd,Foot-and-Mouth Disease,2024-09-16,0,0,farmer,16.68514,74.098675,Maharashtra
KOLHAPUR,Kolhapur,Kolhapur,Panhala,panhwadi25,sheep,ppr,Peste des Petits Ruminants,2024-09-16,0,0,farmer,16.79979,74.30211,Maharashtra
KOLHAPUR,Kolhapur,Kolhapur,Radhanagari,radhkhurd12,cattle,brucellosis,Brucellosis,2024-09-16,0,0,field_vet,16.785916,74.13775,Maharashtra
SOLAPUR,Solapur,Pune,Madha,madhpeth13,buffalo,fmd,Foot-and-Mouth Disease,2024-09-16,0,0,livestock_inspector,17.792816,75.904518,Maharashtra
SOLAPUR,Solapur,Pune,Akkalkot,akkapur23,goat,fmd,Foot-and-Mouth Disease,2024-09-16,0,0,panchayat_member,17.519491,75.7755,Maharashtra
SOLAPUR,Solapur,Pune,Madha,madhpeth34,sheep,fmd,Foot-and-Mouth Disease,2024-09-16,0,0,field_vet,17.745366,75.987212,Maharashtra
SOLAPUR,Solapur,Pune,Pandharpur,pandpeth97,buffalo,lsd,Lumpy Skin Disease,2024-09-16,0,0,farmer,17.802298,75.990896,Maharashtra
SOLAPUR,Solapur,Pune,Karmala,karmpur94,sheep,ppr,Peste des Petits Ruminants,2024-09-16,0,0,field_vet,17.722349,75.984989,Maharashtra
SOLAPUR,Solapur,Pune,Madha,madhgaon35,goat,brucellosis,Brucellosis,2024-09-16,0,0,field_vet,17.72446,75.880903,Maharashtra
NAGPUR,Nagpur,Nagpur,Umred,umrepur74,cattle,lsd,Lumpy Skin Disease,2024-09-16,0,0,farmer,21.28912,79.232214,Maharashtra
LATUR,Latur,Aurangabad,Shirur Anantpal,shirtarf16,cattle,lsd,Lumpy Skin Disease,2024-09-16,0,0,farmer,18.485768,76.692803,Maharashtra
LATUR,Latur,Aurangabad,Renapur,renakhurd96,buffalo,lsd,Lumpy Skin Disease,2024-09-16,0,0,panchayat_member,18.428479,76.678702,Maharashtra
LATUR,Latur,Aurangabad,Deoni,deonpur92,goat,ppr,Peste des Petits Ruminants,2024-09-16,0,0,livestock_inspector,18.4147,76.48469,Maharashtra
LATUR,Latur,Aurangabad,Ausa,ausanagar17,cattle,brucellosis,Brucellosis,2024-09-16,0,0,livestock_inspector,18.323235,76.433822,Maharashtra
JALGAON,Jalgaon,Nashik,Yawal,yawatarf39,cattle,lsd,Lumpy Skin Disease,2024-09-16,0,0,field_vet,21.003478,75.649961,Maharashtra
JALGAON,Jalgaon,Nashik,Yawal,yawabudruk28,buffalo,lsd,Lumpy Skin Disease,2024-09-16,0,0,para_vet,21.103438,75.559238,Maharashtra
PUNE,Pune,Pune,Haveli,havekhurd97,goat,fmd,Foot-and-Mouth Disease,2024-09-23,0,0,livestock_inspector,18.521192,73.712299,Maharashtra
PUNE,Pune,Pune,Haveli,havetarf49,goat,ppr,Peste des Petits Ruminants,2024-09-23,0,0,field_vet,18.397708,74.000636,Maharashtra
PUNE,Pune,Pune,Mulshi,mulspur40,sheep,ppr,Peste des Petits Ruminants,2024-09-23,0,0,livestock_inspector,18.573983,73.724374,Maharashtra
PUNE,Pune,Pune,Bhor,bhornagar42,cattle,brucellosis,Brucellosis,2024-09-23,0,0,field_vet,18.483054,73.955022,Maharashtra
PUNE,Pune,Pune,Haveli,havetarf60,goat,brucellosis,Brucellosis,2024-09-23,0,0,panchayat_member,18.492523,73.851951,Maharashtra
AHMEDNAGAR,Ahmednagar,Nashik,Shrirampur,shribudruk56,buffalo,brucellosis,Brucellosis,2024-09-23,0,0,para_vet,19.127934,74.885225,Maharashtra
KOLHAPUR,Kolhapur,Kolhapur,Panhala,panhgaon17,goat,fmd,Foot-and-Mouth Disease,2024-09-23,0,0,field_vet,16.835069,74.349944,Maharashtra
KOLHAPUR,Kolhapur,Kolhapur,Radhanagari,radhwadi89,sheep,fmd,Foot-and-Mouth Disease,2024-09-23,0,0,panchayat_member,16.739337,74.297504,Maharashtra
KOLHAPUR,Kolhapur,Kolhapur,Shirol,shirpeth41,sheep,ppr,Peste des Petits Ruminants,2024-09-23,0,0,farmer,16.672558,74.193712,Maharashtra
KOLHAPUR,Kolhapur,Kolhapur,Hatkanangle,hatkbudruk9,buffalo,brucellosis,Brucellosis,2024-09-23,0,0,farmer,16.563362,74.222885,Maharashtra
KOLHAPUR,Kolhapur,Kolhapur,Shirol,shirkhurd44,goat,brucellosis,Brucellosis,2024-09-23,0,0,farmer,16.80149,74.249203,Maharashtra
SANGLI,Sangli,Kolhapur,Kadegaon,kadenagar9,goat,fmd,Foot-and-Mouth Disease,2024-09-23,0,0,farmer,16.905669,74.599277,Maharashtra
SANGLI,Sangli,Kolhapur,Shirala,shirkhurd77,sheep,fmd,Foot-and-Mouth Disease,2024-09-23,0,0,panchayat_member,16.705582,74.546676,Maharashtra
SANGLI,Sangli,Kolhapur,Miraj,mirawadi17,cattle,brucellosis,Brucellosis,2024-09-23,0,0,field_vet,16.877757,74.585438,Maharashtra
SANGLI,Sangli,Kolhapur,Miraj,mirapur8,goat,brucellosis,Brucellosis,2024-09-23,0,0,para_vet,16.854532,74.682052,Maharashtra
SANGLI,Sangli,Kolhapur,Tasgaon,tasgkhurd9,poultry,ai_h5n1,Avian Influenza (H5N1),2024-09-23,0,0,field_vet,16.759207,74.574218,Maharashtra
SOLAPUR,Solapur,Pune,Pandharpur,pandkhurd81,goat,ppr,Peste des Petits Ruminants,2024-09-23,0,0,panchayat_member,17.783713,75.864373,Maharashtra
SOLAPUR,Solapur,Pune,Madha,madhbudruk93,sheep,ppr,Peste des Petits Ruminants,2024-09-23,0,0,para_vet,17.611845,75.922751,Maharashtra
SOLAPUR,Solapur,Pune,Akkalkot,akkapur49,cattle,brucellosis,Brucellosis,2024-09-23,0,0,farmer,17.611415,75.819471,Maharashtra
NAGPUR,Nagpur,Nagpur,Hingna,hingwadi81,goat,fmd,Foot-and-Mouth Disease,2024-09-23,0,0,field_vet,21.257655,79.193651,Maharashtra
NAGPUR,Nagpur,Nagpur,Kamptee,kamppeth85,sheep,fmd,Foot-and-Mouth Disease,2024-09-23,0,0,panchayat_member,21.015262,79.090784,Maharashtra
NAGPUR,Nagpur,Nagpur,Hingna,hingpeth31,sheep,ppr,Peste des Petits Ruminants,2024-09-23,0,0,livestock_inspector,21.061378,79.065707,Maharashtra
NAGPUR,Nagpur,Nagpur,Kamptee,kampbudruk57,cattle,brucellosis,Brucellosis,2024-09-23,0,0,panchayat_member,21.101272,79.113389,Maharashtra
LATUR,Latur,Aurangabad,Ausa,ausatarf5,buffalo,fmd,Foot-and-Mouth Disease,2024-09-23,0,0,panchayat_member,18.318892,76.469394,Maharashtra
LATUR,Latur,Aurangabad,Deoni,deonpur97,goat,fmd,Foot-and-Mouth Disease,2024-09-23,0,0,panchayat_member,18.532515,76.41296,Maharashtra
LATUR,Latur,Aurangabad,Chakur,chakkhurd30,buffalo,lsd,Lumpy Skin Disease,2024-09-23,0,0,para_vet,18.401131,76.565148,Maharashtra
JALGAON,Jalgaon,Nashik,Erandol,eranbudruk27,goat,ppr,Peste des Petits Ruminants,2024-09-23,0,0,para_vet,20.945032,75.569919,Maharashtra
JALGAON,Jalgaon,Nashik,Yawal,yawanagar51,sheep,ppr,Peste des Petits Ruminants,2024-09-23,0,0,para_vet,21.154579,75.451341,Maharashtra
JALGAON,Jalgaon,Nashik,Raver,ravebudruk56,cattle,brucellosis,Brucellosis,2024-09-23,0,0,livestock_inspector,20.905334,75.585127,Maharashtra
PUNE,Pune,Pune,Indapur,indatarf90,cattle,fmd,Foot-and-Mouth Disease,2024-09-30,0,0,field_vet,18.487727,73.953729,Maharashtra
PUNE,Pune,Pune,Baramati,barapeth50,buffalo,fmd,Foot-and-Mouth Disease,2024-09-30,0,0,para_vet,18.579957,73.73536,Maharashtra
PUNE,Pune,Pune,Velhe,velhpeth53,sheep,fmd,Foot-and-Mouth Disease,2024-09-30,0,0,panchayat_member,18.406769,73.81732,Maharashtra
PUNE,Pune,Pune,Velhe,velhwadi60,cattle,lsd,Lumpy Skin Disease,2024-09-30,0,0,farmer,18.392359,73.915046,Maharashtra
PUNE,Pune,Pune,Junnar,junnpur22,cattle,brucellosis,Brucellosis,2024-09-30,0,0,farmer,18.552497,73.759871,Maharashtra
PUNE,Pune,Pune,Haveli,havebudruk20,buffalo,brucellosis,Brucellosis,2024-09-30,0,0,livestock_inspector,18.477826,73.771702,Maharashtra
AHMEDNAGAR,Ahmednagar,Nashik,Parner,parnnagar99,cattle,fmd,Foot-and-Mouth Disease,2024-09-30,0,0,para_vet,19.223446,74.710393,Maharashtra
AHMEDNAGAR,Ahmednagar,Nashik,Rahuri,rahupur93,goat,fmd,Foot-and-Mouth Disease,2024-09-30,0,0,para_vet,18.958004,74.75175,Maharashtra
AHMEDNAGAR,Ahmednagar,Nashik,Rahuri,rahutarf42,cattle,lsd,Lumpy Skin Disease,2024-09-30,0,0,para_vet,18.949298,74.794198,Maharashtra
AHMEDNAGAR,Ahmednagar,Nashik,Pathardi,pathbudruk84,buffalo,lsd,Lumpy Skin Disease,2024-09-30,0,0,panchayat_member,19.055494,74.618199,Maharashtra
AHMEDNAGAR,Ahmednagar,Nashik,Nevasa,nevapur33,goat,ppr,Peste des Petits Ruminants,2024-09-30,0,0,farmer,19.12476,74.892425,Maharashtra
AHMEDNAGAR,Ahmednagar,Nashik,Nevasa,nevawadi30,goat,brucellosis,Brucellosis,2024-09-30,0,0,farmer,19.129705,74.867034,Maharashtra
NASHIK,Nashik,Nashik,Igatpuri,igatwadi31,cattle,fmd,Foot-and-Mouth Disease,2024-09-30,0,0,panchayat_member,20.152865,73.773118,Maharashtra
NASHIK,Nashik,Nashik,Malegaon,malenagar67,buffalo,lsd,Lumpy Skin Disease,2024-09-30,0,0,field_vet,19.911364,73.828935,Maharashtra
NASHIK,Nashik,Nashik,Niphad,niphkhurd31,sheep,ppr,Peste des Petits Ruminants,2024-09-30,0,0,panchayat_member,19.879749,73.857497,Maharashtra
NASHIK,Nashik,Nashik,Trimbakeshwar,trimpeth82,cattle,brucellosis,Brucellosis,2024-09-30,0,0,para_vet,19.937858,73.874387,Maharashtra
NASHIK,Nashik,Nashik,Sinnar,sinnnagar11,poultry,ai_h5n1,Avian Influenza (H5N1),2024-09-30,0,0,field_vet,20.034855,73.68584,Maharashtra
KOLHAPUR,Kolhapur,Kolhapur,Shirol,shirkhurd20,buffalo,fmd,Foot-and-Mouth Disease,2024-09-30,0,0,para_vet,16.556254,74.351797,Maharashtra
KOLHAPUR,Kolhapur,Kolhapur,Gaganbawada,gagapur25,cattle,lsd,Lumpy Skin Disease,2024-09-30,0,0,livestock_inspector,16.842129,74.324681,Maharashtra
KOLHAPUR,Kolhapur,Kolhapur,Gaganbawada,gagapeth88,cattle,brucellosis,Brucellosis,2024-09-30,0,0,para_vet,16.631286,74.273945,Maharashtra
KOLHAPUR,Kolhapur,Kolhapur,Karveer,karvnagar51,buffalo,brucellosis,Brucellosis,2024-09-30,0,0,panchayat_member,16.847244,74.117404,Maharashtra
SANGLI,Sangli,Kolhapur,Shirala,shirpur23,cattle,lsd,Lumpy Skin Disease,2024-09-30,0,0,field_vet,16.75832,74.4718,Maharashtra
SANGLI,Sangli,Kolhapur,Kadegaon,kadekhurd24,buffalo,lsd,Lumpy Skin Disease,2024-09-30,0,0,para_vet,16.720095,74.486319,Maharashtra
SANGLI,Sangli,Kolhapur,Walwa,walwgaon49,sheep,ppr,Peste des Petits Ruminants,2024-09-30,0,0,farmer,16.785429,74.534146,Maharashtra
SANGLI,Sangli,Kolhapur,Miraj,mirawadi13,cattle,brucellosis,Brucellosis,2024-09-30,0,0,para_vet,16.8591,74.433679,Maharashtra
SOLAPUR,Solapur,Pune,Akkalkot,akkatarf87,goat,ppr,Peste des Petits Ruminants,2024-09-30,0,0,livestock_inspector,17.579968,75.901761,Maharashtra
SOLAPUR,Solapur,Pune,Akkalkot,akkapeth22,poultry,ai_h5n1,Avian Influenza (H5N1),2024-09-30,0,0,livestock_inspector,17.796415,75.901051,Maharashtra
NAGPUR,Nagpur,Nagpur,Saoner,saonnagar99,buffalo,fmd,Foot-and-Mouth Disease,2024-09-30,0,0,field_vet,21.061913,79.015489,Maharashtra
NAGPUR,Nagpur,Nagpur,Kamptee,kamptarf95,sheep,ppr,Peste des Petits Ruminants,2024-09-30,0,0,panchayat_member,21.276963,79.161585,Maharashtra
LATUR,Latur,Aurangabad,Renapur,renakhurd64,cattle,fmd,Foot-and-Mouth Disease,2024-09-30,0,0,livestock_inspector,18.303028,76.495418,Maharashtra
LATUR,Latur,Aurangabad,Deoni,deonpeth81,goat,fmd,Foot-and-Mouth Disease,2024-09-30,0,0,para_vet,18.407308,76.621642,Maharashtra
LATUR,Latur,Aurangabad,Chakur,chaknagar39,buffalo,lsd,Lumpy Skin Disease,2024-09-30,0,0,para_vet,18.556119,76.574783,Maharashtra
LATUR,Latur,Aurangabad,Deoni,deonkhurd95,poultry,ai_h5n1,Avian Influenza (H5N1),2024-09-30,0,0,farmer,18.367468,76.667242,Maharashtra
JALGAON,Jalgaon,Nashik,Yawal,yawapeth23,buffalo,fmd,Foot-and-Mouth Disease,2024-09-30,0,0,farmer,20.892904,75.567231,Maharashtra
JALGAON,Jalgaon,Nashik,Chopda,chopkhurd51,goat,fmd,Foot-and-Mouth Disease,2024-09-30,0,0,livestock_inspector,20.948507,75.591447,Maharashtra
JALGAON,Jalgaon,Nashik,Raver,ravegaon42,buffalo,brucellosis,Brucellosis,2024-09-30,0,0,farmer,21.07183,75.671263,Maharashtra
JALGAON,Jalgaon,Nashik,Pachora,pachgaon97,poultry,ai_h5n1,Avian Influenza (H5N1),2024-09-30,0,0,para_vet,21.147404,75.681881,Maharashtra
PUNE,Pune,Pune,Bhor,bhorgaon72,buffalo,fmd,Foot-and-Mouth Disease,2024-10-07,0,0,field_vet,18.625835,73.717202,Maharashtra
PUNE,Pune,Pune,Haveli,havekhurd5,goat,ppr,Peste des Petits Ruminants,2024-10-07,0,0,para_vet,18.4129,73.963526,Maharashtra
PUNE,Pune,Pune,Indapur,indagaon33,buffalo,brucellosis,Brucellosis,2024-10-07,0,0,livestock_inspector,18.65246,73.749673,Maharashtra
AHMEDNAGAR,Ahmednagar,Nashik,Sangamner,sanggaon69,buffalo,fmd,Foot-and-Mouth Disease,2024-10-07,0,0,farmer,19.149994,74.720034,Maharashtra
AHMEDNAGAR,Ahmednagar,Nashik,Parner,parnkhurd36,goat,fmd,Foot-and-Mouth Disease,2024-10-07,0,0,farmer,18.974184,74.891846,Maharashtra
AHMEDNAGAR,Ahmednagar,Nashik,Pathardi,pathtarf91,goat,brucellosis,Brucellosis,2024-10-07,0,0,para_vet,19.148265,74.723473,Maharashtra
NASHIK,Nashik,Nashik,Niphad,niphwadi11,sheep,fmd,Foot-and-Mouth Disease,2024-10-07,0,0,field_vet,20.022548,73.787855,Maharashtra
KOLHAPUR,Kolhapur,Kolhapur,Gaganbawada,gagagaon38,buffalo,fmd,Foot-and-Mouth Disease,2024-10-07,0,0,field_vet,16.699937,74.172725,Maharashtra
KOLHAPUR,Kolhapur,Kolhapur,Shirol,shirtarf39,cattle,lsd,Lumpy Skin Disease,2024-10-07,0,0,field_vet,16.587149,74.198217,Maharashtra
KOLHAPUR,Kolhapur,Kolhapur,Shirol,shirpeth26,buffalo,lsd,Lumpy Skin Disease,2024-10-07,0,0,farmer,16.713729,74.362853,Maharashtra
KOLHAPUR,Kolhapur,Kolhapur,Shirol,shirnagar48,goat,ppr,Peste des Petits Ruminants,2024-10-07,0,0,field_vet,16.664349,74.360958,Maharashtra
KOLHAPUR,Kolhapur,Kolhapur,Radhanagari,radhkhurd15,cattle,brucellosis,Brucellosis,2024-10-07,0,0,para_vet,16.64047,74.133404,Maharashtra
KOLHAPUR,Kolhapur,Kolhapur,Radhanagari,radhkhurd62,buffalo,brucellosis,Brucellosis,2024-10-07,0,0,field_vet,16.590638,74.24002,Maharashtra
SANGLI,Sangli,Kolhapur,Walwa,walwwadi99,cattle,fmd,Foot-and-Mouth Disease,2024-10-07,0,0,para_vet,16.718012,74.680451,Maharashtra
SANGLI,Sangli,Kolhapur,Shirala,shirbudruk37,buffalo,fmd,Foot-and-Mouth Disease,2024-10-07,0,0,livestock_inspector,16.727184,74.560186,Maharashtra
SANGLI,Sangli,Kolhapur,Walwa,walwkhurd86,goat,fmd,Foot-and-Mouth Disease,2024-10-07,0,0,livestock_inspector,16.761924,74.643438,Maharashtra
SANGLI,Sangli,Kolhapur,Tasgaon,tasgnagar5,cattle,lsd,Lumpy Skin Disease,2024-10-07,0,0,field_vet,16.99952,74.710229,Maharashtra
SANGLI,Sangli,Kolhapur,Miraj,miranagar53,buffalo,lsd,Lumpy Skin Disease,2024-10-07,0,0,panchayat_member,16.794334,74.621493,Maharashtra
SANGLI,Sangli,Kolhapur,Walwa,walwnagar32,sheep,ppr,Peste des Petits Ruminants,2024-10-07,0,0,field_vet,16.970932,74.486025,Maharashtra
SANGLI,Sangli,Kolhapur,Kadegaon,kadegaon56,cattle,brucellosis,Brucellosis,2024-10-07,0,0,para_vet,16.778079,74.578886,Maharashtra
SOLAPUR,Solapur,Pune,Akkalkot,akkagaon6,cattle,fmd,Foot-and-Mouth Disease,2024-10-07,0,0,panchayat_member,17.800399,76.021612,Maharashtra
SOLAPUR,Solapur,Pune,Madha,madhkhurd54,sheep,fmd,Foot-and-Mouth Disease,2024-10-07,0,0,panchayat_member,17.723381,76.023876,Maharashtra
SOLAPUR,Solapur,Pune,Karmala,karmpur38,goat,ppr,Peste des Petits Ruminants,2024-10-07,0,0,farmer,17.796641,75.774638,Maharashtra
NAGPUR,Nagpur,Nagpur,Saoner,saongaon22,cattle,fmd,Foot-and-Mouth Disease,2024-10-07,0,0,para_vet,21.009484,79.009665,Maharashtra
NAGPUR,Nagpur,Nagpur,Hingna,hinggaon1,goat,fmd,Foot-and-Mouth Disease,2024-10-07,0,0,field_vet,21.185605,79.229866,Maharashtra
LATUR,Latur,Aurangabad,Chakur,chakkhurd59,sheep,fmd,Foot-and-Mouth Disease,2024-10-07,0,0,livestock_inspector,18.28887,76.568434,Maharashtra
LATUR,Latur,Aurangabad,Ausa,ausawadi17,cattle,lsd,Lumpy Skin Disease,2024-10-07,0,0,para_vet,18.489835,76.490697,Maharashtra
LATUR,Latur,Aurangabad,Shirur Anantpal,shirbudruk81,cattle,brucellosis,Brucellosis,2024-10-07,0,0,panchayat_member,18.295723,76.657877,Maharashtra
LATUR,Latur,Aurangabad,Deoni,deonnagar88,poultry,ai_h5n1,Avian Influenza (H5N1),2024-10-07,0,0,farmer,18.406346,76.70763,Maharashtra
JALGAON,Jalgaon,Nashik,Chopda,choppur23,buffalo,fmd,Foot-and-Mouth Disease,2024-10-07,0,0,livestock_inspector,21.016844,75.592483,Maharashtra
JALGAON,Jalgaon,Nashik,Chopda,choppur84,cattle,lsd,Lumpy Skin Disease,2024-10-07,0,0,para_vet,20.953777,75.52978,Maharashtra
JALGAON,Jalgaon,Nashik,Raver,ravepur99,goat,ppr,Peste des Petits Ruminants,2024-10-07,0,0,livestock_inspector,20.963483,75.560862,Maharashtra
JALGAON,Jalgaon,Nashik,Chopda,chopkhurd47,poultry,ai_h5n1,Avian Influenza (H5N1),2024-10-07,0,0,farmer,20.918684,75.667779,Maharashtra
PUNE,Pune,Pune,Bhor,bhorgaon90,sheep,fmd,Foot-and-Mouth Disease,2024-10-14,0,0,para_vet,18.483638,73.714604,Maharashtra
PUNE,Pune,Pune,Bhor,bhorwadi19,cattle,lsd,Lumpy Skin Disease,2024-10-14,0,0,field_vet,18.412783,73.780214,Maharashtra
PUNE,Pune,Pune,Baramati,baranagar88,buffalo,brucellosis,Brucellosis,2024-10-14,0,0,livestock_inspector,18.536647,73.955555,Maharashtra
PUNE,Pune,Pune,Mulshi,mulsnagar17,goat,brucellosis,Brucellosis,2024-10-14,0,0,para_vet,18.490521,73.723499,Maharashtra
AHMEDNAGAR,Ahmednagar,Nashik,Sangamner,sangnagar25,buffalo,fmd,Foot-and-Mouth Disease,2024-10-14,0,0,field_vet,18.97732,74.621343,Maharashtra
AHMEDNAGAR,Ahmednagar,Nashik,Nevasa,nevawadi73,cattle,lsd,Lumpy Skin Disease,2024-10-14,0,0,livestock_inspector,18.958504,74.692374,Maharashtra
AHMEDNAGAR,Ahmednagar,Nashik,Kopargaon,kopagaon65,sheep,ppr,Peste des Petits Ruminants,2024-10-14,0,0,para_vet,18.951906,74.836821,Maharashtra
NASHIK,Nashik,Nashik,Trimbakeshwar,trimtarf80,cattle,fmd,Foot-and-Mouth Disease,2024-10-14,0,0,livestock_inspector,19.868304,73.853829,Maharashtra
NASHIK,Nashik,Nashik,Dindori,dindpur99,goat,fmd,Foot-and-Mouth Disease,2024-10-14,0,0,field_vet,20.020441,73.930684,Maharashtra
NASHIK,Nashik,Nashik,Trimbakeshwar,trimpur38,sheep,fmd,Foot-and-Mouth Disease,2024-10-14,0,0,para_vet,19.876749,73.812953,Maharashtra
NASHIK,Nashik,Nashik,Malegaon,malekhurd90,goat,brucellosis,Brucellosis,2024-10-14,0,0,panchayat_member,19.858683,73.895918,Maharashtra
KOLHAPUR,Kolhapur,Kolhapur,Karveer,karvpur61,cattle,lsd,Lumpy Skin Disease,2024-10-14,0,0,para_vet,16.747065,74.189356,Maharashtra
KOLHAPUR,Kolhapur,Kolhapur,Karveer,karvnagar35,goat,ppr,Peste des Petits Ruminants,2024-10-14,0,0,field_vet,16.745706,74.118377,Maharashtra
KOLHAPUR,Kolhapur,Kolhapur,Radhanagari,radhpeth54,sheep,ppr,Peste des Petits Ruminants,2024-10-14,0,0,panchayat_member,16.619231,74.361222,Maharashtra
SANGLI,Sangli,Kolhapur,Jath,jathpur77,goat,ppr,Peste des Petits Ruminants,2024-10-14,0,0,livestock_inspector,16.767241,74.494429,Maharashtra
SOLAPUR,Solapur,Pune,Akkalkot,akkanagar82,cattle,fmd,Foot-and-Mouth Disease,2024-10-14,0,0,field_vet,17.720528,76.03777,Maharashtra
SOLAPUR,Solapur,Pune,Barshi,barsgaon84,buffalo,fmd,Foot-and-Mouth Disease,2024-10-14,0,0,farmer,17.694778,75.879784,Maharashtra
SOLAPUR,Solapur,Pune,Pandharpur,pandkhurd29,sheep,fmd,Foot-and-Mouth Disease,2024-10-14,0,0,livestock_inspector,17.675376,75.79075,Maharashtra
SOLAPUR,Solapur,Pune,Akkalkot,akkabudruk40,goat,ppr,Peste des Petits Ruminants,2024-10-14,0,0,livestock_inspector,17.71189,75.757647,Maharashtra
SOLAPUR,Solapur,Pune,Karmala,karmtarf43,sheep,ppr,Peste des Petits Ruminants,2024-10-14,0,0,para_vet,17.797648,76.054249,Maharashtra
SOLAPUR,Solapur,Pune,Akkalkot,akkanagar94,buffalo,brucellosis,Brucellosis,2024-10-14,0,0,para_vet,17.630836,75.851837,Maharashtra
SOLAPUR,Solapur,Pune,Mangalvedhe,mangnagar98,goat,brucellosis,Brucellosis,2024-10-14,0,0,field_vet,17.761101,75.804116,Maharashtra
SOLAPUR,Solapur,Pune,Barshi,barspur4,poultry,ai_h5n1,Avian Influenza (H5N1),2024-10-14,0,0,panchayat_member,17.722173,76.032578,Maharashtra
NAGPUR,Nagpur,Nagpur,Hingna,hingbudruk25,buffalo,fmd,Foot-and-Mouth Disease,2024-10-14,0,0,panchayat_member,21.247937,79.156094,Maharashtra
NAGPUR,Nagpur,Nagpur,Hingna,hingwadi82,goat,fmd,Foot-and-Mouth Disease,2024-10-14,0,0,panchayat_member,21.255882,78.971479,Maharashtra
NAGPUR,Nagpur,Nagpur,Saoner,saonpur12,sheep,fmd,Foot-and-Mouth Disease,2024-10-14,0,0,farmer,21.144074,79.046619,Maharashtra
NAGPUR,Nagpur,Nagpur,Umred,umregaon27,cattle,lsd,Lumpy Skin Disease,2024-10-14,0,0,livestock_inspector,21.108376,79.032275,Maharashtra
NAGPUR,Nagpur,Nagpur,Kamptee,kamppur85,buffalo,lsd,Lumpy Skin Disease,2024-10-14,0,0,panchayat_member,21.185164,79.194643,Maharashtra
NAGPUR,Nagpur,Nagpur,Kamptee,kampkhurd78,sheep,ppr,Peste des Petits Ruminants,2024-10-14,0,0,farmer,21.156586,79.093598,Maharashtra
NAGPUR,Nagpur,Nagpur,Hingna,hingkhurd11,cattle,brucellosis,Brucellosis,2024-10-14,0,0,para_vet,21.076077,79.082672,Maharashtra
LATUR,Latur,Aurangabad,Ausa,ausabudruk76,cattle,lsd,Lumpy Skin Disease,2024-10-14,0,0,livestock_inspector,18.346842,76.658406,Maharashtra
LATUR,Latur,Aurangabad,Renapur,renagaon74,goat,brucellosis,Brucellosis,2024-10-14,0,0,livestock_inspector,18.46344,76.540962,Maharashtra
LATUR,Latur,Aurangabad,Chakur,chakpeth6,poultry,ai_h5n1,Avian Influenza (H5N1),2024-10-14,0,0,field_vet,18.385171,76.447628,Maharashtra
JALGAON,Jalgaon,Nashik,Bhusawal,bhuswadi60,cattle,fmd,Foot-and-Mouth Disease,2024-10-14,0,0,field_vet,20.897017,75.702656,Maharashtra
JALGAON,Jalgaon,Nashik,Erandol,eranpeth83,cattle,lsd,Lumpy Skin Disease,2024-10-14,0,0,farmer,21.110623,75.693911,Maharashtra
JALGAON,Jalgaon,Nashik,Chopda,chopkhurd93,goat,ppr,Peste des Petits Ruminants,2024-10-14,0,0,field_vet,21.102544,75.573868,Maharashtra
JALGAON,Jalgaon,Nashik,Chopda,chopgaon7,sheep,ppr,Peste des Petits Ruminants,2024-10-14,0,0,field_vet,20.880213,75.511399,Maharashtra
JALGAON,Jalgaon,Nashik,Erandol,erangaon17,cattle,brucellosis,Brucellosis,2024-10-14,0,0,field_vet,21.116268,75.63851,Maharashtra
PUNE,Pune,Pune,Velhe,velhpeth50,goat,fmd,Foot-and-Mouth Disease,2024-10-21,0,0,para_vet,18.516694,73.808835,Maharashtra
PUNE,Pune,Pune,Mulshi,mulskhurd3,cattle,brucellosis,Brucellosis,2024-10-21,0,0,livestock_inspector,18.426509,73.715276,Maharashtra
PUNE,Pune,Pune,Mulshi,mulstarf56,buffalo,brucellosis,Brucellosis,2024-10-21,0,0,para_vet,18.415586,73.857357,Maharashtra
PUNE,Pune,Pune,Baramati,barapur77,poultry,ai_h5n1,Avian Influenza (H5N1),2024-10-21,0,0,field_vet,18.529269,73.854785,Maharashtra
AHMEDNAGAR,Ahmednagar,Nashik,Rahuri,rahuwadi74,cattle,fmd,Foot-and-Mouth Disease,2024-10-21,0,0,field_vet,19.01643,74.75764,Maharashtra
AHMEDNAGAR,Ahmednagar,Nashik,Pathardi,pathbudruk91,sheep,fmd,Foot-and-Mouth Disease,2024-10-21,0,0,panchayat_member,19.031194,74.598932,Maharashtra
AHMEDNAGAR,Ahmednagar,Nashik,Shrirampur,shripur97,goat,brucellosis,Brucellosis,2024-10-21,0,0,para_vet,19.177377,74.627998,Maharashtra
NASHIK,Nashik,Nashik,Yeola,yeoltarf43,cattle,brucellosis,Brucellosis,2024-10-21,0,0,livestock_inspector,20.033044,73.92358,Maharashtra
NASHIK,Nashik,Nashik,Dindori,dindpeth88,poultry,ai_h5n1,Avian Influenza (H5N1),2024-10-21,0,0,para_vet,19.996195,73.685068,Maharashtra
KOLHAPUR,Kolhapur,Kolhapur,Hatkanangle,hatkwadi59,cattle,fmd,Foot-and-Mouth Disease,2024-10-21,0,0,farmer,16.620198,74.340941,Maharashtra
KOLHAPUR,Kolhapur,Kolhapur,Hatkanangle,hatkwadi7,buffalo,fmd,Foot-and-Mouth Disease,2024-10-21,0,0,field_vet,16.596316,74.356917,Maharashtra
KOLHAPUR,Kolhapur,Kolhapur,Radhanagari,radhpeth70,buffalo,brucellosis,Brucellosis,2024-10-21,0,0,para_vet,16.66779,74.356076,Maharashtra
SANGLI,Sangli,Kolhapur,Jath,jathgaon43,buffalo,lsd,Lumpy Skin Disease,2024-10-21,0,0,panchayat_member,16.73162,74.518673,Maharashtra
SANGLI,Sangli,Kolhapur,Tasgaon,tasgpeth18,sheep,ppr,Peste des Petits Ruminants,2024-10-21,0,0,para_vet,16.970916,74.6234,Maharashtra
SANGLI,Sangli,Kolhapur,Tasgaon,tasggaon67,buffalo,brucellosis,Brucellosis,2024-10-21,0,0,farmer,16.776562,74.462582,Maharashtra
SANGLI,Sangli,Kolhapur,Shirala,shirpur31,goat,brucellosis,Brucellosis,2024-10-21,0,0,panchayat_member,16.780481,74.615328,Maharashtra
SANGLI,Sangli,Kolhapur,Tasgaon,tasgwadi24,poultry,ai_h5n1,Avian Influenza (H5N1),2024-10-21,0,0,para_vet,16.947965,74.62874,Maharashtra
SOLAPUR,Solapur,Pune,Akkalkot,akkagaon76,cattle,fmd,Foot-and-Mouth Disease,2024-10-21,0,0,livestock_inspector,17.620102,75.838954,Maharashtra
SOLAPUR,Solapur,Pune,Akkalkot,akkapeth36,cattle,lsd,Lumpy Skin Disease,2024-10-21,0,0,farmer,17.804426,75.863724,Maharashtra
NAGPUR,Nagpur,Nagpur,Umred,umrepur30,cattle,fmd,Foot-and-Mouth Disease,2024-10-21,0,0,farmer,21.195378,79.08803,Maharashtra
NAGPUR,Nagpur,Nagpur,Umred,umrekhurd14,buffalo,fmd,Foot-and-Mouth Disease,2024-10-21,0,0,para_vet,21.214249,79.053425,Maharashtra
NAGPUR,Nagpur,Nagpur,Umred,umregaon57,goat,fmd,Foot-and-Mouth Disease,2024-10-21,0,0,field_vet,21.17776,79.190404,Maharashtra
NAGPUR,Nagpur,Nagpur,Katol,katobudruk29,cattle,lsd,Lumpy Skin Disease,2024-10-21,0,0,para_vet,21.218446,79.068419,Maharashtra
NAGPUR,Nagpur,Nagpur,Kamptee,kampgaon27,buffalo,lsd,Lumpy Skin Disease,2024-10-21,0,0,farmer,21.238803,79.206187,Maharashtra
NAGPUR,Nagpur,Nagpur,Umred,umrepeth25,goat,ppr,Peste des Petits Ruminants,2024-10-21,0,0,para_vet,21.166911,79.08032,Maharashtra
NAGPUR,Nagpur,Nagpur,Kamptee,kamppur67,cattle,brucellosis,Brucellosis,2024-10-21,0,0,field_vet,21.026074,79.087814,Maharashtra
NAGPUR,Nagpur,Nagpur,Saoner,saonbudruk50,buffalo,brucellosis,Brucellosis,2024-10-21,0,0,field_vet,21.016186,79.199642,Maharashtra
NAGPUR,Nagpur,Nagpur,Umred,umregaon75,poultry,ai_h5n1,Avian Influenza (H5N1),2024-10-21,0,0,livestock_inspector,21.276878,79.23368,Maharashtra
LATUR,Latur,Aurangabad,Nilanga,nilanagar88,cattle,brucellosis,Brucellosis,2024-10-21,0,0,farmer,18.424549,76.426042,Maharashtra
JALGAON,Jalgaon,Nashik,Raver,ravepeth24,goat,fmd,Foot-and-Mouth Disease,2024-10-21,0,0,field_vet,20.870816,75.5175,Maharashtra
JALGAON,Jalgaon,Nashik,Pachora,pachnagar62,sheep,fmd,Foot-and-Mouth Disease,2024-10-21,0,0,farmer,21.054677,75.435513,Maharashtra
JALGAON,Jalgaon,Nashik,Yawal,yawanagar91,sheep,ppr,Peste des Petits Ruminants,2024-10-21,0,0,panchayat_member,21.003562,75.436134,Maharashtra
JALGAON,Jalgaon,Nashik,Pachora,pachnagar39,poultry,ai_h5n1,Avian Influenza (H5N1),2024-10-21,0,0,farmer,20.875616,75.668972,Maharashtra
PUNE,Pune,Pune,Baramati,barapur85,cattle,fmd,Foot-and-Mouth Disease,2024-10-28,0,0,livestock_inspector,18.530148,73.904821,Maharashtra
PUNE,Pune,Pune,Velhe,velhwadi44,goat,fmd,Foot-and-Mouth Disease,2024-10-28,0,0,panchayat_member,18.500623,73.834965,Maharashtra
PUNE,Pune,Pune,Mulshi,mulsnagar93,sheep,fmd,Foot-and-Mouth Disease,2024-10-28,0,0,field_vet,18.627954,73.988093,Maharashtra
PUNE,Pune,Pune,Baramati,barapeth96,cattle,lsd,Lumpy Skin Disease,2024-10-28,0,0,para_vet,18.409962,73.711255,Maharashtra
PUNE,Pune,Pune,Velhe,velhbudruk44,buffalo,lsd,Lumpy Skin Disease,2024-10-28,0,0,panchayat_member,18.48878,73.891364,Maharashtra
PUNE,Pune,Pune,Junnar,junnbudruk64,poultry,ai_h5n1,Avian Influenza (H5N1),2024-10-28,0,0,para_vet,18.438626,73.759049,Maharashtra
AHMEDNAGAR,Ahmednagar,Nashik,Nevasa,nevapeth75,cattle,fmd,Foot-and-Mouth Disease,2024-10-28,0,0,field_vet,18.957387,74.813207,Maharashtra
AHMEDNAGAR,Ahmednagar,Nashik,Sangamner,sangwadi87,buffalo,fmd,Foot-and-Mouth Disease,2024-10-28,0,0,field_vet,19.106932,74.61142,Maharashtra
AHMEDNAGAR,Ahmednagar,Nashik,Shrirampur,shritarf74,goat,fmd,Foot-and-Mouth Disease,2024-10-28,0,0,field_vet,19.193541,74.802305,Maharashtra
AHMEDNAGAR,Ahmednagar,Nashik,Rahuri,rahutarf78,sheep,fmd,Foot-and-Mouth Disease,2024-10-28,0,0,field_vet,19.045296,74.720441,Maharashtra
AHMEDNAGAR,Ahmednagar,Nashik,Rahuri,rahubudruk20,cattle,lsd,Lumpy Skin Disease,2024-10-28,0,0,panchayat_member,18.952461,74.780711,Maharashtra
AHMEDNAGAR,Ahmednagar,Nashik,Nevasa,nevanagar69,cattle,brucellosis,Brucellosis,2024-10-28,0,0,farmer,19.199079,74.756327,Maharashtra
AHMEDNAGAR,Ahmednagar,Nashik,Shrirampur,shritarf30,goat,brucellosis,Brucellosis,2024-10-28,0,0,livestock_inspector,19.039245,74.889719,Maharashtra
NASHIK,Nashik,Nashik,Sinnar,sinnpur78,goat,fmd,Foot-and-Mouth Disease,2024-10-28,0,0,field_vet,20.095057,73.742472,Maharashtra
NASHIK,Nashik,Nashik,Sinnar,sinnwadi22,cattle,lsd,Lumpy Skin Disease,2024-10-28,0,0,farmer,19.981888,73.869653,Maharashtra
NASHIK,Nashik,Nashik,Malegaon,malewadi56,buffalo,lsd,Lumpy Skin Disease,2024-10-28,0,0,farmer,20.063314,73.93698,Maharashtra
NASHIK,Nashik,Nashik,Igatpuri,igatgaon20,poultry,ai_h5n1,Avian Influenza (H5N1),2024-10-28,0,0,farmer,20.034366,73.750962,Maharashtra
KOLHAPUR,Kolhapur,Kolhapur,Hatkanangle,hatkwadi73,buffalo,fmd,Foot-and-Mouth Disease,2024-10-28,0,0,panchayat_member,16.82419,74.267248,Maharashtra
KOLHAPUR,Kolhapur,Kolhapur,Panhala,panhwadi95,goat,fmd,Foot-and-Mouth Disease,2024-10-28,0,0,para_vet,16.684161,74.176777,Maharashtra
KOLHAPUR,Kolhapur,Kolhapur,Hatkanangle,hatkgaon30,cattle,lsd,Lumpy Skin Disease,2024-10-28,0,0,field_vet,16.597301,74.155353,Maharashtra
KOLHAPUR,Kolhapur,Kolhapur,Karveer,karvkhurd1,buffalo,lsd,Lumpy Skin Disease,2024-10-28,0,0,livestock_inspector,16.804751,74.101033,Maharashtra
KOLHAPUR,Kolhapur,Kolhapur,Radhanagari,radhgaon57,sheep,ppr,Peste des Petits Ruminants,2024-10-28,0,0,livestock_inspector,16.702977,74.119359,Maharashtra
KOLHAPUR,Kolhapur,Kolhapur,Panhala,panhtarf36,buffalo,brucellosis,Brucellosis,2024-10-28,0,0,livestock_inspector,16.744187,74.247153,Maharashtra
SANGLI,Sangli,Kolhapur,Miraj,mirakhurd1,sheep,fmd,Foot-and-Mouth Disease,2024-10-28,0,0,livestock_inspector,16.722578,74.598821,Maharashtra
SANGLI,Sangli,Kolhapur,Shirala,shirpeth81,goat,ppr,Peste des Petits Ruminants,2024-10-28,0,0,livestock_inspector,16.881753,74.594524,Maharashtra
SANGLI,Sangli,Kolhapur,Shirala,shirgaon23,cattle,brucellosis,Brucellosis,2024-10-28,0,0,livestock_inspector,16.989295,74.629684,Maharashtra
SANGLI,Sangli,Kolhapur,Shirala,shirpeth77,buffalo,brucellosis,Brucellosis,2024-10-28,0,0,livestock_inspector,16.908567,74.440189,Maharashtra
SOLAPUR,Solapur,Pune,Pandharpur,pandnagar29,buffalo,fmd,Foot-and-Mouth Disease,2024-10-28,0,0,panchayat_member,17.772587,75.917204,Maharashtra
SOLAPUR,Solapur,Pune,Mangalvedhe,mangwadi93,goat,fmd,Foot-and-Mouth Disease,2024-10-28,0,0,farmer,17.750624,75.783476,Maharashtra
SOLAPUR,Solapur,Pune,Madha,madhnagar92,cattle,lsd,Lumpy Skin Disease,2024-10-28,0,0,para_vet,17.596956,75.804821,Maharashtra
SOLAPUR,Solapur,Pune,Karmala,karmbudruk4,sheep,ppr,Peste des Petits Ruminants,2024-10-28,0,0,para_vet,17.699367,75.962821,Maharashtra
SOLAPUR,Solapur,Pune,Akkalkot,akkapur13,goat,brucellosis,Brucellosis,2024-10-28,0,0,panchayat_member,17.747686,75.814685,Maharashtra
NAGPUR,Nagpur,Nagpur,Umred,umrepeth49,cattle,fmd,Foot-and-Mouth Disease,2024-10-28,0,0,field_vet,21.12466,79.004876,Maharashtra
NAGPUR,Nagpur,Nagpur,Umred,umrekhurd49,buffalo,fmd,Foot-and-Mouth Disease,2024-10-28,0,0,farmer,21.293746,79.156467,Maharashtra
NAGPUR,Nagpur,Nagpur,Katol,katokhurd11,buffalo,lsd,Lumpy Skin Disease,2024-10-28,0,0,para_vet,21.116759,79.189621,Maharashtra
NAGPUR,Nagpur,Nagpur,Hingna,hingpeth70,cattle,brucellosis,Brucellosis,2024-10-28,0,0,livestock_inspector,21.089705,79.133803,Maharashtra
NAGPUR,Nagpur,Nagpur,Umred,umregaon22,poultry,ai_h5n1,Avian Influenza (H5N1),2024-10-28,0,0,para_vet,21.12708,79.229775,Maharashtra
LATUR,Latur,Aurangabad,Chakur,chakkhurd43,buffalo,lsd,Lumpy Skin Disease,2024-10-28,0,0,para_vet,18.308071,76.624924,Maharashtra
LATUR,Latur,Aurangabad,Ausa,ausapeth43,sheep,ppr,Peste des Petits Ruminants,2024-10-28,0,0,farmer,18.277132,76.551008,Maharashtra
JALGAON,Jalgaon,Nashik,Chopda,choppur67,cattle,fmd,Foot-and-Mouth Disease,2024-10-28,0,0,panchayat_member,21.051149,75.527484,Maharashtra
JALGAON,Jalgaon,Nashik,Chopda,chopkhurd28,goat,fmd,Foot-and-Mouth Disease,2024-10-28,0,0,farmer,21.136564,75.597077,Maharashtra
JALGAON,Jalgaon,Nashik,Chopda,chopwadi18,sheep,fmd,Foot-and-Mouth Disease,2024-10-28,0,0,panchayat_member,21.09987,75.540222,Maharashtra
JALGAON,Jalgaon,Nashik,Raver,ravebudruk92,goat,ppr,Peste des Petits Ruminants,2024-10-28,0,0,para_vet,21.109663,75.580746,Maharashtra
JALGAON,Jalgaon,Nashik,Erandol,erantarf68,poultry,ai_h5n1,Avian Influenza (H5N1),2024-10-28,0,0,para_vet,20.859384,75.505717,Maharashtra
PUNE,Pune,Pune,Haveli,havepur91,buffalo,lsd,Lumpy Skin Disease,2024-11-04,0,0,para_vet,18.631674,73.746194,Maharashtra
PUNE,Pune,Pune,Mulshi,mulsbudruk25,goat,ppr,Peste des Petits Ruminants,2024-11-04,0,0,panchayat_member,18.591636,73.806499,Maharashtra
PUNE,Pune,Pune,Baramati,baranagar86,cattle,brucellosis,Brucellosis,2024-11-04,0,0,farmer,18.389886,73.954214,Maharashtra
PUNE,Pune,Pune,Indapur,indawadi36,buffalo,brucellosis,Brucellosis,2024-11-04,0,0,panchayat_member,18.430005,73.85834,Maharashtra
PUNE,Pune,Pune,Ambegaon,ambegaon44,goat,brucellosis,Brucellosis,2024-11-04,0,0,livestock_inspector,18.540852,73.915588,Maharashtra
PUNE,Pune,Pune,Mulshi,mulspur94,poultry,ai_h5n1,Avian Influenza (H5N1),2024-11-04,0,0,farmer,18.426098,73.884045,Maharashtra
AHMEDNAGAR,Ahmednagar,Nashik,Parner,parnkhurd96,buffalo,fmd,Foot-and-Mouth Disease,2024-11-04,0,0,para_vet,19.037946,74.711793,Maharashtra
AHMEDNAGAR,Ahmednagar,Nashik,Nevasa,nevakhurd90,goat,ppr,Peste des Petits Ruminants,2024-11-04,0,0,livestock_inspector,19.048876,74.841272,Maharashtra
AHMEDNAGAR,Ahmednagar,Nashik,Rahuri,rahupur61,buffalo,brucellosis,Brucellosis,2024-11-04,0,0,para_vet,19.084974,74.694897,Maharashtra
AHMEDNAGAR,Ahmednagar,Nashik,Sangamner,sangwadi21,goat,brucellosis,Brucellosis,2024-11-04,0,0,livestock_inspector,19.087449,74.699002,Maharashtra
NASHIK,Nashik,Nashik,Malegaon,malepur45,cattle,brucellosis,Brucellosis,2024-11-04,0,0,livestock_inspector,19.975098,73.778176,Maharashtra
NASHIK,Nashik,Nashik,Trimbakeshwar,trimgaon24,buffalo,brucellosis,Brucellosis,2024-11-04,0,0,para_vet,20.113629,73.770965,Maharashtra
NASHIK,Nashik,Nashik,Igatpuri,igattarf13,goat,brucellosis,Brucellosis,2024-11-04,0,0,livestock_inspector,20.021249,73.758214,Maharashtra
KOLHAPUR,Kolhapur,Kolhapur,Hatkanangle,hatknagar12,goat,ppr,Peste des Petits Ruminants,2024-11-04,0,0,field_vet,16.67022,74.147263,Maharashtra
SANGLI,Sangli,Kolhapur,Shirala,shirpeth47,sheep,ppr,Peste des Petits Ruminants,2024-11-04,0,0,farmer,16.96915,74.637416,Maharashtra
SANGLI,Sangli,Kolhapur,Walwa,walwbudruk82,buffalo,brucellosis,Brucellosis,2024-11-04,0,0,farmer,16.881134,74.538673,Maharashtra
SANGLI,Sangli,Kolhapur,Jath,jathpur82,goat,brucellosis,Brucellosis,2024-11-04,0,0,livestock_inspector,16.83173,74.513909,Maharashtra
SANGLI,Sangli,Kolhapur,Jath,jathpeth6,poultry,ai_h5n1,Avian Influenza (H5N1),2024-11-04,0,0,farmer,16.800377,74.442986,Maharashtra
SOLAPUR,Solapur,Pune,Akkalkot,akkapur36,goat,ppr,Peste des Petits Ruminants,2024-11-04,0,0,panchayat_member,17.711332,75.937787,Maharashtra
SOLAPUR,Solapur,Pune,Pandharpur,pandkhurd3,sheep,ppr,Peste des Petits Ruminants,2024-11-04,0,0,livestock_inspector,17.707064,75.838831,Maharashtra
SOLAPUR,Solapur,Pune,Akkalkot,akkatarf29,cattle,brucellosis,Brucellosis,2024-11-04,0,0,farmer,17.693316,75.974849,Maharashtra
SOLAPUR,Solapur,Pune,Akkalkot,akkapeth27,poultry,ai_h5n1,Avian Influenza (H5N1),2024-11-04,0,0,panchayat_member,17.719218,75.958296,Maharashtra
NAGPUR,Nagpur,Nagpur,Narkhed,narktarf39,buffalo,fmd,Foot-and-Mouth Disease,2024-11-04,0,0,field_vet,21.221057,79.07365,Maharashtra
NAGPUR,Nagpur,Nagpur,Katol,katokhurd28,buffalo,lsd,Lumpy Skin Disease,2024-11-04,0,0,farmer,21.167024,78.991787,Maharashtra
NAGPUR,Nagpur,Nagpur,Saoner,saonwadi69,poultry,ai_h5n1,Avian Influenza (H5N1),2024-11-04,0,0,field_vet,21.22468,79.135057,Maharashtra
LATUR,Latur,Aurangabad,Shirur Anantpal,shirgaon77,buffalo,fmd,Foot-and-Mouth Disease,2024-11-04,0,0,panchayat_member,18.478444,76.694047,Maharashtra
LATUR,Latur,Aurangabad,Renapur,renawadi96,goat,fmd,Foot-and-Mouth Disease,2024-11-04,0,0,panchayat_member,18.523854,76.606635,Maharashtra
LATUR,Latur,Aurangabad,Ausa,ausakhurd74,buffalo,lsd,Lumpy Skin Disease,2024-11-04,0,0,livestock_inspector,18.396558,76.615501,Maharashtra
JALGAON,Jalgaon,Nashik,Erandol,eranwadi47,cattle,fmd,Foot-and-Mouth Disease,2024-11-04,0,0,livestock_inspector,21.072687,75.566068,Maharashtra
JALGAON,Jalgaon,Nashik,Raver,ravebudruk98,buffalo,fmd,Foot-and-Mouth Disease,2024-11-04,0,0,panchayat_member,21.083773,75.446135,Maharashtra
JALGAON,Jalgaon,Nashik,Yawal,yawapeth43,cattle,lsd,Lumpy Skin Disease,2024-11-04,0,0,livestock_inspector,21.067569,75.583069,Maharashtra
JALGAON,Jalgaon,Nashik,Yawal,yawawadi29,buffalo,lsd,Lumpy Skin Disease,2024-11-04,0,0,field_vet,21.026762,75.626741,Maharashtra
JALGAON,Jalgaon,Nashik,Raver,ravebudruk19,cattle,brucellosis,Brucellosis,2024-11-04,0,0,panchayat_member,20.86132,75.521849,Maharashtra
PUNE,Pune,Pune,Velhe,velhbudruk27,buffalo,fmd,Foot-and-Mouth Disease,2024-11-11,0,0,para_vet,18.415427,73.889292,Maharashtra
AHMEDNAGAR,Ahmednagar,Nashik,Kopargaon,kopabudruk64,goat,ppr,Peste des Petits Ruminants,2024-11-11,0,0,para_vet,19.043392,74.742984,Maharashtra
AHMEDNAGAR,Ahmednagar,Nashik,Nevasa,nevakhurd44,sheep,ppr,Peste des Petits Ruminants,2024-11-11,0,0,field_vet,19.148153,74.748919,Maharashtra
AHMEDNAGAR,Ahmednagar,Nashik,Nevasa,nevapeth64,cattle,brucellosis,Brucellosis,2024-11-11,0,0,para_vet,18.998439,74.826131,Maharashtra
AHMEDNAGAR,Ahmednagar,Nashik,Shrirampur,shrikhurd40,goat,brucellosis,Brucellosis,2024-11-11,0,0,panchayat_member,19.036415,74.827926,Maharashtra
NASHIK,Nashik,Nashik,Malegaon,malebudruk48,sheep,fmd,Foot-and-Mouth Disease,2024-11-11,0,0,para_vet,19.94817,73.858013,Maharashtra
NASHIK,Nashik,Nashik,Sinnar,sinntarf83,buffalo,lsd,Lumpy Skin Disease,2024-11-11,0,0,para_vet,20.148796,73.870115,Maharashtra
NASHIK,Nashik,Nashik,Trimbakeshwar,trimwadi42,goat,ppr,Peste des Petits Ruminants,2024-11-11,0,0,livestock_inspector,20.093576,73.737706,Maharashtra
NASHIK,Nashik,Nashik,Niphad,niphpeth36,sheep,ppr,Peste des Petits Ruminants,2024-11-11,0,0,farmer,19.878628,73.688125,Maharashtra
NASHIK,Nashik,Nashik,Dindori,dindtarf36,goat,brucellosis,Brucellosis,2024-11-11,0,0,panchayat_member,19.967135,73.917082,Maharashtra
KOLHAPUR,Kolhapur,Kolhapur,Hatkanangle,hatkkhurd72,cattle,fmd,Foot-and-Mouth Disease,2024-11-11,0,0,farmer,16.686478,74.191653,Maharashtra
KOLHAPUR,Kolhapur,Kolhapur,Radhanagari,radhbudruk33,buffalo,lsd,Lumpy Skin Disease,2024-11-11,0,0,panchayat_member,16.779295,74.100241,Maharashtra
KOLHAPUR,Kolhapur,Kolhapur,Gaganbawada,gagawadi66,goat,ppr,Peste des Petits Ruminants,2024-11-11,0,0,field_vet,16.55986,74.224462,Maharashtra
SANGLI,Sangli,Kolhapur,Jath,jathtarf59,buffalo,fmd,Foot-and-Mouth Disease,2024-11-11,0,0,panchayat_member,16.936734,74.653338,Maharashtra
SANGLI,Sangli,Kolhapur,Tasgaon,tasgkhurd40,goat,ppr,Peste des Petits Ruminants,2024-11-11,0,0,para_vet,16.732669,74.591527,Maharashtra
SANGLI,Sangli,Kolhapur,Walwa,walwgaon42,sheep,ppr,Peste des Petits Ruminants,2024-11-11,0,0,field_vet,16.98094,74.62895,Maharashtra
SANGLI,Sangli,Kolhapur,Shirala,shirnagar26,poultry,ai_h5n1,Avian Influenza (H5N1),2024-11-11,0,0,para_vet,16.933695,74.608565,Maharashtra
SOLAPUR,Solapur,Pune,Barshi,barstarf62,goat,fmd,Foot-and-Mouth Disease,2024-11-11,0,0,field_vet,17.662521,76.039869,Maharashtra
SOLAPUR,Solapur,Pune,Akkalkot,akkabudruk30,cattle,lsd,Lumpy Skin Disease,2024-11-11,0,0,farmer,17.70503,75.999451,Maharashtra
SOLAPUR,Solapur,Pune,Barshi,barspur67,goat,ppr,Peste des Petits Ruminants,2024-11-11,0,0,para_vet,17.551966,75.897344,Maharashtra
SOLAPUR,Solapur,Pune,Akkalkot,akkabudruk48,sheep,ppr,Peste des Petits Ruminants,2024-11-11,0,0,panchayat_member,17.634363,75.803645,Maharashtra
SOLAPUR,Solapur,Pune,Madha,madhwadi64,buffalo,brucellosis,Brucellosis,2024-11-11,0,0,para_vet,17.601719,75.943994,Maharashtra
NAGPUR,Nagpur,Nagpur,Narkhed,narkwadi40,sheep,fmd,Foot-and-Mouth Disease,2024-11-11,0,0,livestock_inspector,21.136646,79.209065,Maharashtra
NAGPUR,Nagpur,Nagpur,Kamptee,kampgaon92,goat,ppr,Peste des Petits Ruminants,2024-11-11,0,0,livestock_inspector,21.08049,79.122704,Maharashtra
LATUR,Latur,Aurangabad,Chakur,chakpeth45,buffalo,fmd,Foot-and-Mouth Disease,2024-11-11,0,0,para_vet,18.447414,76.655497,Maharashtra
LATUR,Latur,Aurangabad,Nilanga,nilapeth15,sheep,ppr,Peste des Petits Ruminants,2024-11-11,0,0,farmer,18.423939,76.499114,Maharashtra
LATUR,Latur,Aurangabad,Shirur Anantpal,shirpur51,cattle,brucellosis,Brucellosis,2024-11-11,0,0,panchayat_member,18.317263,76.662404,Maharashtra
LATUR,Latur,Aurangabad,Shirur Anantpal,shirpur48,poultry,ai_h5n1,Avian Influenza (H5N1),2024-11-11,0,0,para_vet,18.288841,76.460091,Maharashtra
JALGAON,Jalgaon,Nashik,Pachora,pachnagar26,cattle,fmd,Foot-and-Mouth Disease,2024-11-11,0,0,field_vet,20.872374,75.703344,Maharashtra
JALGAON,Jalgaon,Nashik,Chopda,chopbudruk91,goat,fmd,Foot-and-Mouth Disease,2024-11-11,0,0,panchayat_member,21.058136,75.475226,Maharashtra
JALGAON,Jalgaon,Nashik,Erandol,eranpur19,sheep,fmd,Foot-and-Mouth Disease,2024-11-11,0,0,livestock_inspector,21.104432,75.641978,Maharashtra
JALGAON,Jalgaon,Nashik,Bhusawal,bhuspur27,goat,ppr,Peste des Petits Ruminants,2024-11-11,0,0,livestock_inspector,20.900423,75.495241,Maharashtra
PUNE,Pune,Pune,Mulshi,mulsgaon94,buffalo,fmd,Foot-and-Mouth Disease,2024-11-18,0,0,panchayat_member,18.65832,73.966226,Maharashtra
PUNE,Pune,Pune,Baramati,barabudruk14,goat,ppr,Peste des Petits Ruminants,2024-11-18,0,0,livestock_inspector,18.538601,73.957924,Maharashtra
AHMEDNAGAR,Ahmednagar,Nashik,Kopargaon,kopawadi94,goat,fmd,Foot-and-Mouth Disease,2024-11-18,0,0,livestock_inspector,19.199629,74.674054,Maharashtra
AHMEDNAGAR,Ahmednagar,Nashik,Parner,parntarf95,buffalo,lsd,Lumpy Skin Disease,2024-11-18,0,0,livestock_inspector,19.170796,74.83229,Maharashtra
AHMEDNAGAR,Ahmednagar,Nashik,Parner,parnpeth45,buffalo,brucellosis,Brucellosis,2024-11-18,0,0,field_vet,19.186569,74.866734,Maharashtra
NASHIK,Nashik,Nashik,Dindori,dindnagar34,cattle,fmd,Foot-and-Mouth Disease,2024-11-18,0,0,para_vet,20.071066,73.799848,Maharashtra
NASHIK,Nashik,Nashik,Yeola,yeolbudruk79,buffalo,fmd,Foot-and-Mouth Disease,2024-11-18,0,0,panchayat_member,20.147524,73.737151,Maharashtra
NASHIK,Nashik,Nashik,Trimbakeshwar,trimkhurd3,cattle,lsd,Lumpy Skin Disease,2024-11-18,0,0,panchayat_member,20.001282,73.771685,Maharashtra
NASHIK,Nashik,Nashik,Igatpuri,igatnagar81,buffalo,lsd,Lumpy Skin Disease,2024-11-18,0,0,panchayat_member,20.122881,73.933739,Maharashtra
NASHIK,Nashik,Nashik,Trimbakeshwar,trimtarf31,goat,ppr,Peste des Petits Ruminants,2024-11-18,0,0,field_vet,20.018411,73.663112,Maharashtra
NASHIK,Nashik,Nashik,Trimbakeshwar,trimwadi59,poultry,ai_h5n1,Avian Influenza (H5N1),2024-11-18,0,0,panchayat_member,19.987661,73.817319,Maharashtra
KOLHAPUR,Kolhapur,Kolhapur,Radhanagari,radhwadi92,goat,fmd,Foot-and-Mouth Disease,2024-11-18,0,0,panchayat_member,16.702243,74.304565,Maharashtra
KOLHAPUR,Kolhapur,Kolhapur,Shirol,shirbudruk69,sheep,fmd,Foot-and-Mouth Disease,2024-11-18,0,0,field_vet,16.65416,74.264257,Maharashtra
KOLHAPUR,Kolhapur,Kolhapur,Radhanagari,radhpeth94,cattle,brucellosis,Brucellosis,2024-11-18,0,0,farmer,16.654537,74.121548,Maharashtra
KOLHAPUR,Kolhapur,Kolhapur,Hatkanangle,hatktarf23,goat,brucellosis,Brucellosis,2024-11-18,0,0,livestock_inspector,16.818719,74.243205,Maharashtra
KOLHAPUR,Kolhapur,Kolhapur,Radhanagari,radhgaon44,poultry,ai_h5n1,Avian Influenza (H5N1),2024-11-18,0,0,livestock_inspector,16.780545,74.25046,Maharashtra
SANGLI,Sangli,Kolhapur,Kadegaon,kadepeth24,sheep,fmd,Foot-and-Mouth Disease,2024-11-18,0,0,panchayat_member,16.767912,74.535074,Maharashtra
SANGLI,Sangli,Kolhapur,Tasgaon,tasgpeth4,buffalo,lsd,Lumpy Skin Disease,2024-11-18,0,0,panchayat_member,16.714032,74.592777,Maharashtra
SANGLI,Sangli,Kolhapur,Walwa,walwpur76,goat,ppr,Peste des Petits Ruminants,2024-11-18,0,0,panchayat_member,16.752616,74.461416,Maharashtra
SANGLI,Sangli,Kolhapur,Tasgaon,tasgtarf19,buffalo,brucellosis,Brucellosis,2024-11-18,0,0,para_vet,16.990516,74.57873,Maharashtra
SOLAPUR,Solapur,Pune,Barshi,barsbudruk76,goat,ppr,Peste des Petits Ruminants,2024-11-18,0,0,panchayat_member,17.672736,75.94868,Maharashtra
SOLAPUR,Solapur,Pune,Karmala,karmnagar25,sheep,ppr,Peste des Petits Ruminants,2024-11-18,0,0,field_vet,17.799156,75.772131,Maharashtra
SOLAPUR,Solapur,Pune,Karmala,karmwadi28,cattle,brucellosis,Brucellosis,2024-11-18,0,0,farmer,17.64707,75.812112,Maharashtra
SOLAPUR,Solapur,Pune,Madha,madhtarf23,poultry,ai_h5n1,Avian Influenza (H5N1),2024-11-18,0,0,livestock_inspector,17.757872,75.867935,Maharashtra
LATUR,Latur,Aurangabad,Nilanga,nilawadi50,cattle,fmd,Foot-and-Mouth Disease,2024-11-18,0,0,para_vet,18.283882,76.618485,Maharashtra
LATUR,Latur,Aurangabad,Nilanga,nilatarf60,cattle,lsd,Lumpy Skin Disease,2024-11-18,0,0,para_vet,18.529269,76.427328,Maharashtra
LATUR,Latur,Aurangabad,Chakur,chakgaon32,goat,ppr,Peste des Petits Ruminants,2024-11-18,0,0,panchayat_member,18.417367,76.577456,Maharashtra
LATUR,Latur,Aurangabad,Deoni,deongaon53,sheep,ppr,Peste des Petits Ruminants,2024-11-18,0,0,panchayat_member,18.419082,76.595976,Maharashtra
LATUR,Latur,Aurangabad,Nilanga,nilawadi49,cattle,brucellosis,Brucellosis,2024-11-18,0,0,farmer,18.427613,76.654512,Maharashtra
LATUR,Latur,Aurangabad,Deoni,deonwadi73,buffalo,brucellosis,Brucellosis,2024-11-18,0,0,panchayat_member,18.280977,76.605059,Maharashtra
JALGAON,Jalgaon,Nashik,Yawal,yawapur6,sheep,fmd,Foot-and-Mouth Disease,2024-11-18,0,0,livestock_inspector,20.980811,75.676542,Maharashtra
JALGAON,Jalgaon,Nashik,Erandol,erannagar54,cattle,lsd,Lumpy Skin Disease,2024-11-18,0,0,livestock_inspector,21.077735,75.545768,Maharashtra
JALGAON,Jalgaon,Nashik,Raver,ravetarf60,goat,ppr,Peste des Petits Ruminants,2024-11-18,0,0,panchayat_member,21.116432,75.650223,Maharashtra
JALGAON,Jalgaon,Nashik,Yawal,yawapur85,buffalo,brucellosis,Brucellosis,2024-11-18,0,0,livestock_inspector,21.138837,75.542135,Maharashtra
JALGAON,Jalgaon,Nashik,Bhusawal,bhuspur83,goat,brucellosis,Brucellosis,2024-11-18,0,0,livestock_inspector,21.030221,75.652851,Maharashtra
JALGAON,Jalgaon,Nashik,Bhusawal,bhuspur98,poultry,ai_h5n1,Avian Influenza (H5N1),2024-11-18,0,0,livestock_inspector,20.952564,75.692506,Maharashtra
PUNE,Pune,Pune,Bhor,bhorkhurd40,goat,fmd,Foot-and-Mouth Disease,2024-11-25,0,0,farmer,18.479282,73.979474,Maharashtra
PUNE,Pune,Pune,Baramati,barapeth49,cattle,brucellosis,Brucellosis,2024-11-25,0,0,livestock_inspector,18.421537,73.712686,Maharashtra
AHMEDNAGAR,Ahmednagar,Nashik,Sangamner,sangbudruk58,goat,ppr,Peste des Petits Ruminants,2024-11-25,0,0,livestock_inspector,19.046055,74.679851,Maharashtra
AHMEDNAGAR,Ahmednagar,Nashik,Nevasa,nevawadi39,cattle,brucellosis,Brucellosis,2024-11-25,0,0,livestock_inspector,19.004693,74.739036,Maharashtra
AHMEDNAGAR,Ahmednagar,Nashik,Kopargaon,kopatarf47,buffalo,brucellosis,Brucellosis,2024-11-25,0,0,panchayat_member,19.200888,74.833236,Maharashtra
NASHIK,Nashik,Nashik,Dindori,dindtarf80,sheep,fmd,Foot-and-Mouth Disease,2024-11-25,0,0,farmer,19.903173,73.827838,Maharashtra
NASHIK,Nashik,Nashik,Dindori,dindwadi91,cattle,lsd,Lumpy Skin Disease,2024-11-25,0,0,para_vet,19.916156,73.863819,Maharashtra
NASHIK,Nashik,Nashik,Trimbakeshwar,trimkhurd61,goat,ppr,Peste des Petits Ruminants,2024-11-25,0,0,para_vet,20.068771,73.78859,Maharashtra
NASHIK,Nashik,Nashik,Igatpuri,igatbudruk19,cattle,brucellosis,Brucellosis,2024-11-25,0,0,panchayat_member,20.02893,73.696804,Maharashtra
NASHIK,Nashik,Nashik,Malegaon,maletarf97,buffalo,brucellosis,Brucellosis,2024-11-25,0,0,para_vet,19.905027,73.830589,Maharashtra
KOLHAPUR,Kolhapur,Kolhapur,Karveer,karvpeth45,cattle,fmd,Foot-and-Mouth Disease,2024-11-25,0,0,farmer,16.740954,74.338611,Maharashtra
KOLHAPUR,Kolhapur,Kolhapur,Hatkanangle,hatknagar60,goat,ppr,Peste des Petits Ruminants,2024-11-25,0,0,livestock_inspector,16.65231,74.332175,Maharashtra
SANGLI,Sangli,Kolhapur,Shirala,shirnagar21,cattle,fmd,Foot-and-Mouth Disease,2024-11-25,0,0,field_vet,16.951333,74.687644,Maharashtra
SANGLI,Sangli,Kolhapur,Walwa,walwkhurd41,buffalo,brucellosis,Brucellosis,2024-11-25,0,0,livestock_inspector,16.938442,74.597999,Maharashtra
SANGLI,Sangli,Kolhapur,Kadegaon,kadekhurd32,poultry,ai_h5n1,Avian Influenza (H5N1),2024-11-25,0,0,livestock_inspector,16.871389,74.698667,Maharashtra
SOLAPUR,Solapur,Pune,Karmala,karmpur47,goat,fmd,Foot-and-Mouth Disease,2024-11-25,0,0,farmer,17.652024,75.8234,Maharashtra
SOLAPUR,Solapur,Pune,Madha,madhbudruk32,goat,ppr,Peste des Petits Ruminants,2024-11-25,0,0,livestock_inspector,17.636797,76.001976,Maharashtra
SOLAPUR,Solapur,Pune,Barshi,barswadi84,sheep,ppr,Peste des Petits Ruminants,2024-11-25,0,0,livestock_inspector,17.533513,75.895882,Maharashtra
SOLAPUR,Solapur,Pune,Karmala,karmkhurd91,buffalo,brucellosis,Brucellosis,2024-11-25,0,0,panchayat_member,17.6459,75.80527,Maharashtra
NAGPUR,Nagpur,Nagpur,Narkhed,narkwadi66,buffalo,fmd,Foot-and-Mouth Disease,2024-11-25,0,0,farmer,21.212633,79.152299,Maharashtra
NAGPUR,Nagpur,Nagpur,Umred,umrekhurd12,goat,fmd,Foot-and-Mouth Disease,2024-11-25,0,0,field_vet,21.287496,79.039647,Maharashtra
NAGPUR,Nagpur,Nagpur,Kamptee,kampkhurd58,cattle,lsd,Lumpy Skin Disease,2024-11-25,0,0,para_vet,21.030375,79.211627,Maharashtra
NAGPUR,Nagpur,Nagpur,Hingna,hingkhurd20,goat,ppr,Peste des Petits Ruminants,2024-11-25,0,0,para_vet,21.145975,79.035085,Maharashtra
NAGPUR,Nagpur,Nagpur,Saoner,saonpeth4,sheep,ppr,Peste des Petits Ruminants,2024-11-25,0,0,livestock_inspector,21.160809,78.950239,Maharashtra
LATUR,Latur,Aurangabad,Ausa,ausapeth78,buffalo,fmd,Foot-and-Mouth Disease,2024-11-25,0,0,panchayat_member,18.489805,76.471777,Maharashtra
LATUR,Latur,Aurangabad,Shirur Anantpal,shirbudruk89,goat,fmd,Foot-and-Mouth Disease,2024-11-25,0,0,para_vet,18.524796,76.655758,Maharashtra
LATUR,Latur,Aurangabad,Ausa,ausawadi4,cattle,brucellosis,Brucellosis,2024-11-25,0,0,panchayat_member,18.273808,76.413764,Maharashtra
JALGAON,Jalgaon,Nashik,Raver,ravebudruk59,cattle,fmd,Foot-and-Mouth Disease,2024-11-25,0,0,para_vet,20.893798,75.603613,Maharashtra
JALGAON,Jalgaon,Nashik,Chopda,choppeth9,sheep,fmd,Foot-and-Mouth Disease,2024-11-25,0,0,para_vet,20.922343,75.531862,Maharashtra
JALGAON,Jalgaon,Nashik,Chopda,chopwadi85,cattle,lsd,Lumpy Skin Disease,2024-11-25,0,0,farmer,21.145529,75.675513,Maharashtra
JALGAON,Jalgaon,Nashik,Yawal,yawawadi86,buffalo,lsd,Lumpy Skin Disease,2024-11-25,0,0,field_vet,21.146657,75.469021,Maharashtra
JALGAON,Jalgaon,Nashik,Yawal,yawapeth61,cattle,brucellosis,Brucellosis,2024-11-25,0,0,panchayat_member,20.906868,75.61018,Maharashtra
JALGAON,Jalgaon,Nashik,Bhusawal,bhustarf53,buffalo,brucellosis,Brucellosis,2024-11-25,0,0,para_vet,21.031764,75.524233,Maharashtra
PUNE,Pune,Pune,Ambegaon,ambepur74,goat,fmd,Foot-and-Mouth Disease,2024-12-02,0,0,para_vet,18.66357,73.944383,Maharashtra
PUNE,Pune,Pune,Mulshi,mulspeth19,goat,brucellosis,Brucellosis,2024-12-02,0,0,farmer,18.578881,73.798667,Maharashtra
PUNE,Pune,Pune,Mulshi,mulskhurd4,poultry,ai_h5n1,Avian Influenza (H5N1),2024-12-02,0,0,farmer,18.379729,73.743023,Maharashtra
AHMEDNAGAR,Ahmednagar,Nashik,Pathardi,pathpeth50,cattle,lsd,Lumpy Skin Disease,2024-12-02,0,0,panchayat_member,19.175736,74.724811,Maharashtra
AHMEDNAGAR,Ahmednagar,Nashik,Shrirampur,shrigaon59,sheep,ppr,Peste des Petits Ruminants,2024-12-02,0,0,livestock_inspector,19.169516,74.670414,Maharashtra
AHMEDNAGAR,Ahmednagar,Nashik,Shrirampur,shriwadi65,buffalo,brucellosis,Brucellosis,2024-12-02,0,0,livestock_inspector,18.96553,74.65237,Maharashtra
NASHIK,Nashik,Nashik,Igatpuri,igatgaon4,poultry,ai_h5n1,Avian Influenza (H5N1),2024-12-02,0,0,para_vet,19.882213,73.696037,Maharashtra
KOLHAPUR,Kolhapur,Kolhapur,Shirol,shirkhurd25,buffalo,lsd,Lumpy Skin Disease,2024-12-02,0,0,livestock_inspector,16.698483,74.157537,Maharashtra
KOLHAPUR,Kolhapur,Kolhapur,Radhanagari,radhpur66,goat,ppr,Peste des Petits Ruminants,2024-12-02,0,0,para_vet,16.813356,74.113698,Maharashtra
KOLHAPUR,Kolhapur,Kolhapur,Hatkanangle,hatknagar8,cattle,brucellosis,Brucellosis,2024-12-02,0,0,livestock_inspector,16.567873,74.189446,Maharashtra
SANGLI,Sangli,Kolhapur,Jath,jathtarf39,sheep,fmd,Foot-and-Mouth Disease,2024-12-02,0,0,panchayat_member,16.883989,74.707298,Maharashtra
SOLAPUR,Solapur,Pune,Madha,madhkhurd77,sheep,fmd,Foot-and-Mouth Disease,2024-12-02,0,0,field_vet,17.564823,75.950643,Maharashtra
SOLAPUR,Solapur,Pune,Madha,madhbudruk64,goat,ppr,Peste des Petits Ruminants,2024-12-02,0,0,livestock_inspector,17.790325,75.921593,Maharashtra
SOLAPUR,Solapur,Pune,Pandharpur,pandnagar41,cattle,brucellosis,Brucellosis,2024-12-02,0,0,farmer,17.551818,75.793275,Maharashtra
SOLAPUR,Solapur,Pune,Barshi,barsbudruk14,buffalo,brucellosis,Brucellosis,2024-12-02,0,0,panchayat_member,17.670467,75.794627,Maharashtra
NAGPUR,Nagpur,Nagpur,Katol,katokhurd70,goat,fmd,Foot-and-Mouth Disease,2024-12-02,0,0,panchayat_member,21.001032,78.986319,Maharashtra
NAGPUR,Nagpur,Nagpur,Narkhed,narkpur23,cattle,lsd,Lumpy Skin Disease,2024-12-02,0,0,para_vet,21.079641,78.939151,Maharashtra
NAGPUR,Nagpur,Nagpur,Umred,umrepeth56,cattle,brucellosis,Brucellosis,2024-12-02,0,0,panchayat_member,21.098487,78.944415,Maharashtra
NAGPUR,Nagpur,Nagpur,Saoner,saonnagar36,poultry,ai_h5n1,Avian Influenza (H5N1),2024-12-02,0,0,para_vet,21.21028,79.207736,Maharashtra
LATUR,Latur,Aurangabad,Nilanga,nilakhurd5,cattle,lsd,Lumpy Skin Disease,2024-12-02,0,0,livestock_inspector,18.368172,76.638613,Maharashtra
LATUR,Latur,Aurangabad,Deoni,deonwadi33,buffalo,lsd,Lumpy Skin Disease,2024-12-02,0,0,farmer,18.416376,76.486944,Maharashtra
LATUR,Latur,Aurangabad,Chakur,chakbudruk22,goat,ppr,Peste des Petits Ruminants,2024-12-02,0,0,panchayat_member,18.278834,76.671943,Maharashtra
LATUR,Latur,Aurangabad,Nilanga,nilagaon9,buffalo,brucellosis,Brucellosis,2024-12-02,0,0,farmer,18.339513,76.645343,Maharashtra
LATUR,Latur,Aurangabad,Shirur Anantpal,shirpur32,goat,brucellosis,Brucellosis,2024-12-02,0,0,farmer,18.356443,76.461938,Maharashtra
JALGAON,Jalgaon,Nashik,Erandol,eranpur1,sheep,fmd,Foot-and-Mouth Disease,2024-12-02,0,0,field_vet,20.995932,75.652251,Maharashtra
JALGAON,Jalgaon,Nashik,Pachora,pachnagar49,cattle,brucellosis,Brucellosis,2024-12-02,0,0,livestock_inspector,20.947555,75.419763,Maharashtra
JALGAON,Jalgaon,Nashik,Bhusawal,bhuspur58,buffalo,brucellosis,Brucellosis,2024-12-02,0,0,panchayat_member,21.094857,75.637368,Maharashtra
JALGAON,Jalgaon,Nashik,Erandol,eranbudruk63,goat,brucellosis,Brucellosis,2024-12-02,0,0,livestock_inspector,20.997605,75.552161,Maharashtra
PUNE,Pune,Pune,Haveli,havetarf60,cattle,fmd,Foot-and-Mouth Disease,2024-12-09,0,0,livestock_inspector,18.636514,73.968334,Maharashtra
PUNE,Pune,Pune,Ambegaon,ambekhurd40,goat,fmd,Foot-and-Mouth Disease,2024-12-09,0,0,panchayat_member,18.420184,74.00433,Maharashtra
PUNE,Pune,Pune,Haveli,havekhurd81,sheep,fmd,Foot-and-Mouth Disease,2024-12-09,0,0,panchayat_member,18.48178,73.841208,Maharashtra
PUNE,Pune,Pune,Haveli,havepur25,goat,brucellosis,Brucellosis,2024-12-09,0,0,livestock_inspector,18.541188,73.831977,Maharashtra
AHMEDNAGAR,Ahmednagar,Nashik,Kopargaon,kopapur87,buffalo,fmd,Foot-and-Mouth Disease,2024-12-09,0,0,livestock_inspector,18.979071,74.798825,Maharashtra
AHMEDNAGAR,Ahmednagar,Nashik,Pathardi,pathbudruk77,cattle,lsd,Lumpy Skin Disease,2024-12-09,0,0,para_vet,19.01266,74.604668,Maharashtra
AHMEDNAGAR,Ahmednagar,Nashik,Shrirampur,shrikhurd32,sheep,ppr,Peste des Petits Ruminants,2024-12-09,0,0,livestock_inspector,19.216352,74.875815,Maharashtra
AHMEDNAGAR,Ahmednagar,Nashik,Kopargaon,kopanagar20,goat,brucellosis,Brucellosis,2024-12-09,0,0,livestock_inspector,19.086752,74.607179,Maharashtra
AHMEDNAGAR,Ahmednagar,Nashik,Kopargaon,kopanagar76,poultry,ai_h5n1,Avian Influenza (H5N1),2024-12-09,0,0,para_vet,19.066395,74.852835,Maharashtra
NASHIK,Nashik,Nashik,Malegaon,malewadi20,buffalo,fmd,Foot-and-Mouth Disease,2024-12-09,0,0,panchayat_member,19.984863,73.908974,Maharashtra
NASHIK,Nashik,Nashik,Sinnar,sinnpur5,goat,fmd,Foot-and-Mouth Disease,2024-12-09,0,0,para_vet,19.943727,73.893074,Maharashtra
NASHIK,Nashik,Nashik,Niphad,niphgaon6,cattle,lsd,Lumpy Skin Disease,2024-12-09,0,0,panchayat_member,19.856364,73.916765,Maharashtra
NASHIK,Nashik,Nashik,Niphad,niphbudruk18,goat,ppr,Peste des Petits Ruminants,2024-12-09,0,0,farmer,19.995001,73.895719,Maharashtra
KOLHAPUR,Kolhapur,Kolhapur,Karveer,karvgaon19,cattle,fmd,Foot-and-Mouth Disease,2024-12-09,0,0,farmer,16.854468,74.131133,Maharashtra
KOLHAPUR,Kolhapur,Kolhapur,Hatkanangle,hatknagar24,buffalo,lsd,Lumpy Skin Disease,2024-12-09,0,0,livestock_inspector,16.694051,74.383266,Maharashtra
KOLHAPUR,Kolhapur,Kolhapur,Hatkanangle,hatknagar12,cattle,brucellosis,Brucellosis,2024-12-09,0,0,livestock_inspector,16.817656,74.193667,Maharashtra
KOLHAPUR,Kolhapur,Kolhapur,Karveer,karvtarf92,goat,brucellosis,Brucellosis,2024-12-09,0,0,field_vet,16.795063,74.205207,Maharashtra
SANGLI,Sangli,Kolhapur,Kadegaon,kadebudruk51,cattle,brucellosis,Brucellosis,2024-12-09,0,0,field_vet,16.703686,74.500266,Maharashtra
SANGLI,Sangli,Kolhapur,Miraj,miranagar7,buffalo,brucellosis,Brucellosis,2024-12-09,0,0,farmer,16.943117,74.51359,Maharashtra
SOLAPUR,Solapur,Pune,Pandharpur,pandtarf23,buffalo,fmd,Foot-and-Mouth Disease,2024-12-09,0,0,panchayat_member,17.706731,75.760663,Maharashtra
SOLAPUR,Solapur,Pune,Akkalkot,akkabudruk22,goat,fmd,Foot-and-Mouth Disease,2024-12-09,0,0,field_vet,17.711443,75.881073,Maharashtra
SOLAPUR,Solapur,Pune,Barshi,barsbudruk40,sheep,fmd,Foot-and-Mouth Disease,2024-12-09,0,0,panchayat_member,17.717367,75.948107,Maharashtra
SOLAPUR,Solapur,Pune,Madha,madhnagar25,cattle,brucellosis,Brucellosis,2024-12-09,0,0,panchayat_member,17.793382,75.973995,Maharashtra
NAGPUR,Nagpur,Nagpur,Umred,umrepeth72,sheep,fmd,Foot-and-Mouth Disease,2024-12-09,0,0,livestock_inspector,21.111983,79.130958,Maharashtra
NAGPUR,Nagpur,Nagpur,Kamptee,kampgaon76,goat,ppr,Peste des Petits Ruminants,2024-12-09,0,0,para_vet,21.137829,79.104276,Maharashtra
NAGPUR,Nagpur,Nagpur,Kamptee,kamptarf32,sheep,ppr,Peste des Petits Ruminants,2024-12-09,0,0,field_vet,21.156924,79.065892,Maharashtra
LATUR,Latur,Aurangabad,Shirur Anantpal,shirgaon47,cattle,fmd,Foot-and-Mouth Disease,2024-12-09,0,0,farmer,18.287347,76.48966,Maharashtra
LATUR,Latur,Aurangabad,Nilanga,nilagaon30,buffalo,fmd,Foot-and-Mouth Disease,2024-12-09,0,0,farmer,18.341754,76.66284,Maharashtra
LATUR,Latur,Aurangabad,Shirur Anantpal,shirbudruk13,sheep,fmd,Foot-and-Mouth Disease,2024-12-09,0,0,livestock_inspector,18.484491,76.422621,Maharashtra
LATUR,Latur,Aurangabad,Ausa,ausagaon76,cattle,lsd,Lumpy Skin Disease,2024-12-09,0,0,farmer,18.290849,76.553493,Maharashtra
LATUR,Latur,Aurangabad,Nilanga,nilapur84,goat,ppr,Peste des Petits Ruminants,2024-12-09,0,0,panchayat_member,18.469009,76.441562,Maharashtra
LATUR,Latur,Aurangabad,Chakur,chakwadi88,cattle,brucellosis,Brucellosis,2024-12-09,0,0,panchayat_member,18.521322,76.583407,Maharashtra
JALGAON,Jalgaon,Nashik,Chopda,chopgaon88,cattle,lsd,Lumpy Skin Disease,2024-12-09,0,0,livestock_inspector,20.897589,75.478041,Maharashtra
JALGAON,Jalgaon,Nashik,Raver,ravepur93,goat,ppr,Peste des Petits Ruminants,2024-12-09,0,0,farmer,21.11834,75.510133,Maharashtra
PUNE,Pune,Pune,Junnar,junnbudruk23,cattle,fmd,Foot-and-Mouth Disease,2024-12-16,0,0,livestock_inspector,18.601116,73.84867,Maharashtra
PUNE,Pune,Pune,Junnar,junnnagar3,goat,ppr,Peste des Petits Ruminants,2024-12-16,0,0,farmer,18.540547,73.972143,Maharashtra
AHMEDNAGAR,Ahmednagar,Nashik,Sangamner,sangtarf61,sheep,fmd,Foot-and-Mouth Disease,2024-12-16,0,0,para_vet,19.104546,74.745945,Maharashtra
AHMEDNAGAR,Ahmednagar,Nashik,Kopargaon,kopagaon14,buffalo,lsd,Lumpy Skin Disease,2024-12-16,0,0,panchayat_member,19.077184,74.638716,Maharashtra
AHMEDNAGAR,Ahmednagar,Nashik,Shrirampur,shriwadi63,goat,brucellosis,Brucellosis,2024-12-16,0,0,para_vet,19.183517,74.86424,Maharashtra
AHMEDNAGAR,Ahmednagar,Nashik,Nevasa,nevabudruk1,poultry,ai_h5n1,Avian Influenza (H5N1),2024-12-16,0,0,livestock_inspector,19.153714,74.878396,Maharashtra
NASHIK,Nashik,Nashik,Malegaon,malepur30,buffalo,fmd,Foot-and-Mouth Disease,2024-12-16,0,0,farmer,20.076032,73.698757,Maharashtra
NASHIK,Nashik,Nashik,Igatpuri,igatwadi16,goat,fmd,Foot-and-Mouth Disease,2024-12-16,0,0,para_vet,19.966293,73.866977,Maharashtra
NASHIK,Nashik,Nashik,Dindori,dindpur88,cattle,lsd,Lumpy Skin Disease,2024-12-16,0,0,livestock_inspector,19.888857,73.869325,Maharashtra
NASHIK,Nashik,Nashik,Igatpuri,igatpur35,buffalo,lsd,Lumpy Skin Disease,2024-12-16,0,0,panchayat_member,20.070417,73.905149,Maharashtra
NASHIK,Nashik,Nashik,Malegaon,malepeth36,cattle,brucellosis,Brucellosis,2024-12-16,0,0,field_vet,19.934369,73.704244,Maharashtra
NASHIK,Nashik,Nashik,Sinnar,sinnbudruk49,buffalo,brucellosis,Brucellosis,2024-12-16,0,0,panchayat_member,19.995761,73.667307,Maharashtra
KOLHAPUR,Kolhapur,Kolhapur,Panhala,panhkhurd17,cattle,fmd,Foot-and-Mouth Disease,2024-12-16,0,0,para_vet,16.8274,74.245825,Maharashtra
KOLHAPUR,Kolhapur,Kolhapur,Gaganbawada,gagagaon44,buffalo,fmd,Foot-and-Mouth Disease,2024-12-16,0,0,panchayat_member,16.71627,74.171197,Maharashtra
KOLHAPUR,Kolhapur,Kolhapur,Radhanagari,radhgaon67,sheep,fmd,Foot-and-Mouth Disease,2024-12-16,0,0,para_vet,16.742452,74.114731,Maharashtra
KOLHAPUR,Kolhapur,Kolhapur,Hatkanangle,hatktarf4,cattle,lsd,Lumpy Skin Disease,2024-12-16,0,0,farmer,16.784644,74.327314,Maharashtra
KOLHAPUR,Kolhapur,Kolhapur,Radhanagari,radhwadi93,cattle,brucellosis,Brucellosis,2024-12-16,0,0,para_vet,16.851521,74.187153,Maharashtra
KOLHAPUR,Kolhapur,Kolhapur,Radhanagari,radhpeth37,goat,brucellosis,Brucellosis,2024-12-16,0,0,livestock_inspector,16.711667,74.323696,Maharashtra
KOLHAPUR,Kolhapur,Kolhapur,Gaganbawada,gagawadi41,poultry,ai_h5n1,Avian Influenza (H5N1),2024-12-16,0,0,livestock_inspector,16.695662,74.245443,Maharashtra
SANGLI,Sangli,Kolhapur,Jath,jathbudruk68,buffalo,fmd,Foot-and-Mouth Disease,2024-12-16,0,0,para_vet,16.823955,74.6004,Maharashtra
SANGLI,Sangli,Kolhapur,Kadegaon,kadepur17,goat,ppr,Peste des Petits Ruminants,2024-12-16,0,0,farmer,16.720614,74.672098,Maharashtra
SANGLI,Sangli,Kolhapur,Kadegaon,kadegaon72,sheep,ppr,Peste des Petits Ruminants,2024-12-16,0,0,panchayat_member,16.923952,74.509982,Maharashtra
SANGLI,Sangli,Kolhapur,Jath,jathkhurd68,buffalo,brucellosis,Brucellosis,2024-12-16,0,0,farmer,16.822313,74.504168,Maharashtra
SOLAPUR,Solapur,Pune,Barshi,barspur52,cattle,lsd,Lumpy Skin Disease,2024-12-16,0,0,para_vet,17.726237,75.867114,Maharashtra
SOLAPUR,Solapur,Pune,Akkalkot,akkawadi86,buffalo,lsd,Lumpy Skin Disease,2024-12-16,0,0,farmer,17.65085,75.848719,Maharashtra
SOLAPUR,Solapur,Pune,Barshi,barstarf31,sheep,ppr,Peste des Petits Ruminants,2024-12-16,0,0,panchayat_member,17.719122,75.912024,Maharashtra
SOLAPUR,Solapur,Pune,Madha,madhkhurd98,goat,brucellosis,Brucellosis,2024-12-16,0,0,field_vet,17.568199,75.914264,Maharashtra
SOLAPUR,Solapur,Pune,Akkalkot,akkakhurd19,poultry,ai_h5n1,Avian Influenza (H5N1),2024-12-16,0,0,farmer,17.536917,75.969792,Maharashtra
NAGPUR,Nagpur,Nagpur,Hingna,hingkhurd76,cattle,fmd,Foot-and-Mouth Disease,2024-12-16,0,0,farmer,21.185062,78.997597,Maharashtra
NAGPUR,Nagpur,Nagpur,Katol,katotarf61,cattle,brucellosis,Brucellosis,2024-12-16,0,0,livestock_inspector,21.074966,79.023295,Maharashtra
NAGPUR,Nagpur,Nagpur,Saoner,saongaon16,poultry,ai_h5n1,Avian Influenza (H5N1),2024-12-16,0,0,panchayat_member,21.187587,79.110708,Maharashtra
LATUR,Latur,Aurangabad,Renapur,renanagar10,sheep,fmd,Foot-and-Mouth Disease,2024-12-16,0,0,farmer,18.335344,76.421345,Maharashtra
LATUR,Latur,Aurangabad,Renapur,renakhurd64,buffalo,lsd,Lumpy Skin Disease,2024-12-16,0,0,livestock_inspector,18.387401,76.700286,Maharashtra
LATUR,Latur,Aurangabad,Nilanga,nilakhurd33,goat,brucellosis,Brucellosis,2024-12-16,0,0,field_vet,18.365539,76.655619,Maharashtra
JALGAON,Jalgaon,Nashik,Bhusawal,bhustarf79,buffalo,lsd,Lumpy Skin Disease,2024-12-16,0,0,farmer,20.87372,75.612708,Maharashtra
JALGAON,Jalgaon,Nashik,Pachora,pachpeth12,poultry,ai_h5n1,Avian Influenza (H5N1),2024-12-16,0,0,panchayat_member,20.946364,75.573179,Maharashtra
PUNE,Pune,Pune,Velhe,velhgaon24,goat,fmd,Foot-and-Mouth Disease,2024-12-23,0,0,para_vet,18.458729,73.749088,Maharashtra
PUNE,Pune,Pune,Bhor,bhorwadi37,cattle,brucellosis,Brucellosis,2024-12-23,0,0,farmer,18.639575,73.994706,Maharashtra
PUNE,Pune,Pune,Baramati,baratarf4,buffalo,brucellosis,Brucellosis,2024-12-23,0,0,panchayat_member,18.611776,73.941923,Maharashtra
AHMEDNAGAR,Ahmednagar,Nashik,Pathardi,pathnagar77,goat,ppr,Peste des Petits Ruminants,2024-12-23,0,0,livestock_inspector,19.217002,74.714786,Maharashtra
AHMEDNAGAR,Ahmednagar,Nashik,Rahuri,rahunagar68,buffalo,brucellosis,Brucellosis,2024-12-23,0,0,farmer,19.12842,74.681774,Maharashtra
NASHIK,Nashik,Nashik,Trimbakeshwar,trimkhurd82,cattle,fmd,Foot-and-Mouth Disease,2024-12-23,0,0,field_vet,19.937336,73.908716,Maharashtra
NASHIK,Nashik,Nashik,Dindori,dindgaon96,sheep,fmd,Foot-and-Mouth Disease,2024-12-23,0,0,livestock_inspector,20.073796,73.887802,Maharashtra
NASHIK,Nashik,Nashik,Niphad,niphbudruk9,buffalo,lsd,Lumpy Skin Disease,2024-12-23,0,0,para_vet,19.915832,73.77616,Maharashtra
NASHIK,Nashik,Nashik,Igatpuri,igatwadi49,buffalo,brucellosis,Brucellosis,2024-12-23,0,0,farmer,19.921961,73.76657,Maharashtra
NASHIK,Nashik,Nashik,Sinnar,sinngaon86,poultry,ai_h5n1,Avian Influenza (H5N1),2024-12-23,0,0,panchayat_member,19.945318,73.71938,Maharashtra
KOLHAPUR,Kolhapur,Kolhapur,Shirol,shirbudruk66,cattle,fmd,Foot-and-Mouth Disease,2024-12-23,0,0,farmer,16.846924,74.121655,Maharashtra
KOLHAPUR,Kolhapur,Kolhapur,Panhala,panhbudruk14,buffalo,fmd,Foot-and-Mouth Disease,2024-12-23,0,0,livestock_inspector,16.696119,74.125785,Maharashtra
KOLHAPUR,Kolhapur,Kolhapur,Panhala,panhgaon2,goat,fmd,Foot-and-Mouth Disease,2024-12-23,0,0,para_vet,16.746719,74.356754,Maharashtra
KOLHAPUR,Kolhapur,Kolhapur,Gaganbawada,gagatarf95,cattle,lsd,Lumpy Skin Disease,2024-12-23,0,0,livestock_inspector,16.790318,74.299334,Maharashtra
KOLHAPUR,Kolhapur,Kolhapur,Shirol,shirkhurd52,goat,brucellosis,Brucellosis,2024-12-23,0,0,panchayat_member,16.788966,74.137263,Maharashtra
KOLHAPUR,Kolhapur,Kolhapur,Gaganbawada,gagapur11,poultry,ai_h5n1,Avian Influenza (H5N1),2024-12-23,0,0,para_vet,16.609135,74.282052,Maharashtra
SANGLI,Sangli,Kolhapur,Jath,jathpur10,goat,fmd,Foot-and-Mouth Disease,2024-12-23,0,0,panchayat_member,16.744023,74.60186,Maharashtra
SANGLI,Sangli,Kolhapur,Kadegaon,kadenagar93,sheep,ppr,Peste des Petits Ruminants,2024-12-23,0,0,panchayat_member,16.917425,74.506731,Maharashtra
SANGLI,Sangli,Kolhapur,Miraj,mirabudruk45,buffalo,brucellosis,Brucellosis,2024-12-23,0,0,livestock_inspector,16.89022,74.58376,Maharashtra
SANGLI,Sangli,Kolhapur,Tasgaon,tasgkhurd70,goat,brucellosis,Brucellosis,2024-12-23,0,0,livestock_inspector,16.836674,74.57478,Maharashtra
SANGLI,Sangli,Kolhapur,Kadegaon,kadepeth36,poultry,ai_h5n1,Avian Influenza (H5N1),2024-12-23,0,0,livestock_inspector,16.936474,74.720557,Maharashtra
SOLAPUR,Solapur,Pune,Akkalkot,akkapur88,cattle,lsd,Lumpy Skin Disease,2024-12-23,0,0,para_vet,17.620504,75.96505,Maharashtra
SOLAPUR,Solapur,Pune,Mangalvedhe,mangpur96,sheep,ppr,Peste des Petits Ruminants,2024-12-23,0,0,field_vet,17.765644,75.836897,Maharashtra
SOLAPUR,Solapur,Pune,Mangalvedhe,mangbudruk24,cattle,brucellosis,Brucellosis,2024-12-23,0,0,para_vet,17.700085,75.796329,Maharashtra
SOLAPUR,Solapur,Pune,Pandharpur,pandkhurd25,buffalo,brucellosis,Brucellosis,2024-12-23,0,0,panchayat_member,17.798042,76.033531,Maharashtra
NAGPUR,Nagpur,Nagpur,Narkhed,narkpur52,cattle,fmd,Foot-and-Mouth Disease,2024-12-23,0,0,panchayat_member,21.062296,79.146579,Maharashtra
NAGPUR,Nagpur,Nagpur,Saoner,saonpeth99,cattle,lsd,Lumpy Skin Disease,2024-12-23,0,0,field_vet,21.243259,79.005462,Maharashtra
NAGPUR,Nagpur,Nagpur,Umred,umregaon15,buffalo,lsd,Lumpy Skin Disease,2024-12-23,0,0,livestock_inspector,21.1755,78.987644,Maharashtra
NAGPUR,Nagpur,Nagpur,Hingna,hingpur47,cattle,brucellosis,Brucellosis,2024-12-23,0,0,panchayat_member,21.26163,79.183462,Maharashtra
LATUR,Latur,Aurangabad,Renapur,renapur59,cattle,fmd,Foot-and-Mouth Disease,2024-12-23,0,0,livestock_inspector,18.443516,76.694793,Maharashtra
LATUR,Latur,Aurangabad,Nilanga,nilakhurd66,goat,fmd,Foot-and-Mouth Disease,2024-12-23,0,0,panchayat_member,18.426141,76.640496,Maharashtra
LATUR,Latur,Aurangabad,Deoni,deontarf66,goat,ppr,Peste des Petits Ruminants,2024-12-23,0,0,field_vet,18.553746,76.678351,Maharashtra
LATUR,Latur,Aurangabad,Ausa,ausawadi20,poultry,ai_h5n1,Avian Influenza (H5N1),2024-12-23,0,0,field_vet,18.370551,76.479272,Maharashtra
JALGAON,Jalgaon,Nashik,Raver,ravenagar72,goat,fmd,Foot-and-Mouth Disease,2024-12-23,0,0,para_vet,21.062298,75.497773,Maharashtra
PUNE,Pune,Pune,Bhor,bhorgaon66,goat,ppr,Peste des Petits Ruminants,2024-12-30,0,0,livestock_inspector,18.485124,73.904003,Maharashtra
PUNE,Pune,Pune,Bhor,bhorpeth16,sheep,ppr,Peste des Petits Ruminants,2024-12-30,0,0,livestock_inspector,18.423065,73.84385,Maharashtra
PUNE,Pune,Pune,Mulshi,mulsnagar42,poultry,ai_h5n1,Avian Influenza (H5N1),2024-12-30,0,0,panchayat_member,18.393009,73.79766,Maharashtra
AHMEDNAGAR,Ahmednagar,Nashik,Pathardi,pathpeth95,goat,fmd,Foot-and-Mouth Disease,2024-12-30,0,0,livestock_inspector,19.01046,74.840473,Maharashtra
AHMEDNAGAR,Ahmednagar,Nashik,Rahuri,rahupur8,goat,ppr,Peste des Petits Ruminants,2024-12-30,0,0,field_vet,19.018747,74.868322,Maharashtra
AHMEDNAGAR,Ahmednagar,Nashik,Shrirampur,shriwadi87,buffalo,brucellosis,Brucellosis,2024-12-30,0,0,farmer,18.985215,74.707292,Maharashtra
AHMEDNAGAR,Ahmednagar,Nashik,Rahuri,rahubudruk98,goat,brucellosis,Brucellosis,2024-12-30,0,0,panchayat_member,19.091484,74.84125,Maharashtra
NASHIK,Nashik,Nashik,Dindori,dindbudruk39,sheep,fmd,Foot-and-Mouth Disease,2024-12-30,0,0,para_vet,20.133063,73.833622,Maharashtra
NASHIK,Nashik,Nashik,Malegaon,malepur27,cattle,lsd,Lumpy Skin Disease,2024-12-30,0,0,panchayat_member,20.125862,73.900278,Maharashtra
NASHIK,Nashik,Nashik,Trimbakeshwar,trimkhurd62,goat,ppr,Peste des Petits Ruminants,2024-12-30,0,0,field_vet,20.052426,73.860477,Maharashtra
NASHIK,Nashik,Nashik,Dindori,dindnagar61,sheep,ppr,Peste des Petits Ruminants,2024-12-30,0,0,farmer,19.919425,73.818045,Maharashtra
NASHIK,Nashik,Nashik,Igatpuri,igatgaon27,cattle,brucellosis,Brucellosis,2024-12-30,0,0,para_vet,19.891724,73.846036,Maharashtra
NASHIK,Nashik,Nashik,Dindori,dindnagar52,goat,brucellosis,Brucellosis,2024-12-30,0,0,farmer,19.895151,73.694212,Maharashtra
KOLHAPUR,Kolhapur,Kolhapur,Karveer,karvgaon37,cattle,lsd,Lumpy Skin Disease,2024-12-30,0,0,farmer,16.791951,74.298213,Maharashtra
KOLHAPUR,Kolhapur,Kolhapur,Panhala,panhwadi76,goat,ppr,Peste des Petits Ruminants,2024-12-30,0,0,para_vet,16.765188,74.203318,Maharashtra
KOLHAPUR,Kolhapur,Kolhapur,Radhanagari,radhtarf17,cattle,brucellosis,Brucellosis,2024-12-30,0,0,panchayat_member,16.703967,74.098427,Maharashtra
KOLHAPUR,Kolhapur,Kolhapur,Hatkanangle,hatkkhurd55,buffalo,brucellosis,Brucellosis,2024-12-30,0,0,field_vet,16.719908,74.255192,Maharashtra
KOLHAPUR,Kolhapur,Kolhapur,Karveer,karvpur4,goat,brucellosis,Brucellosis,2024-12-30,0,0,para_vet,16.85203,74.372356,Maharashtra
KOLHAPUR,Kolhapur,Kolhapur,Panhala,panhpeth36,poultry,ai_h5n1,Avian Influenza (H5N1),2024-12-30,0,0,farmer,16.604906,74.279127,Maharashtra
SANGLI,Sangli,Kolhapur,Miraj,miratarf52,cattle,lsd,Lumpy Skin Disease,2024-12-30,0,0,livestock_inspector,16.871728,74.662024,Maharashtra
SANGLI,Sangli,Kolhapur,Miraj,miragaon5,buffalo,brucellosis,Brucellosis,2024-12-30,0,0,para_vet,16.710394,74.70494,Maharashtra
SOLAPUR,Solapur,Pune,Pandharpur,pandgaon32,goat,fmd,Foot-and-Mouth Disease,2024-12-30,0,0,farmer,17.648484,75.825157,Maharashtra
SOLAPUR,Solapur,Pune,Mangalvedhe,mangnagar24,buffalo,lsd,Lumpy Skin Disease,2024-12-30,0,0,field_vet,17.669408,75.914837,Maharashtra
SOLAPUR,Solapur,Pune,Barshi,barswadi43,goat,ppr,Peste des Petits Ruminants,2024-12-30,0,0,para_vet,17.809828,75.997496,Maharashtra
SOLAPUR,Solapur,Pune,Pandharpur,pandbudruk56,sheep,ppr,Peste des Petits Ruminants,2024-12-30,0,0,livestock_inspector,17.640943,75.801074,Maharashtra
SOLAPUR,Solapur,Pune,Pandharpur,pandnagar13,buffalo,brucellosis,Brucellosis,2024-12-30,0,0,field_vet,17.799424,75.944451,Maharashtra
SOLAPUR,Solapur,Pune,Akkalkot,akkabudruk75,poultry,ai_h5n1,Avian Influenza (H5N1),2024-12-30,0,0,para_vet,17.673063,76.038843,Maharashtra
NAGPUR,Nagpur,Nagpur,Umred,umregaon41,buffalo,fmd,Foot-and-Mouth Disease,2024-12-30,0,0,para_vet,21.008489,79.121368,Maharashtra
NAGPUR,Nagpur,Nagpur,Hingna,hingpeth37,goat,ppr,Peste des Petits Ruminants,2024-12-30,0,0,farmer,21.141306,79.109505,Maharashtra
NAGPUR,Nagpur,Nagpur,Narkhed,narkpeth2,buffalo,brucellosis,Brucellosis,2024-12-30,0,0,farmer,21.209246,79.211521,Maharashtra
NAGPUR,Nagpur,Nagpur,Katol,katowadi66,goat,brucellosis,Brucellosis,2024-12-30,0,0,livestock_inspector,21.241744,79.100365,Maharashtra
NAGPUR,Nagpur,Nagpur,Hingna,hingwadi81,poultry,ai_h5n1,Avian Influenza (H5N1),2024-12-30,0,0,field_vet,21.024323,79.217467,Maharashtra
LATUR,Latur,Aurangabad,Chakur,chakwadi94,goat,fmd,Foot-and-Mouth Disease,2024-12-30,0,0,panchayat_member,18.409895,76.586694,Maharashtra
LATUR,Latur,Aurangabad,Ausa,ausanagar34,sheep,fmd,Foot-and-Mouth Disease,2024-12-30,0,0,field_vet,18.419331,76.458615,Maharashtra
LATUR,Latur,Aurangabad,Shirur Anantpal,shirwadi54,goat,ppr,Peste des Petits Ruminants,2024-12-30,0,0,livestock_inspector,18.354859,76.610375,Maharashtra
LATUR,Latur,Aurangabad,Shirur Anantpal,shirgaon39,sheep,ppr,Peste des Petits Ruminants,2024-12-30,0,0,panchayat_member,18.379769,76.639783,Maharashtra
JALGAON,Jalgaon,Nashik,Chopda,chopnagar15,cattle,fmd,Foot-and-Mouth Disease,2024-12-30,0,0,field_vet,20.985845,75.560907,Maharashtra
JALGAON,Jalgaon,Nashik,Chopda,chopnagar90,cattle,lsd,Lumpy Skin Disease,2024-12-30,0,0,field_vet,21.108226,75.525494,Maharashtra
JALGAON,Jalgaon,Nashik,Pachora,pachkhurd35,buffalo,brucellosis,Brucellosis,2024-12-30,0,0,panchayat_member,20.977739,75.621606,Maharashtra
PUNE,Pune,Pune,Mulshi,mulskhurd15,cattle,fmd,Foot-and-Mouth Disease,2025-01-06,0,0,panchayat_member,18.639218,74.004966,Maharashtra
PUNE,Pune,Pune,Baramati,baranagar9,cattle,brucellosis,Brucellosis,2025-01-06,0,0,livestock_inspector,18.597082,73.851972,Maharashtra
AHMEDNAGAR,Ahmednagar,Nashik,Sangamner,sangnagar67,cattle,fmd,Foot-and-Mouth Disease,2025-01-06,0,0,farmer,19.180983,74.84992,Maharashtra
AHMEDNAGAR,Ahmednagar,Nashik,Pathardi,pathpeth47,sheep,ppr,Peste des Petits Ruminants,2025-01-06,0,0,para_vet,19.153897,74.712447,Maharashtra
NASHIK,Nashik,Nashik,Niphad,niphbudruk18,cattle,fmd,Foot-and-Mouth Disease,2025-01-06,0,0,field_vet,20.015406,73.814109,Maharashtra
NASHIK,Nashik,Nashik,Malegaon,malenagar34,sheep,fmd,Foot-and-Mouth Disease,2025-01-06,0,0,para_vet,19.860607,73.877151,Maharashtra
NASHIK,Nashik,Nashik,Dindori,dindwadi89,goat,brucellosis,Brucellosis,2025-01-06,0,0,livestock_inspector,19.904379,73.696021,Maharashtra
KOLHAPUR,Kolhapur,Kolhapur,Hatkanangle,hatkbudruk69,goat,fmd,Foot-and-Mouth Disease,2025-01-06,0,0,panchayat_member,16.746825,74.391312,Maharashtra
KOLHAPUR,Kolhapur,Kolhapur,Gaganbawada,gagatarf57,buffalo,lsd,Lumpy Skin Disease,2025-01-06,0,0,farmer,16.834296,74.175259,Maharashtra
KOLHAPUR,Kolhapur,Kolhapur,Panhala,panhwadi27,sheep,ppr,Peste des Petits Ruminants,2025-01-06,0,0,panchayat_member,16.630369,74.313925,Maharashtra
SANGLI,Sangli,Kolhapur,Shirala,shirbudruk40,buffalo,fmd,Foot-and-Mouth Disease,2025-01-06,0,0,field_vet,16.787962,74.571667,Maharashtra
SANGLI,Sangli,Kolhapur,Tasgaon,tasgpur92,goat,fmd,Foot-and-Mouth Disease,2025-01-06,0,0,livestock_inspector,16.78804,74.59268,Maharashtra
SANGLI,Sangli,Kolhapur,Kadegaon,kadenagar88,goat,ppr,Peste des Petits Ruminants,2025-01-06,0,0,para_vet,16.948294,74.700822,Maharashtra
SANGLI,Sangli,Kolhapur,Shirala,shirkhurd42,buffalo,brucellosis,Brucellosis,2025-01-06,0,0,panchayat_member,16.853312,74.474948,Maharashtra
SANGLI,Sangli,Kolhapur,Jath,jathgaon66,goat,brucellosis,Brucellosis,2025-01-06,0,0,farmer,16.916947,74.550402,Maharashtra
SOLAPUR,Solapur,Pune,Mangalvedhe,mangkhurd58,goat,fmd,Foot-and-Mouth Disease,2025-01-06,0,0,panchayat_member,17.542046,75.948936,Maharashtra
NAGPUR,Nagpur,Nagpur,Hingna,hingwadi3,goat,ppr,Peste des Petits Ruminants,2025-01-06,0,0,farmer,21.203299,79.053982,Maharashtra
NAGPUR,Nagpur,Nagpur,Kamptee,kampbudruk25,buffalo,brucellosis,Brucellosis,2025-01-06,0,0,field_vet,21.110915,78.966082,Maharashtra
LATUR,Latur,Aurangabad,Ausa,ausakhurd94,goat,fmd,Foot-and-Mouth Disease,2025-01-06,0,0,farmer,18.395913,76.635879,Maharashtra
LATUR,Latur,Aurangabad,Chakur,chaknagar55,buffalo,lsd,Lumpy Skin Disease,2025-01-06,0,0,field_vet,18.286408,76.414313,Maharashtra
LATUR,Latur,Aurangabad,Nilanga,nilabudruk1,goat,ppr,Peste des Petits Ruminants,2025-01-06,0,0,livestock_inspector,18.421296,76.440571,Maharashtra
JALGAON,Jalgaon,Nashik,Chopda,choppur56,cattle,lsd,Lumpy Skin Disease,2025-01-06,0,0,field_vet,20.994066,75.701618,Maharashtra
JALGAON,Jalgaon,Nashik,Chopda,choppur63,buffalo,brucellosis,Brucellosis,2025-01-06,0,0,field_vet,20.973229,75.468063,Maharashtra
JALGAON,Jalgaon,Nashik,Chopda,chopnagar18,goat,brucellosis,Brucellosis,2025-01-06,0,0,livestock_inspector,20.937581,75.461416,Maharashtra
PUNE,Pune,Pune,Bhor,bhorbudruk61,sheep,ppr,Peste des Petits Ruminants,2025-01-13,0,0,para_vet,18.52133,73.982563,Maharashtra
PUNE,Pune,Pune,Indapur,indapur21,cattle,brucellosis,Brucellosis,2025-01-13,0,0,field_vet,18.585523,73.778811,Maharashtra
AHMEDNAGAR,Ahmednagar,Nashik,Rahuri,rahutarf30,goat,fmd,Foot-and-Mouth Disease,2025-01-13,0,0,livestock_inspector,18.960772,74.768854,Maharashtra
AHMEDNAGAR,Ahmednagar,Nashik,Kopargaon,kopatarf88,sheep,fmd,Foot-and-Mouth Disease,2025-01-13,0,0,farmer,18.946181,74.74316,Maharashtra
AHMEDNAGAR,Ahmednagar,Nashik,Parner,parngaon80,cattle,brucellosis,Brucellosis,2025-01-13,0,0,panchayat_member,19.222509,74.891221,Maharashtra
NASHIK,Nashik,Nashik,Malegaon,maletarf57,cattle,fmd,Foot-and-Mouth Disease,2025-01-13,0,0,field_vet,20.013505,73.904393,Maharashtra
NASHIK,Nashik,Nashik,Niphad,niphwadi52,buffalo,fmd,Foot-and-Mouth Disease,2025-01-13,0,0,field_vet,20.150004,73.770627,Maharashtra
NASHIK,Nashik,Nashik,Malegaon,malepeth36,goat,ppr,Peste des Petits Ruminants,2025-01-13,0,0,farmer,19.974342,73.774696,Maharashtra
NASHIK,Nashik,Nashik,Trimbakeshwar,trimtarf14,cattle,brucellosis,Brucellosis,2025-01-13,0,0,farmer,20.004315,73.849951,Maharashtra
KOLHAPUR,Kolhapur,Kolhapur,Karveer,karvnagar92,buffalo,fmd,Foot-and-Mouth Disease,2025-01-13,0,0,panchayat_member,16.666285,74.163442,Maharashtra
KOLHAPUR,Kolhapur,Kolhapur,Karveer,karvgaon86,goat,fmd,Foot-and-Mouth Disease,2025-01-13,0,0,para_vet,16.609672,74.363635,Maharashtra
KOLHAPUR,Kolhapur,Kolhapur,Panhala,panhpeth77,buffalo,brucellosis,Brucellosis,2025-01-13,0,0,panchayat_member,16.569855,74.19946,Maharashtra
SANGLI,Sangli,Kolhapur,Walwa,walwtarf17,buffalo,fmd,Foot-and-Mouth Disease,2025-01-13,0,0,farmer,16.965886,74.560022,Maharashtra
SANGLI,Sangli,Kolhapur,Walwa,walwtarf19,buffalo,lsd,Lumpy Skin Disease,2025-01-13,0,0,farmer,16.810804,74.452699,Maharashtra
SANGLI,Sangli,Kolhapur,Shirala,shirbudruk89,buffalo,brucellosis,Brucellosis,2025-01-13,0,0,para_vet,16.917397,74.718425,Maharashtra
SANGLI,Sangli,Kolhapur,Shirala,shirpeth49,poultry,ai_h5n1,Avian Influenza (H5N1),2025-01-13,0,0,para_vet,16.802652,74.433915,Maharashtra
SOLAPUR,Solapur,Pune,Barshi,barswadi83,cattle,lsd,Lumpy Skin Disease,2025-01-13,0,0,livestock_inspector,17.761579,75.770318,Maharashtra
SOLAPUR,Solapur,Pune,Akkalkot,akkanagar40,poultry,ai_h5n1,Avian Influenza (H5N1),2025-01-13,0,0,para_vet,17.628472,75.825684,Maharashtra
NAGPUR,Nagpur,Nagpur,Umred,umrepur59,cattle,fmd,Foot-and-Mouth Disease,2025-01-13,0,0,field_vet,21.101917,78.994162,Maharashtra
NAGPUR,Nagpur,Nagpur,Narkhed,narkgaon67,buffalo,lsd,Lumpy Skin Disease,2025-01-13,0,0,panchayat_member,21.268758,79.155037,Maharashtra
NAGPUR,Nagpur,Nagpur,Narkhed,narkwadi91,buffalo,brucellosis,Brucellosis,2025-01-13,0,0,farmer,21.220924,79.170138,Maharashtra
LATUR,Latur,Aurangabad,Renapur,renapur81,sheep,fmd,Foot-and-Mouth Disease,2025-01-13,0,0,para_vet,18.299381,76.694054,Maharashtra
LATUR,Latur,Aurangabad,Nilanga,nilapur92,buffalo,brucellosis,Brucellosis,2025-01-13,0,0,livestock_inspector,18.408208,76.665546,Maharashtra
LATUR,Latur,Aurangabad,Nilanga,nilagaon54,goat,brucellosis,Brucellosis,2025-01-13,0,0,field_vet,18.524701,76.532547,Maharashtra
JALGAON,Jalgaon,Nashik,Bhusawal,bhusbudruk9,goat,ppr,Peste des Petits Ruminants,2025-01-13,0,0,panchayat_member,20.97383,75.461261,Maharashtra
JALGAON,Jalgaon,Nashik,Chopda,chopnagar63,sheep,ppr,Peste des Petits Ruminants,2025-01-13,0,0,farmer,21.008026,75.522668,Maharashtra
PUNE,Pune,Pune,Baramati,barapur59,goat,fmd,Foot-and-Mouth Disease,2025-01-20,0,0,para_vet,18.409243,73.757383,Maharashtra
PUNE,Pune,Pune,Junnar,junnpur33,sheep,fmd,Foot-and-Mouth Disease,2025-01-20,0,0,para_vet,18.606149,73.906339,Maharashtra
PUNE,Pune,Pune,Baramati,barapur82,sheep,ppr,Peste des Petits Ruminants,2025-01-20,0,0,para_vet,18.587706,73.978932,Maharashtra
PUNE,Pune,Pune,Ambegaon,ambekhurd18,cattle,brucellosis,Brucellosis,2025-01-20,0,0,field_vet,18.65457,73.998932,Maharashtra
PUNE,Pune,Pune,Velhe,velhkhurd32,buffalo,brucellosis,Brucellosis,2025-01-20,0,0,field_vet,18.655171,73.991509,Maharashtra
PUNE,Pune,Pune,Junnar,junntarf60,poultry,ai_h5n1,Avian Influenza (H5N1),2025-01-20,0,0,livestock_inspector,18.645241,73.875815,Maharashtra
AHMEDNAGAR,Ahmednagar,Nashik,Sangamner,sangpeth35,goat,fmd,Foot-and-Mouth Disease,2025-01-20,0,0,livestock_inspector,19.060798,74.81644,Maharashtra
AHMEDNAGAR,Ahmednagar,Nashik,Rahuri,rahuwadi74,cattle,lsd,Lumpy Skin Disease,2025-01-20,0,0,field_vet,19.222388,74.879054,Maharashtra
AHMEDNAGAR,Ahmednagar,Nashik,Sangamner,sangpur98,buffalo,lsd,Lumpy Skin Disease,2025-01-20,0,0,livestock_inspector,19.123583,74.694929,Maharashtra
AHMEDNAGAR,Ahmednagar,Nashik,Parner,parnkhurd2,goat,ppr,Peste des Petits Ruminants,2025-01-20,0,0,livestock_inspector,19.205835,74.680855,Maharashtra
AHMEDNAGAR,Ahmednagar,Nashik,Pathardi,pathbudruk84,cattle,brucellosis,Brucellosis,2025-01-20,0,0,panchayat_member,19.119856,74.672344,Maharashtra
AHMEDNAGAR,Ahmednagar,Nashik,Nevasa,nevanagar29,goat,brucellosis,Brucellosis,2025-01-20,0,0,livestock_inspector,19.012602,74.886315,Maharashtra
NASHIK,Nashik,Nashik,Trimbakeshwar,trimbudruk95,goat,fmd,Foot-and-Mouth Disease,2025-01-20,0,0,para_vet,19.986184,73.911753,Maharashtra
KOLHAPUR,Kolhapur,Kolhapur,Panhala,panhpeth88,cattle,fmd,Foot-and-Mouth Disease,2025-01-20,0,0,para_vet,16.773846,74.113014,Maharashtra
KOLHAPUR,Kolhapur,Kolhapur,Shirol,shirgaon64,sheep,fmd,Foot-and-Mouth Disease,2025-01-20,0,0,para_vet,16.82753,74.152838,Maharashtra
KOLHAPUR,Kolhapur,Kolhapur,Radhanagari,radhpeth30,cattle,brucellosis,Brucellosis,2025-01-20,0,0,panchayat_member,16.612031,74.249964,Maharashtra
SANGLI,Sangli,Kolhapur,Shirala,shirwadi66,cattle,fmd,Foot-and-Mouth Disease,2025-01-20,0,0,para_vet,16.819127,74.58085,Maharashtra
SANGLI,Sangli,Kolhapur,Shirala,shirgaon46,goat,fmd,Foot-and-Mouth Disease,2025-01-20,0,0,panchayat_member,16.769078,74.720324,Maharashtra
SANGLI,Sangli,Kolhapur,Miraj,mirapeth86,sheep,fmd,Foot-and-Mouth Disease,2025-01-20,0,0,livestock_inspector,16.979313,74.660113,Maharashtra
SANGLI,Sangli,Kolhapur,Jath,jathwadi82,goat,ppr,Peste des Petits Ruminants,2025-01-20,0,0,farmer,16.928714,74.519111,Maharashtra
SOLAPUR,Solapur,Pune,Pandharpur,pandtarf30,goat,fmd,Foot-and-Mouth Disease,2025-01-20,0,0,panchayat_member,17.794833,75.988051,Maharashtra
SOLAPUR,Solapur,Pune,Akkalkot,akkagaon29,sheep,fmd,Foot-and-Mouth Disease,2025-01-20,0,0,livestock_inspector,17.562254,75.95473,Maharashtra
SOLAPUR,Solapur,Pune,Madha,madhgaon48,goat,ppr,Peste des Petits Ruminants,2025-01-20,0,0,farmer,17.638336,75.972514,Maharashtra
SOLAPUR,Solapur,Pune,Akkalkot,akkanagar76,cattle,brucellosis,Brucellosis,2025-01-20,0,0,para_vet,17.68718,75.891658,Maharashtra
SOLAPUR,Solapur,Pune,Barshi,barspur3,buffalo,brucellosis,Brucellosis,2025-01-20,0,0,field_vet,17.560518,76.049318,Maharashtra
SOLAPUR,Solapur,Pune,Akkalkot,akkagaon20,goat,brucellosis,Brucellosis,2025-01-20,0,0,field_vet,17.531887,75.816936,Maharashtra
NAGPUR,Nagpur,Nagpur,Narkhed,narkpeth28,cattle,fmd,Foot-and-Mouth Disease,2025-01-20,0,0,farmer,21.045292,79.085365,Maharashtra
NAGPUR,Nagpur,Nagpur,Saoner,saonpeth84,goat,fmd,Foot-and-Mouth Disease,2025-01-20,0,0,panchayat_member,21.121907,79.009369,Maharashtra
NAGPUR,Nagpur,Nagpur,Narkhed,narkgaon46,sheep,ppr,Peste des Petits Ruminants,2025-01-20,0,0,farmer,21.228179,79.084087,Maharashtra
NAGPUR,Nagpur,Nagpur,Katol,katopeth51,buffalo,brucellosis,Brucellosis,2025-01-20,0,0,field_vet,21.088556,79.137814,Maharashtra
LATUR,Latur,Aurangabad,Deoni,deonnagar29,cattle,lsd,Lumpy Skin Disease,2025-01-20,0,0,field_vet,18.320567,76.618816,Maharashtra
LATUR,Latur,Aurangabad,Renapur,renagaon21,buffalo,lsd,Lumpy Skin Disease,2025-01-20,0,0,panchayat_member,18.307131,76.534458,Maharashtra
JALGAON,Jalgaon,Nashik,Raver,ravepur14,sheep,ppr,Peste des Petits Ruminants,2025-01-20,0,0,farmer,21.157012,75.640675,Maharashtra
PUNE,Pune,Pune,Indapur,indatarf51,sheep,fmd,Foot-and-Mouth Disease,2025-01-27,0,0,field_vet,18.52903,73.885172,Maharashtra
PUNE,Pune,Pune,Baramati,barapur86,buffalo,brucellosis,Brucellosis,2025-01-27,0,0,para_vet,18.380446,73.781298,Maharashtra
PUNE,Pune,Pune,Junnar,junnkhurd85,goat,brucellosis,Brucellosis,2025-01-27,0,0,livestock_inspector,18.584662,73.831406,Maharashtra
AHMEDNAGAR,Ahmednagar,Nashik,Parner,parngaon83,goat,fmd,Foot-and-Mouth Disease,2025-01-27,0,0,livestock_inspector,19.076246,74.683814,Maharashtra
AHMEDNAGAR,Ahmednagar,Nashik,Shrirampur,shritarf8,sheep,fmd,Foot-and-Mouth Disease,2025-01-27,0,0,para_vet,19.013314,74.836182,Maharashtra
AHMEDNAGAR,Ahmednagar,Nashik,Parner,parntarf94,buffalo,lsd,Lumpy Skin Disease,2025-01-27,0,0,para_vet,19.004491,74.638043,Maharashtra
AHMEDNAGAR,Ahmednagar,Nashik,Kopargaon,kopagaon28,goat,ppr,Peste des Petits Ruminants,2025-01-27,0,0,para_vet,19.208144,74.666917,Maharashtra
AHMEDNAGAR,Ahmednagar,Nashik,Sangamner,sangkhurd8,poultry,ai_h5n1,Avian Influenza (H5N1),2025-01-27,0,0,farmer,19.227269,74.649912,Maharashtra
NASHIK,Nashik,Nashik,Dindori,dindkhurd35,cattle,fmd,Foot-and-Mouth Disease,2025-01-27,0,0,para_vet,19.8703,73.802055,Maharashtra
NASHIK,Nashik,Nashik,Dindori,dindpur34,sheep,ppr,Peste des Petits Ruminants,2025-01-27,0,0,farmer,19.972195,73.831946,Maharashtra
KOLHAPUR,Kolhapur,Kolhapur,Panhala,panhkhurd58,cattle,fmd,Foot-and-Mouth Disease,2025-01-27,0,0,panchayat_member,16.785826,74.116193,Maharashtra
KOLHAPUR,Kolhapur,Kolhapur,Karveer,karvgaon68,buffalo,fmd,Foot-and-Mouth Disease,2025-01-27,0,0,livestock_inspector,16.844803,74.105889,Maharashtra
KOLHAPUR,Kolhapur,Kolhapur,Panhala,panhnagar87,goat,brucellosis,Brucellosis,2025-01-27,0,0,field_vet,16.76053,74.171502,Maharashtra
SANGLI,Sangli,Kolhapur,Walwa,walwbudruk39,cattle,fmd,Foot-and-Mouth Disease,2025-01-27,0,0,livestock_inspector,16.965563,74.681554,Maharashtra
SANGLI,Sangli,Kolhapur,Jath,jathpur51,buffalo,lsd,Lumpy Skin Disease,2025-01-27,0,0,livestock_inspector,16.892798,74.494261,Maharashtra
SANGLI,Sangli,Kolhapur,Shirala,shirpeth41,goat,ppr,Peste des Petits Ruminants,2025-01-27,0,0,para_vet,16.750405,74.539108,Maharashtra
SANGLI,Sangli,Kolhapur,Walwa,walwgaon10,buffalo,brucellosis,Brucellosis,2025-01-27,0,0,field_vet,16.979618,74.718015,Maharashtra
SOLAPUR,Solapur,Pune,Madha,madhgaon29,sheep,fmd,Foot-and-Mouth Disease,2025-01-27,0,0,panchayat_member,17.737985,75.768534,Maharashtra
SOLAPUR,Solapur,Pune,Akkalkot,akkagaon23,cattle,lsd,Lumpy Skin Disease,2025-01-27,0,0,para_vet,17.538208,76.005051,Maharashtra
SOLAPUR,Solapur,Pune,Akkalkot,akkagaon92,buffalo,lsd,Lumpy Skin Disease,2025-01-27,0,0,field_vet,17.671398,76.017319,Maharashtra
SOLAPUR,Solapur,Pune,Mangalvedhe,manggaon68,goat,ppr,Peste des Petits Ruminants,2025-01-27,0,0,field_vet,17.588543,75.91757,Maharashtra
NAGPUR,Nagpur,Nagpur,Hingna,hingnagar19,buffalo,fmd,Foot-and-Mouth Disease,2025-01-27,0,0,para_vet,21.018331,78.993107,Maharashtra
NAGPUR,Nagpur,Nagpur,Umred,umregaon84,goat,ppr,Peste des Petits Ruminants,2025-01-27,0,0,para_vet,21.149906,78.997949,Maharashtra
NAGPUR,Nagpur,Nagpur,Katol,katonagar53,sheep,ppr,Peste des Petits Ruminants,2025-01-27,0,0,farmer,21.21705,79.161738,Maharashtra
NAGPUR,Nagpur,Nagpur,Saoner,saonkhurd70,cattle,brucellosis,Brucellosis,2025-01-27,0,0,livestock_inspector,21.052366,78.967108,Maharashtra
NAGPUR,Nagpur,Nagpur,Saoner,saonpur54,goat,brucellosis,Brucellosis,2025-01-27,0,0,panchayat_member,21.047075,79.171706,Maharashtra
LATUR,Latur,Aurangabad,Shirur Anantpal,shirpur13,cattle,brucellosis,Brucellosis,2025-01-27,0,0,panchayat_member,18.513545,76.629727,Maharashtra
JALGAON,Jalgaon,Nashik,Bhusawal,bhusgaon84,buffalo,fmd,Foot-and-Mouth Disease,2025-01-27,0,0,field_vet,20.931909,75.435118,Maharashtra
JALGAON,Jalgaon,Nashik,Bhusawal,bhuspur90,buffalo,lsd,Lumpy Skin Disease,2025-01-27,0,0,livestock_inspector,20.970761,75.621379,Maharashtra
PUNE,Pune,Pune,Junnar,junngaon53,cattle,lsd,Lumpy Skin Disease,2025-02-03,0,0,livestock_inspector,18.44316,73.958369,Maharashtra
PUNE,Pune,Pune,Mulshi,mulsnagar38,buffalo,lsd,Lumpy Skin Disease,2025-02-03,0,0,panchayat_member,18.530511,73.786266,Maharashtra
PUNE,Pune,Pune,Haveli,havepur52,sheep,ppr,Peste des Petits Ruminants,2025-02-03,0,0,para_vet,18.658754,73.718425,Maharashtra
AHMEDNAGAR,Ahmednagar,Nashik,Rahuri,rahukhurd6,sheep,fmd,Foot-and-Mouth Disease,2025-02-03,0,0,field_vet,19.160861,74.825932,Maharashtra
AHMEDNAGAR,Ahmednagar,Nashik,Shrirampur,shribudruk38,poultry,ai_h5n1,Avian Influenza (H5N1),2025-02-03,0,0,field_vet,19.229708,74.67362,Maharashtra
NASHIK,Nashik,Nashik,Dindori,dindtarf31,buffalo,lsd,Lumpy Skin Disease,2025-02-03,0,0,para_vet,20.135861,73.834255,Maharashtra
KOLHAPUR,Kolhapur,Kolhapur,Karveer,karvgaon92,cattle,fmd,Foot-and-Mouth Disease,2025-02-03,0,0,livestock_inspector,16.626049,74.32694,Maharashtra
KOLHAPUR,Kolhapur,Kolhapur,Karveer,karvtarf63,buffalo,lsd,Lumpy Skin Disease,2025-02-03,0,0,field_vet,16.739484,74.227888,Maharashtra
KOLHAPUR,Kolhapur,Kolhapur,Gaganbawada,gagabudruk90,goat,brucellosis,Brucellosis,2025-02-03,0,0,panchayat_member,16.692839,74.171287,Maharashtra
KOLHAPUR,Kolhapur,Kolhapur,Karveer,karvtarf30,poultry,ai_h5n1,Avian Influenza (H5N1),2025-02-03,1,0,livestock_inspector,16.708164,74.102386,Maharashtra
SANGLI,Sangli,Kolhapur,Tasgaon,tasgkhurd83,cattle,fmd,Foot-and-Mouth Disease,2025-02-03,0,0,panchayat_member,16.977933,74.725621,Maharashtra
SANGLI,Sangli,Kolhapur,Kadegaon,kadenagar24,sheep,fmd,Foot-and-Mouth Disease,2025-02-03,0,0,field_vet,16.907681,74.525538,Maharashtra
SANGLI,Sangli,Kolhapur,Walwa,walwkhurd62,cattle,lsd,Lumpy Skin Disease,2025-02-03,0,0,panchayat_member,16.717401,74.585065,Maharashtra
SANGLI,Sangli,Kolhapur,Shirala,shirnagar34,buffalo,brucellosis,Brucellosis,2025-02-03,0,0,field_vet,16.718197,74.607763,Maharashtra
SANGLI,Sangli,Kolhapur,Tasgaon,tasgtarf21,poultry,ai_h5n1,Avian Influenza (H5N1),2025-02-03,0,0,farmer,16.913682,74.593591,Maharashtra
SOLAPUR,Solapur,Pune,Karmala,karmbudruk80,cattle,fmd,Foot-and-Mouth Disease,2025-02-03,0,0,panchayat_member,17.727159,75.931252,Maharashtra
SOLAPUR,Solapur,Pune,Karmala,karmtarf13,cattle,brucellosis,Brucellosis,2025-02-03,0,0,field_vet,17.748342,75.818233,Maharashtra
NAGPUR,Nagpur,Nagpur,Saoner,saonwadi3,buffalo,fmd,Foot-and-Mouth Disease,2025-02-03,0,0,panchayat_member,21.192807,79.19814,Maharashtra
NAGPUR,Nagpur,Nagpur,Katol,katonagar75,sheep,fmd,Foot-and-Mouth Disease,2025-02-03,0,0,para_vet,21.062103,79.174996,Maharashtra
NAGPUR,Nagpur,Nagpur,Umred,umregaon16,goat,ppr,Peste des Petits Ruminants,2025-02-03,0,0,panchayat_member,21.068139,79.113548,Maharashtra
NAGPUR,Nagpur,Nagpur,Kamptee,kamptarf69,buffalo,brucellosis,Brucellosis,2025-02-03,0,0,farmer,21.252476,79.153354,Maharashtra
LATUR,Latur,Aurangabad,Shirur Anantpal,shirwadi91,goat,fmd,Foot-and-Mouth Disease,2025-02-03,0,0,farmer,18.446789,76.573766,Maharashtra
LATUR,Latur,Aurangabad,Deoni,deontarf50,cattle,lsd,Lumpy Skin Disease,2025-02-03,0,0,livestock_inspector,18.330623,76.556603,Maharashtra
LATUR,Latur,Aurangabad,Nilanga,nilakhurd61,goat,ppr,Peste des Petits Ruminants,2025-02-03,0,0,livestock_inspector,18.313313,76.418852,Maharashtra
LATUR,Latur,Aurangabad,Ausa,ausanagar33,cattle,brucellosis,Brucellosis,2025-02-03,0,0,field_vet,18.279406,76.621839,Maharashtra
LATUR,Latur,Aurangabad,Deoni,deonpeth42,buffalo,brucellosis,Brucellosis,2025-02-03,0,0,para_vet,18.359229,76.672058,Maharashtra
JALGAON,Jalgaon,Nashik,Pachora,pachkhurd76,goat,fmd,Foot-and-Mouth Disease,2025-02-03,0,0,field_vet,21.095974,75.69057,Maharashtra
JALGAON,Jalgaon,Nashik,Erandol,erannagar34,sheep,fmd,Foot-and-Mouth Disease,2025-02-03,0,0,panchayat_member,21.045709,75.620217,Maharashtra
JALGAON,Jalgaon,Nashik,Pachora,pachpeth98,cattle,lsd,Lumpy Skin Disease,2025-02-03,0,0,field_vet,21.119051,75.63892,Maharashtra
JALGAON,Jalgaon,Nashik,Yawal,yawapeth18,buffalo,lsd,Lumpy Skin Disease,2025-02-03,0,0,livestock_inspector,20.894686,75.492365,Maharashtra
JALGAON,Jalgaon,Nashik,Raver,ravegaon65,cattle,brucellosis,Brucellosis,2025-02-03,0,0,livestock_inspector,20.919364,75.553568,Maharashtra
JALGAON,Jalgaon,Nashik,Yawal,yawagaon30,goat,brucellosis,Brucellosis,2025-02-03,0,0,farmer,21.039213,75.599407,Maharashtra
JALGAON,Jalgaon,Nashik,Bhusawal,bhusnagar3,poultry,ai_h5n1,Avian Influenza (H5N1),2025-02-03,0,0,para_vet,21.021185,75.531369,Maharashtra
PUNE,Pune,Pune,Bhor,bhorkhurd11,cattle,fmd,Foot-and-Mouth Disease,2025-02-10,0,0,panchayat_member,18.380855,73.902412,Maharashtra
PUNE,Pune,Pune,Junnar,junngaon3,buffalo,fmd,Foot-and-Mouth Disease,2025-02-10,0,0,farmer,18.582583,73.855124,Maharashtra
PUNE,Pune,Pune,Velhe,velhgaon8,goat,fmd,Foot-and-Mouth Disease,2025-02-10,0,0,panchayat_member,18.515216,73.891538,Maharashtra
PUNE,Pune,Pune,Junnar,junnpeth4,sheep,fmd,Foot-and-Mouth Disease,2025-02-10,0,0,panchayat_member,18.589457,73.874106,Maharashtra
PUNE,Pune,Pune,Mulshi,mulsgaon69,sheep,ppr,Peste des Petits Ruminants,2025-02-10,0,0,panchayat_member,18.385885,73.764426,Maharashtra
AHMEDNAGAR,Ahmednagar,Nashik,Kopargaon,kopakhurd79,sheep,fmd,Foot-and-Mouth Disease,2025-02-10,0,0,livestock_inspector,18.971643,74.823791,Maharashtra
AHMEDNAGAR,Ahmednagar,Nashik,Parner,parnbudruk41,goat,ppr,Peste des Petits Ruminants,2025-02-10,0,0,field_vet,19.167844,74.835704,Maharashtra
AHMEDNAGAR,Ahmednagar,Nashik,Parner,parngaon61,sheep,ppr,Peste des Petits Ruminants,2025-02-10,0,0,farmer,19.081236,74.689918,Maharashtra
AHMEDNAGAR,Ahmednagar,Nashik,Sangamner,sangpur12,buffalo,brucellosis,Brucellosis,2025-02-10,0,0,livestock_inspector,18.949419,74.700696,Maharashtra
NASHIK,Nashik,Nashik,Niphad,niphwadi27,cattle,fmd,Foot-and-Mouth Disease,2025-02-10,0,0,para_vet,19.9825,73.827653,Maharashtra
NASHIK,Nashik,Nashik,Sinnar,sinngaon84,buffalo,fmd,Foot-and-Mouth Disease,2025-02-10,0,0,livestock_inspector,20.037103,73.730032,Maharashtra
NASHIK,Nashik,Nashik,Niphad,niphkhurd57,goat,brucellosis,Brucellosis,2025-02-10,0,0,panchayat_member,20.149226,73.933016,Maharashtra
NASHIK,Nashik,Nashik,Malegaon,malepur11,poultry,ai_h5n1,Avian Influenza (H5N1),2025-02-10,0,0,livestock_inspector,19.946533,73.655106,Maharashtra
KOLHAPUR,Kolhapur,Kolhapur,Hatkanangle,hatknagar35,goat,fmd,Foot-and-Mouth Disease,2025-02-10,0,0,livestock_inspector,16.838365,74.105022,Maharashtra
KOLHAPUR,Kolhapur,Kolhapur,Karveer,karvpur26,cattle,lsd,Lumpy Skin Disease,2025-02-10,0,0,livestock_inspector,16.760896,74.316063,Maharashtra
KOLHAPUR,Kolhapur,Kolhapur,Gaganbawada,gagagaon16,cattle,brucellosis,Brucellosis,2025-02-10,0,0,field_vet,16.590733,74.332796,Maharashtra
KOLHAPUR,Kolhapur,Kolhapur,Shirol,shirkhurd59,goat,brucellosis,Brucellosis,2025-02-10,0,0,panchayat_member,16.756976,74.376821,Maharashtra
SANGLI,Sangli,Kolhapur,Miraj,mirabudruk88,goat,fmd,Foot-and-Mouth Disease,2025-02-10,0,0,para_vet,16.777112,74.467122,Maharashtra
SANGLI,Sangli,Kolhapur,Kadegaon,kadepur98,buffalo,lsd,Lumpy Skin Disease,2025-02-10,0,0,panchayat_member,16.991256,74.524214,Maharashtra
SANGLI,Sangli,Kolhapur,Walwa,walwkhurd42,goat,ppr,Peste des Petits Ruminants,2025-02-10,0,0,para_vet,16.78572,74.554835,Maharashtra
SANGLI,Sangli,Kolhapur,Kadegaon,kadepur35,buffalo,brucellosis,Brucellosis,2025-02-10,0,0,farmer,16.945434,74.643402,Maharashtra
SOLAPUR,Solapur,Pune,Karmala,karmpur60,buffalo,fmd,Foot-and-Mouth Disease,2025-02-10,0,0,para_vet,17.746801,75.863953,Maharashtra
SOLAPUR,Solapur,Pune,Mangalvedhe,manggaon99,sheep,fmd,Foot-and-Mouth Disease,2025-02-10,0,0,panchayat_member,17.795025,75.921898,Maharashtra
SOLAPUR,Solapur,Pune,Pandharpur,pandpur29,goat,ppr,Peste des Petits Ruminants,2025-02-10,0,0,farmer,17.589251,75.87892,Maharashtra
SOLAPUR,Solapur,Pune,Madha,madhpeth12,sheep,ppr,Peste des Petits Ruminants,2025-02-10,0,0,farmer,17.536819,76.020094,Maharashtra
SOLAPUR,Solapur,Pune,Barshi,barsbudruk69,buffalo,brucellosis,Brucellosis,2025-02-10,0,0,field_vet,17.513359,75.977029,Maharashtra
NAGPUR,Nagpur,Nagpur,Saoner,saonpeth93,goat,fmd,Foot-and-Mouth Disease,2025-02-10,0,0,para_vet,21.285012,79.030938,Maharashtra
NAGPUR,Nagpur,Nagpur,Saoner,saongaon96,cattle,lsd,Lumpy Skin Disease,2025-02-10,0,0,para_vet,21.243615,79.138654,Maharashtra
NAGPUR,Nagpur,Nagpur,Katol,katonagar91,buffalo,lsd,Lumpy Skin Disease,2025-02-10,0,0,livestock_inspector,21.276284,79.217765,Maharashtra
NAGPUR,Nagpur,Nagpur,Narkhed,narkpeth53,goat,ppr,Peste des Petits Ruminants,2025-02-10,0,0,panchayat_member,21.128399,79.195078,Maharashtra
NAGPUR,Nagpur,Nagpur,Narkhed,narkbudruk65,buffalo,brucellosis,Brucellosis,2025-02-10,0,0,panchayat_member,21.140812,79.028601,Maharashtra
LATUR,Latur,Aurangabad,Ausa,ausagaon13,sheep,fmd,Foot-and-Mouth Disease,2025-02-10,0,0,panchayat_member,18.406717,76.469069,Maharashtra
LATUR,Latur,Aurangabad,Ausa,ausagaon6,cattle,brucellosis,Brucellosis,2025-02-10,0,0,para_vet,18.286132,76.654953,Maharashtra
JALGAON,Jalgaon,Nashik,Chopda,chopkhurd21,buffalo,fmd,Foot-and-Mouth Disease,2025-02-10,0,0,farmer,21.157551,75.473093,Maharashtra
JALGAON,Jalgaon,Nashik,Chopda,chopkhurd39,sheep,fmd,Foot-and-Mouth Disease,2025-02-10,0,0,livestock_inspector,21.101687,75.484811,Maharashtra
JALGAON,Jalgaon,Nashik,Bhusawal,bhuspeth68,cattle,brucellosis,Brucellosis,2025-02-10,0,0,field_vet,21.117901,75.688979,Maharashtra
PUNE,Pune,Pune,Baramati,baragaon55,buffalo,fmd,Foot-and-Mouth Disease,2025-02-17,0,0,farmer,18.536157,73.860296,Maharashtra
PUNE,Pune,Pune,Baramati,barabudruk62,goat,fmd,Foot-and-Mouth Disease,2025-02-17,0,0,livestock_inspector,18.602868,73.867342,Maharashtra
PUNE,Pune,Pune,Baramati,baragaon1,sheep,fmd,Foot-and-Mouth Disease,2025-02-17,0,0,para_vet,18.609881,73.870809,Maharashtra
PUNE,Pune,Pune,Indapur,indawadi50,buffalo,brucellosis,Brucellosis,2025-02-17,0,0,livestock_inspector,18.575072,73.813652,Maharashtra
AHMEDNAGAR,Ahmednagar,Nashik,Rahuri,rahukhurd26,buffalo,fmd,Foot-and-Mouth Disease,2025-02-17,0,0,field_vet,18.958726,74.880305,Maharashtra
AHMEDNAGAR,Ahmednagar,Nashik,Shrirampur,shrigaon80,goat,fmd,Foot-and-Mouth Disease,2025-02-17,0,0,panchayat_member,19.204511,74.771366,Maharashtra
AHMEDNAGAR,Ahmednagar,Nashik,Nevasa,nevagaon12,buffalo,brucellosis,Brucellosis,2025-02-17,0,0,farmer,19.042555,74.844056,Maharashtra
NASHIK,Nashik,Nashik,Niphad,niphgaon58,buffalo,fmd,Foot-and-Mouth Disease,2025-02-17,0,0,livestock_inspector,19.955155,73.669544,Maharashtra
NASHIK,Nashik,Nashik,Malegaon,maletarf99,buffalo,lsd,Lumpy Skin Disease,2025-02-17,0,0,field_vet,19.983155,73.778773,Maharashtra
NASHIK,Nashik,Nashik,Malegaon,malepeth16,goat,ppr,Peste des Petits Ruminants,2025-02-17,0,0,field_vet,19.971582,73.719072,Maharashtra
KOLHAPUR,Kolhapur,Kolhapur,Gaganbawada,gaganagar93,goat,ppr,Peste des Petits Ruminants,2025-02-17,0,0,panchayat_member,16.805769,74.275514,Maharashtra
KOLHAPUR,Kolhapur,Kolhapur,Hatkanangle,hatknagar76,sheep,ppr,Peste des Petits Ruminants,2025-02-17,0,0,para_vet,16.607909,74.301477,Maharashtra
KOLHAPUR,Kolhapur,Kolhapur,Gaganbawada,gagapur61,cattle,brucellosis,Brucellosis,2025-02-17,0,0,para_vet,16.728313,74.315961,Maharashtra
SANGLI,Sangli,Kolhapur,Shirala,shirgaon76,cattle,fmd,Foot-and-Mouth Disease,2025-02-17,0,0,farmer,16.774772,74.665877,Maharashtra
SANGLI,Sangli,Kolhapur,Jath,jathpur23,goat,fmd,Foot-and-Mouth Disease,2025-02-17,0,0,para_vet,16.847044,74.463425,Maharashtra
SOLAPUR,Solapur,Pune,Pandharpur,pandwadi28,cattle,fmd,Foot-and-Mouth Disease,2025-02-17,0,0,farmer,17.629919,75.814605,Maharashtra
SOLAPUR,Solapur,Pune,Mangalvedhe,mangkhurd15,sheep,fmd,Foot-and-Mouth Disease,2025-02-17,0,0,livestock_inspector,17.557873,75.839991,Maharashtra
SOLAPUR,Solapur,Pune,Mangalvedhe,mangwadi95,cattle,lsd,Lumpy Skin Disease,2025-02-17,0,0,livestock_inspector,17.73677,75.853929,Maharashtra
SOLAPUR,Solapur,Pune,Mangalvedhe,mangkhurd17,goat,ppr,Peste des Petits Ruminants,2025-02-17,0,0,livestock_inspector,17.720114,76.053792,Maharashtra
SOLAPUR,Solapur,Pune,Mangalvedhe,manggaon50,sheep,ppr,Peste des Petits Ruminants,2025-02-17,0,0,para_vet,17.614319,75.770727,Maharashtra
NAGPUR,Nagpur,Nagpur,Kamptee,kampgaon73,goat,fmd,Foot-and-Mouth Disease,2025-02-17,0,0,para_vet,21.174307,78.987971,Maharashtra
NAGPUR,Nagpur,Nagpur,Narkhed,narkwadi75,cattle,lsd,Lumpy Skin Disease,2025-02-17,0,0,para_vet,21.047806,78.985263,Maharashtra
NAGPUR,Nagpur,Nagpur,Hingna,hingkhurd46,buffalo,lsd,Lumpy Skin Disease,2025-02-17,0,0,farmer,21.008021,79.181076,Maharashtra
NAGPUR,Nagpur,Nagpur,Umred,umrekhurd44,goat,ppr,Peste des Petits Ruminants,2025-02-17,0,0,field_vet,21.094368,79.153574,Maharashtra
NAGPUR,Nagpur,Nagpur,Hingna,hingkhurd25,cattle,brucellosis,Brucellosis,2025-02-17,0,0,para_vet,21.084163,79.012087,Maharashtra
NAGPUR,Nagpur,Nagpur,Narkhed,narkwadi45,buffalo,brucellosis,Brucellosis,2025-02-17,0,0,panchayat_member,21.219786,79.09971,Maharashtra
NAGPUR,Nagpur,Nagpur,Saoner,saonnagar41,poultry,ai_h5n1,Avian Influenza (H5N1),2025-02-17,0,0,panchayat_member,21.176143,78.978369,Maharashtra
LATUR,Latur,Aurangabad,Chakur,chakbudruk76,cattle,fmd,Foot-and-Mouth Disease,2025-02-17,0,0,field_vet,18.342157,76.43007,Maharashtra
LATUR,Latur,Aurangabad,Chakur,chakgaon90,sheep,fmd,Foot-and-Mouth Disease,2025-02-17,0,0,para_vet,18.288762,76.522113,Maharashtra
LATUR,Latur,Aurangabad,Shirur Anantpal,shirnagar16,goat,ppr,Peste des Petits Ruminants,2025-02-17,0,0,livestock_inspector,18.501395,76.478971,Maharashtra
LATUR,Latur,Aurangabad,Nilanga,nilagaon9,cattle,brucellosis,Brucellosis,2025-02-17,0,0,field_vet,18.466125,76.668418,Maharashtra
LATUR,Latur,Aurangabad,Deoni,deonpur13,buffalo,brucellosis,Brucellosis,2025-02-17,0,0,panchayat_member,18.450754,76.500254,Maharashtra
JALGAON,Jalgaon,Nashik,Raver,ravewadi39,goat,fmd,Foot-and-Mouth Disease,2025-02-17,0,0,panchayat_member,21.002631,75.425034,Maharashtra
JALGAON,Jalgaon,Nashik,Erandol,eranbudruk8,goat,ppr,Peste des Petits Ruminants,2025-02-17,0,0,panchayat_member,20.957763,75.563637,Maharashtra
JALGAON,Jalgaon,Nashik,Bhusawal,bhustarf95,poultry,ai_h5n1,Avian Influenza (H5N1),2025-02-17,0,0,field_vet,20.881746,75.588281,Maharashtra
PUNE,Pune,Pune,Bhor,bhorwadi2,buffalo,lsd,Lumpy Skin Disease,2025-02-24,0,0,panchayat_member,18.58105,73.831952,Maharashtra
PUNE,Pune,Pune,Ambegaon,ambewadi75,goat,ppr,Peste des Petits Ruminants,2025-02-24,0,0,field_vet,18.499493,73.762233,Maharashtra
PUNE,Pune,Pune,Velhe,velhgaon7,sheep,ppr,Peste des Petits Ruminants,2025-02-24,0,0,farmer,18.542876,73.780383,Maharashtra
PUNE,Pune,Pune,Haveli,havewadi54,buffalo,brucellosis,Brucellosis,2025-02-24,0,0,farmer,18.649929,73.74977,Maharashtra
PUNE,Pune,Pune,Baramati,barapur51,poultry,ai_h5n1,Avian Influenza (H5N1),2025-02-24,0,0,field_vet,18.435917,73.864416,Maharashtra
AHMEDNAGAR,Ahmednagar,Nashik,Sangamner,sangnagar12,cattle,fmd,Foot-and-Mouth Disease,2025-02-24,0,0,livestock_inspector,19.192649,74.79571,Maharashtra
AHMEDNAGAR,Ahmednagar,Nashik,Parner,parnkhurd53,buffalo,fmd,Foot-and-Mouth Disease,2025-02-24,0,0,farmer,18.948529,74.879057,Maharashtra
AHMEDNAGAR,Ahmednagar,Nashik,Shrirampur,shrigaon50,goat,fmd,Foot-and-Mouth Disease,2025-02-24,0,0,field_vet,19.027607,74.843138,Maharashtra
AHMEDNAGAR,Ahmednagar,Nashik,Rahuri,rahupeth80,cattle,brucellosis,Brucellosis,2025-02-24,0,0,panchayat_member,19.11419,74.649731,Maharashtra
AHMEDNAGAR,Ahmednagar,Nashik,Nevasa,nevakhurd57,buffalo,brucellosis,Brucellosis,2025-02-24,0,0,field_vet,19.024783,74.678196,Maharashtra
NASHIK,Nashik,Nashik,Niphad,niphtarf96,cattle,fmd,Foot-and-Mouth Disease,2025-02-24,0,0,para_vet,19.96985,73.86832,Maharashtra
NASHIK,Nashik,Nashik,Sinnar,sinnpur26,buffalo,fmd,Foot-and-Mouth Disease,2025-02-24,0,0,panchayat_member,19.986462,73.851829,Maharashtra
NASHIK,Nashik,Nashik,Malegaon,maletarf81,goat,fmd,Foot-and-Mouth Disease,2025-02-24,0,0,field_vet,20.000813,73.923082,Maharashtra
NASHIK,Nashik,Nashik,Trimbakeshwar,trimwadi5,sheep,fmd,Foot-and-Mouth Disease,2025-02-24,0,0,panchayat_member,20.090604,73.783087,Maharashtra
NASHIK,Nashik,Nashik,Niphad,niphbudruk36,buffalo,lsd,Lumpy Skin Disease,2025-02-24,0,0,para_vet,19.993411,73.758854,Maharashtra
NASHIK,Nashik,Nashik,Yeola,yeolbudruk89,buffalo,brucellosis,Brucellosis,2025-02-24,0,0,farmer,20.01214,73.884943,Maharashtra
NASHIK,Nashik,Nashik,Malegaon,malebudruk43,poultry,ai_h5n1,Avian Influenza (H5N1),2025-02-24,0,0,farmer,20.065551,73.834944,Maharashtra
KOLHAPUR,Kolhapur,Kolhapur,Panhala,panhnagar53,buffalo,lsd,Lumpy Skin Disease,2025-02-24,0,0,livestock_inspector,16.828367,74.286012,Maharashtra
KOLHAPUR,Kolhapur,Kolhapur,Shirol,shirkhurd39,cattle,brucellosis,Brucellosis,2025-02-24,0,0,para_vet,16.763913,74.30138,Maharashtra
SANGLI,Sangli,Kolhapur,Tasgaon,tasgwadi61,sheep,fmd,Foot-and-Mouth Disease,2025-02-24,0,0,para_vet,16.985452,74.605565,Maharashtra
SANGLI,Sangli,Kolhapur,Tasgaon,tasgpeth12,goat,ppr,Peste des Petits Ruminants,2025-02-24,0,0,livestock_inspector,16.923661,74.708116,Maharashtra
SANGLI,Sangli,Kolhapur,Walwa,walwtarf73,poultry,ai_h5n1,Avian Influenza (H5N1),2025-02-24,0,0,panchayat_member,16.995918,74.566392,Maharashtra
SOLAPUR,Solapur,Pune,Barshi,barspur89,sheep,fmd,Foot-and-Mouth Disease,2025-02-24,0,0,farmer,17.649673,75.918033,Maharashtra
SOLAPUR,Solapur,Pune,Pandharpur,pandwadi15,buffalo,brucellosis,Brucellosis,2025-02-24,0,0,livestock_inspector,17.52622,75.936123,Maharashtra
SOLAPUR,Solapur,Pune,Mangalvedhe,mangwadi67,goat,brucellosis,Brucellosis,2025-02-24,0,0,farmer,17.646178,75.877033,Maharashtra
NAGPUR,Nagpur,Nagpur,Kamptee,kamppeth8,sheep,ppr,Peste des Petits Ruminants,2025-02-24,0,0,para_vet,21.29408,79.064584,Maharashtra
NAGPUR,Nagpur,Nagpur,Hingna,hingwadi95,goat,brucellosis,Brucellosis,2025-02-24,0,0,field_vet,21.238952,79.217334,Maharashtra
LATUR,Latur,Aurangabad,Nilanga,nilapeth47,cattle,fmd,Foot-and-Mouth Disease,2025-02-24,0,0,para_vet,18.261486,76.575796,Maharashtra
LATUR,Latur,Aurangabad,Renapur,renapur98,sheep,fmd,Foot-and-Mouth Disease,2025-02-24,0,0,field_vet,18.271409,76.516858,Maharashtra
LATUR,Latur,Aurangabad,Shirur Anantpal,shirpur16,goat,ppr,Peste des Petits Ruminants,2025-02-24,0,0,field_vet,18.521083,76.581387,Maharashtra
LATUR,Latur,Aurangabad,Chakur,chakwadi49,cattle,brucellosis,Brucellosis,2025-02-24,0,0,livestock_inspector,18.500839,76.591696,Maharashtra
LATUR,Latur,Aurangabad,Ausa,ausapur48,buffalo,brucellosis,Brucellosis,2025-02-24,0,0,panchayat_member,18.351924,76.655379,Maharashtra
JALGAON,Jalgaon,Nashik,Chopda,chopwadi1,poultry,ai_h5n1,Avian Influenza (H5N1),2025-02-24,0,0,farmer,20.944578,75.427501,Maharashtra
PUNE,Pune,Pune,Velhe,velhpeth42,sheep,fmd,Foot-and-Mouth Disease,2025-03-03,0,0,para_vet,18.64074,73.959785,Maharashtra
PUNE,Pune,Pune,Junnar,junnnagar17,buffalo,brucellosis,Brucellosis,2025-03-03,0,0,panchayat_member,18.65245,73.954885,Maharashtra
PUNE,Pune,Pune,Indapur,indatarf32,poultry,ai_h5n1,Avian Influenza (H5N1),2025-03-03,0,0,farmer,18.504971,73.829247,Maharashtra
AHMEDNAGAR,Ahmednagar,Nashik,Parner,parnbudruk1,cattle,fmd,Foot-and-Mouth Disease,2025-03-03,0,0,field_vet,19.019173,74.879813,Maharashtra
AHMEDNAGAR,Ahmednagar,Nashik,Shrirampur,shrigaon85,buffalo,fmd,Foot-and-Mouth Disease,2025-03-03,0,0,para_vet,19.089449,74.783602,Maharashtra
AHMEDNAGAR,Ahmednagar,Nashik,Shrirampur,shrigaon64,goat,fmd,Foot-and-Mouth Disease,2025-03-03,0,0,field_vet,18.963433,74.723713,Maharashtra
AHMEDNAGAR,Ahmednagar,Nashik,Rahuri,rahupur89,sheep,fmd,Foot-and-Mouth Disease,2025-03-03,0,0,field_vet,19.194798,74.821263,Maharashtra
AHMEDNAGAR,Ahmednagar,Nashik,Kopargaon,kopawadi25,cattle,lsd,Lumpy Skin Disease,2025-03-03,0,0,field_vet,19.164329,74.84111,Maharashtra
AHMEDNAGAR,Ahmednagar,Nashik,Pathardi,pathnagar17,goat,ppr,Peste des Petits Ruminants,2025-03-03,0,0,para_vet,19.039364,74.617707,Maharashtra
AHMEDNAGAR,Ahmednagar,Nashik,Sangamner,sangnagar25,poultry,ai_h5n1,Avian Influenza (H5N1),2025-03-03,0,0,field_vet,18.955912,74.842183,Maharashtra
NASHIK,Nashik,Nashik,Igatpuri,igatwadi92,cattle,lsd,Lumpy Skin Disease,2025-03-03,0,0,field_vet,19.95198,73.733527,Maharashtra
NASHIK,Nashik,Nashik,Niphad,niphwadi88,goat,ppr,Peste des Petits Ruminants,2025-03-03,0,0,para_vet,20.03287,73.758097,Maharashtra
NASHIK,Nashik,Nashik,Yeola,yeoltarf12,goat,brucellosis,Brucellosis,2025-03-03,0,0,livestock_inspector,19.941045,73.771199,Maharashtra
KOLHAPUR,Kolhapur,Kolhapur,Gaganbawada,gagawadi98,buffalo,fmd,Foot-and-Mouth Disease,2025-03-03,0,0,livestock_inspector,16.701215,74.244977,Maharashtra
KOLHAPUR,Kolhapur,Kolhapur,Radhanagari,radhgaon77,goat,fmd,Foot-and-Mouth Disease,2025-03-03,0,0,panchayat_member,16.582797,74.345029,Maharashtra
KOLHAPUR,Kolhapur,Kolhapur,Shirol,shirnagar13,cattle,lsd,Lumpy Skin Disease,2025-03-03,0,0,farmer,16.655586,74.176003,Maharashtra
KOLHAPUR,Kolhapur,Kolhapur,Shirol,shirkhurd24,buffalo,lsd,Lumpy Skin Disease,2025-03-03,0,0,farmer,16.588432,74.290159,Maharashtra
KOLHAPUR,Kolhapur,Kolhapur,Karveer,karvtarf29,goat,ppr,Peste des Petits Ruminants,2025-03-03,0,0,panchayat_member,16.826495,74.296736,Maharashtra
KOLHAPUR,Kolhapur,Kolhapur,Radhanagari,radhkhurd11,buffalo,brucellosis,Brucellosis,2025-03-03,0,0,livestock_inspector,16.780215,74.180083,Maharashtra
SANGLI,Sangli,Kolhapur,Shirala,shirkhurd56,buffalo,lsd,Lumpy Skin Disease,2025-03-03,0,0,farmer,16.813689,74.47028,Maharashtra
SANGLI,Sangli,Kolhapur,Tasgaon,tasgwadi76,sheep,ppr,Peste des Petits Ruminants,2025-03-03,0,0,farmer,16.998931,74.449111,Maharashtra
SANGLI,Sangli,Kolhapur,Miraj,mirapur51,goat,brucellosis,Brucellosis,2025-03-03,0,0,farmer,16.717262,74.646482,Maharashtra
SOLAPUR,Solapur,Pune,Karmala,karmtarf29,goat,fmd,Foot-and-Mouth Disease,2025-03-03,0,0,panchayat_member,17.537069,75.923631,Maharashtra
SOLAPUR,Solapur,Pune,Mangalvedhe,mangpeth7,goat,ppr,Peste des Petits Ruminants,2025-03-03,0,0,field_vet,17.719723,75.870366,Maharashtra
SOLAPUR,Solapur,Pune,Pandharpur,pandpur40,sheep,ppr,Peste des Petits Ruminants,2025-03-03,0,0,panchayat_member,17.636817,75.890693,Maharashtra
SOLAPUR,Solapur,Pune,Barshi,barsgaon57,goat,brucellosis,Brucellosis,2025-03-03,0,0,para_vet,17.713717,75.946843,Maharashtra
SOLAPUR,Solapur,Pune,Pandharpur,pandwadi45,poultry,ai_h5n1,Avian Influenza (H5N1),2025-03-03,0,0,panchayat_member,17.641911,75.774952,Maharashtra
NAGPUR,Nagpur,Nagpur,Umred,umrenagar56,cattle,lsd,Lumpy Skin Disease,2025-03-03,0,0,field_vet,21.250084,79.059585,Maharashtra
NAGPUR,Nagpur,Nagpur,Umred,umrepeth51,goat,ppr,Peste des Petits Ruminants,2025-03-03,0,0,panchayat_member,21.282254,79.050477,Maharashtra
NAGPUR,Nagpur,Nagpur,Saoner,saonkhurd1,cattle,brucellosis,Brucellosis,2025-03-03,0,0,farmer,21.164899,78.987383,Maharashtra
NAGPUR,Nagpur,Nagpur,Hingna,hingpur89,buffalo,brucellosis,Brucellosis,2025-03-03,0,0,panchayat_member,21.205381,79.00201,Maharashtra
NAGPUR,Nagpur,Nagpur,Hingna,hingpur42,goat,brucellosis,Brucellosis,2025-03-03,0,0,para_vet,21.224726,79.182843,Maharashtra
LATUR,Latur,Aurangabad,Deoni,deontarf84,buffalo,fmd,Foot-and-Mouth Disease,2025-03-03,0,0,para_vet,18.27282,76.48189,Maharashtra
LATUR,Latur,Aurangabad,Shirur Anantpal,shirkhurd30,goat,fmd,Foot-and-Mouth Disease,2025-03-03,0,0,para_vet,18.41368,76.498401,Maharashtra
LATUR,Latur,Aurangabad,Renapur,renatarf17,buffalo,lsd,Lumpy Skin Disease,2025-03-03,0,0,livestock_inspector,18.276074,76.688194,Maharashtra
LATUR,Latur,Aurangabad,Chakur,chakpur17,cattle,brucellosis,Brucellosis,2025-03-03,0,0,livestock_inspector,18.39362,76.550459,Maharashtra
LATUR,Latur,Aurangabad,Chakur,chakwadi57,goat,brucellosis,Brucellosis,2025-03-03,0,0,farmer,18.321001,76.518852,Maharashtra
JALGAON,Jalgaon,Nashik,Bhusawal,bhuswadi82,cattle,fmd,Foot-and-Mouth Disease,2025-03-03,0,0,livestock_inspector,21.095026,75.501853,Maharashtra
JALGAON,Jalgaon,Nashik,Bhusawal,bhusnagar61,buffalo,fmd,Foot-and-Mouth Disease,2025-03-03,0,0,field_vet,21.009602,75.541008,Maharashtra
JALGAON,Jalgaon,Nashik,Erandol,erankhurd66,sheep,fmd,Foot-and-Mouth Disease,2025-03-03,0,0,field_vet,21.047988,75.650758,Maharashtra
JALGAON,Jalgaon,Nashik,Yawal,yawakhurd19,goat,brucellosis,Brucellosis,2025-03-03,0,0,livestock_inspector,21.090223,75.543556,Maharashtra
JALGAON,Jalgaon,Nashik,Pachora,pachbudruk49,poultry,ai_h5n1,Avian Influenza (H5N1),2025-03-03,0,0,farmer,20.896929,75.459685,Maharashtra
PUNE,Pune,Pune,Mulshi,mulstarf79,cattle,fmd,Foot-and-Mouth Disease,2025-03-10,0,0,field_vet,18.539115,73.80853,Maharashtra
PUNE,Pune,Pune,Indapur,indanagar95,buffalo,fmd,Foot-and-Mouth Disease,2025-03-10,0,0,para_vet,18.411641,73.764633,Maharashtra
PUNE,Pune,Pune,Baramati,barapeth96,sheep,fmd,Foot-and-Mouth Disease,2025-03-10,0,0,panchayat_member,18.579225,73.725964,Maharashtra
PUNE,Pune,Pune,Indapur,indawadi43,cattle,lsd,Lumpy Skin Disease,2025-03-10,0,0,panchayat_member,18.662159,73.793737,Maharashtra
PUNE,Pune,Pune,Haveli,havepeth20,goat,brucellosis,Brucellosis,2025-03-10,0,0,para_vet,18.488891,73.742499,Maharashtra
AHMEDNAGAR,Ahmednagar,Nashik,Pathardi,pathwadi46,goat,ppr,Peste des Petits Ruminants,2025-03-10,0,0,farmer,19.069217,74.70387,Maharashtra
AHMEDNAGAR,Ahmednagar,Nashik,Parner,parnkhurd41,goat,brucellosis,Brucellosis,2025-03-10,0,0,livestock_inspector,19.204979,74.817057,Maharashtra
NASHIK,Nashik,Nashik,Malegaon,maletarf94,buffalo,fmd,Foot-and-Mouth Disease,2025-03-10,0,0,farmer,20.018467,73.860765,Maharashtra
NASHIK,Nashik,Nashik,Trimbakeshwar,trimwadi75,goat,fmd,Foot-and-Mouth Disease,2025-03-10,0,0,livestock_inspector,20.047691,73.887102,Maharashtra
NASHIK,Nashik,Nashik,Sinnar,sinnbudruk68,buffalo,lsd,Lumpy Skin Disease,2025-03-10,0,0,farmer,19.945947,73.914312,Maharashtra
NASHIK,Nashik,Nashik,Trimbakeshwar,trimpeth82,sheep,ppr,Peste des Petits Ruminants,2025-03-10,0,0,para_vet,20.028211,73.843049,Maharashtra
NASHIK,Nashik,Nashik,Sinnar,sinnwadi22,cattle,brucellosis,Brucellosis,2025-03-10,0,0,panchayat_member,19.931592,73.684142,Maharashtra
NASHIK,Nashik,Nashik,Niphad,niphbudruk79,goat,brucellosis,Brucellosis,2025-03-10,0,0,farmer,19.996893,73.893315,Maharashtra
KOLHAPUR,Kolhapur,Kolhapur,Shirol,shirwadi95,goat,ppr,Peste des Petits Ruminants,2025-03-10,0,0,field_vet,16.771771,74.206323,Maharashtra
KOLHAPUR,Kolhapur,Kolhapur,Karveer,karvgaon60,goat,brucellosis,Brucellosis,2025-03-10,0,0,panchayat_member,16.705196,74.18177,Maharashtra
SANGLI,Sangli,Kolhapur,Shirala,shirpur31,cattle,fmd,Foot-and-Mouth Disease,2025-03-10,0,0,para_vet,16.84045,74.474824,Maharashtra
SANGLI,Sangli,Kolhapur,Kadegaon,kadebudruk60,buffalo,lsd,Lumpy Skin Disease,2025-03-10,0,0,livestock_inspector,16.876677,74.64248,Maharashtra
SANGLI,Sangli,Kolhapur,Kadegaon,kadegaon70,goat,ppr,Peste des Petits Ruminants,2025-03-10,0,0,panchayat_member,16.889695,74.443437,Maharashtra
SANGLI,Sangli,Kolhapur,Kadegaon,kadepeth53,goat,brucellosis,Brucellosis,2025-03-10,0,0,para_vet,16.859937,74.689873,Maharashtra
SOLAPUR,Solapur,Pune,Mangalvedhe,mangnagar84,goat,fmd,Foot-and-Mouth Disease,2025-03-10,0,0,farmer,17.663123,75.796545,Maharashtra
SOLAPUR,Solapur,Pune,Barshi,barswadi59,cattle,lsd,Lumpy Skin Disease,2025-03-10,0,0,panchayat_member,17.549487,75.900714,Maharashtra
NAGPUR,Nagpur,Nagpur,Kamptee,kampbudruk48,cattle,lsd,Lumpy Skin Disease,2025-03-10,0,0,panchayat_member,21.157018,78.969601,Maharashtra
NAGPUR,Nagpur,Nagpur,Umred,umrebudruk81,poultry,ai_h5n1,Avian Influenza (H5N1),2025-03-10,0,0,field_vet,21.102948,79.091913,Maharashtra
LATUR,Latur,Aurangabad,Nilanga,nilatarf62,goat,fmd,Foot-and-Mouth Disease,2025-03-10,0,0,para_vet,18.486315,76.56221,Maharashtra
LATUR,Latur,Aurangabad,Chakur,chakkhurd91,buffalo,lsd,Lumpy Skin Disease,2025-03-10,0,0,farmer,18.299812,76.65936,Maharashtra
LATUR,Latur,Aurangabad,Nilanga,nilakhurd23,goat,ppr,Peste des Petits Ruminants,2025-03-10,0,0,field_vet,18.285941,76.666761,Maharashtra
LATUR,Latur,Aurangabad,Chakur,chakkhurd39,cattle,brucellosis,Brucellosis,2025-03-10,0,0,field_vet,18.497213,76.664368,Maharashtra
LATUR,Latur,Aurangabad,Deoni,deonpeth35,goat,brucellosis,Brucellosis,2025-03-10,0,0,panchayat_member,18.293271,76.429493,Maharashtra
LATUR,Latur,Aurangabad,Nilanga,nilagaon66,poultry,ai_h5n1,Avian Influenza (H5N1),2025-03-10,0,0,farmer,18.380147,76.575943,Maharashtra
JALGAON,Jalgaon,Nashik,Erandol,eranpeth37,goat,fmd,Foot-and-Mouth Disease,2025-03-10,0,0,farmer,21.078483,75.451138,Maharashtra
JALGAON,Jalgaon,Nashik,Raver,ravetarf96,buffalo,brucellosis,Brucellosis,2025-03-10,0,0,livestock_inspector,21.132281,75.495965,Maharashtra
JALGAON,Jalgaon,Nashik,Bhusawal,bhuskhurd35,goat,brucellosis,Brucellosis,2025-03-10,0,0,panchayat_member,21.034215,75.424485,Maharashtra
PUNE,Pune,Pune,Haveli,havepur28,goat,fmd,Foot-and-Mouth Disease,2025-03-17,0,0,para_vet,18.603459,73.811839,Maharashtra
PUNE,Pune,Pune,Baramati,barakhurd63,cattle,lsd,Lumpy Skin Disease,2025-03-17,0,0,para_vet,18.484283,73.726645,Maharashtra
PUNE,Pune,Pune,Ambegaon,ambewadi23,cattle,brucellosis,Brucellosis,2025-03-17,0,0,field_vet,18.473383,73.925282,Maharashtra
AHMEDNAGAR,Ahmednagar,Nashik,Sangamner,sangbudruk49,cattle,fmd,Foot-and-Mouth Disease,2025-03-17,0,0,farmer,19.056937,74.742661,Maharashtra
AHMEDNAGAR,Ahmednagar,Nashik,Pathardi,pathwadi38,sheep,fmd,Foot-and-Mouth Disease,2025-03-17,0,0,farmer,19.119749,74.683624,Maharashtra
AHMEDNAGAR,Ahmednagar,Nashik,Nevasa,nevatarf65,cattle,lsd,Lumpy Skin Disease,2025-03-17,0,0,farmer,18.962732,74.814926,Maharashtra
AHMEDNAGAR,Ahmednagar,Nashik,Shrirampur,shrigaon42,buffalo,lsd,Lumpy Skin Disease,2025-03-17,0,0,farmer,19.226296,74.673051,Maharashtra
NASHIK,Nashik,Nashik,Sinnar,sinnwadi7,cattle,fmd,Foot-and-Mouth Disease,2025-03-17,0,0,para_vet,19.914871,73.695506,Maharashtra
NASHIK,Nashik,Nashik,Trimbakeshwar,trimpur4,sheep,fmd,Foot-and-Mouth Disease,2025-03-17,0,0,livestock_inspector,19.978957,73.651,Maharashtra
NASHIK,Nashik,Nashik,Malegaon,malenagar55,cattle,lsd,Lumpy Skin Disease,2025-03-17,0,0,para_vet,19.918042,73.862057,Maharashtra
NASHIK,Nashik,Nashik,Dindori,dindwadi41,buffalo,lsd,Lumpy Skin Disease,2025-03-17,0,0,para_vet,20.117018,73.816132,Maharashtra
NASHIK,Nashik,Nashik,Yeola,yeolwadi10,goat,ppr,Peste des Petits Ruminants,2025-03-17,0,0,farmer,20.083749,73.716808,Maharashtra
NASHIK,Nashik,Nashik,Igatpuri,igatpur47,sheep,ppr,Peste des Petits Ruminants,2025-03-17,0,0,para_vet,20.011407,73.926607,Maharashtra
NASHIK,Nashik,Nashik,Sinnar,sinnnagar1,goat,brucellosis,Brucellosis,2025-03-17,0,0,para_vet,19.935413,73.7936,Maharashtra
KOLHAPUR,Kolhapur,Kolhapur,Shirol,shirkhurd46,goat,fmd,Foot-and-Mouth Disease,2025-03-17,0,0,livestock_inspector,16.805452,74.120935,Maharashtra
KOLHAPUR,Kolhapur,Kolhapur,Shirol,shirbudruk98,cattle,brucellosis,Brucellosis,2025-03-17,0,0,livestock_inspector,16.685291,74.188634,Maharashtra
KOLHAPUR,Kolhapur,Kolhapur,Hatkanangle,hatkkhurd91,poultry,ai_h5n1,Avian Influenza (H5N1),2025-03-17,0,0,livestock_inspector,16.703156,74.271017,Maharashtra
SANGLI,Sangli,Kolhapur,Jath,jathkhurd42,buffalo,fmd,Foot-and-Mouth Disease,2025-03-17,0,0,field_vet,16.766151,74.629305,Maharashtra
SANGLI,Sangli,Kolhapur,Shirala,shirkhurd89,goat,ppr,Peste des Petits Ruminants,2025-03-17,0,0,livestock_inspector,16.728915,74.504953,Maharashtra
SANGLI,Sangli,Kolhapur,Miraj,mirapeth89,sheep,ppr,Peste des Petits Ruminants,2025-03-17,0,0,para_vet,16.934905,74.66348,Maharashtra
SANGLI,Sangli,Kolhapur,Walwa,walwnagar26,goat,brucellosis,Brucellosis,2025-03-17,0,0,panchayat_member,16.932864,74.666399,Maharashtra
SOLAPUR,Solapur,Pune,Pandharpur,pandgaon22,cattle,brucellosis,Brucellosis,2025-03-17,0,0,field_vet,17.74548,75.927766,Maharashtra
SOLAPUR,Solapur,Pune,Mangalvedhe,mangbudruk94,buffalo,brucellosis,Brucellosis,2025-03-17,0,0,panchayat_member,17.520066,75.982705,Maharashtra
NAGPUR,Nagpur,Nagpur,Kamptee,kampgaon56,buffalo,fmd,Foot-and-Mouth Disease,2025-03-17,0,0,livestock_inspector,21.175949,78.949509,Maharashtra
NAGPUR,Nagpur,Nagpur,Narkhed,narkwadi32,sheep,ppr,Peste des Petits Ruminants,2025-03-17,0,0,field_vet,21.039114,79.224632,Maharashtra
NAGPUR,Nagpur,Nagpur,Saoner,saonkhurd10,buffalo,brucellosis,Brucellosis,2025-03-17,0,0,livestock_inspector,21.014215,79.081617,Maharashtra
NAGPUR,Nagpur,Nagpur,Narkhed,narknagar8,goat,brucellosis,Brucellosis,2025-03-17,0,0,farmer,21.092978,79.082366,Maharashtra
LATUR,Latur,Aurangabad,Ausa,ausapur69,sheep,fmd,Foot-and-Mouth Disease,2025-03-17,0,0,livestock_inspector,18.514125,76.500122,Maharashtra
LATUR,Latur,Aurangabad,Ausa,ausawadi82,goat,ppr,Peste des Petits Ruminants,2025-03-17,0,0,livestock_inspector,18.3493,76.701588,Maharashtra
LATUR,Latur,Aurangabad,Ausa,ausagaon91,cattle,brucellosis,Brucellosis,2025-03-17,0,0,para_vet,18.28352,76.511055,Maharashtra
LATUR,Latur,Aurangabad,Deoni,deonpeth95,poultry,ai_h5n1,Avian Influenza (H5N1),2025-03-17,0,0,field_vet,18.526826,76.411005,Maharashtra
JALGAON,Jalgaon,Nashik,Pachora,pachkhurd8,goat,fmd,Foot-and-Mouth Disease,2025-03-17,0,0,farmer,20.968473,75.589854,Maharashtra
JALGAON,Jalgaon,Nashik,Bhusawal,bhustarf52,goat,ppr,Peste des Petits Ruminants,2025-03-17,0,0,field_vet,20.865467,75.527434,Maharashtra
JALGAON,Jalgaon,Nashik,Yawal,yawabudruk15,sheep,ppr,Peste des Petits Ruminants,2025-03-17,0,0,para_vet,20.859228,75.658124,Maharashtra
JALGAON,Jalgaon,Nashik,Bhusawal,bhuspeth14,cattle,brucellosis,Brucellosis,2025-03-17,0,0,farmer,20.858729,75.604051,Maharashtra
JALGAON,Jalgaon,Nashik,Raver,ravewadi61,goat,brucellosis,Brucellosis,2025-03-17,0,0,livestock_inspector,20.90825,75.563051,Maharashtra
PUNE,Pune,Pune,Junnar,junnpeth78,sheep,fmd,Foot-and-Mouth Disease,2025-03-24,0,0,farmer,18.438852,73.973672,Maharashtra
PUNE,Pune,Pune,Junnar,junngaon80,goat,brucellosis,Brucellosis,2025-03-24,0,0,field_vet,18.64341,73.920389,Maharashtra
AHMEDNAGAR,Ahmednagar,Nashik,Pathardi,pathbudruk37,cattle,fmd,Foot-and-Mouth Disease,2025-03-24,0,0,livestock_inspector,19.111501,74.83796,Maharashtra
AHMEDNAGAR,Ahmednagar,Nashik,Rahuri,rahupur11,buffalo,fmd,Foot-and-Mouth Disease,2025-03-24,0,0,panchayat_member,19.14704,74.875902,Maharashtra
AHMEDNAGAR,Ahmednagar,Nashik,Parner,parnpeth33,cattle,lsd,Lumpy Skin Disease,2025-03-24,0,0,para_vet,19.191406,74.718749,Maharashtra
AHMEDNAGAR,Ahmednagar,Nashik,Shrirampur,shrinagar2,buffalo,brucellosis,Brucellosis,2025-03-24,0,0,livestock_inspector,18.964803,74.612541,Maharashtra
NASHIK,Nashik,Nashik,Niphad,niphwadi18,cattle,fmd,Foot-and-Mouth Disease,2025-03-24,0,0,field_vet,19.922286,73.646149,Maharashtra
NASHIK,Nashik,Nashik,Yeola,yeolpur33,cattle,lsd,Lumpy Skin Disease,2025-03-24,0,0,para_vet,19.920078,73.793685,Maharashtra
NASHIK,Nashik,Nashik,Sinnar,sinnnagar2,cattle,brucellosis,Brucellosis,2025-03-24,0,0,para_vet,19.939565,73.750677,Maharashtra
NASHIK,Nashik,Nashik,Yeola,yeolpur80,buffalo,brucellosis,Brucellosis,2025-03-24,0,0,field_vet,20.058997,73.727335,Maharashtra
NASHIK,Nashik,Nashik,Dindori,dindpur78,poultry,ai_h5n1,Avian Influenza (H5N1),2025-03-24,0,0,livestock_inspector,19.973993,73.911446,Maharashtra
KOLHAPUR,Kolhapur,Kolhapur,Panhala,panhpur17,cattle,fmd,Foot-and-Mouth Disease,2025-03-24,0,0,farmer,16.645611,74.215481,Maharashtra
KOLHAPUR,Kolhapur,Kolhapur,Panhala,panhpur46,sheep,fmd,Foot-and-Mouth Disease,2025-03-24,0,0,farmer,16.846353,74.129633,Maharashtra
KOLHAPUR,Kolhapur,Kolhapur,Karveer,karvwadi14,buffalo,lsd,Lumpy Skin Disease,2025-03-24,0,0,panchayat_member,16.626808,74.166356,Maharashtra
KOLHAPUR,Kolhapur,Kolhapur,Karveer,karvwadi24,goat,ppr,Peste des Petits Ruminants,2025-03-24,0,0,panchayat_member,16.749409,74.222386,Maharashtra
KOLHAPUR,Kolhapur,Kolhapur,Shirol,shirpur30,buffalo,brucellosis,Brucellosis,2025-03-24,0,0,farmer,16.640696,74.327191,Maharashtra
SANGLI,Sangli,Kolhapur,Tasgaon,tasgpeth83,cattle,lsd,Lumpy Skin Disease,2025-03-24,0,0,livestock_inspector,16.722469,74.439451,Maharashtra
SANGLI,Sangli,Kolhapur,Jath,jathgaon51,sheep,ppr,Peste des Petits Ruminants,2025-03-24,0,0,livestock_inspector,16.890219,74.635426,Maharashtra
SANGLI,Sangli,Kolhapur,Tasgaon,tasgpur20,cattle,brucellosis,Brucellosis,2025-03-24,0,0,para_vet,16.907587,74.468431,Maharashtra
SANGLI,Sangli,Kolhapur,Tasgaon,tasgbudruk25,poultry,ai_h5n1,Avian Influenza (H5N1),2025-03-24,0,0,farmer,16.714413,74.713188,Maharashtra
SOLAPUR,Solapur,Pune,Pandharpur,pandkhurd88,cattle,lsd,Lumpy Skin Disease,2025-03-24,0,0,livestock_inspector,17.63372,75.927437,Maharashtra
SOLAPUR,Solapur,Pune,Mangalvedhe,mangpur6,buffalo,lsd,Lumpy Skin Disease,2025-03-24,0,0,farmer,17.539409,75.838837,Maharashtra
NAGPUR,Nagpur,Nagpur,Kamptee,kampnagar75,goat,fmd,Foot-and-Mouth Disease,2025-03-24,0,0,para_vet,21.287008,79.063842,Maharashtra
NAGPUR,Nagpur,Nagpur,Hingna,hingtarf90,buffalo,lsd,Lumpy Skin Disease,2025-03-24,0,0,farmer,21.179967,79.113492,Maharashtra
NAGPUR,Nagpur,Nagpur,Kamptee,kampbudruk56,goat,ppr,Peste des Petits Ruminants,2025-03-24,0,0,field_vet,21.26611,78.994014,Maharashtra
LATUR,Latur,Aurangabad,Ausa,ausabudruk41,goat,fmd,Foot-and-Mouth Disease,2025-03-24,0,0,farmer,18.47413,76.528812,Maharashtra
LATUR,Latur,Aurangabad,Nilanga,nilanagar81,sheep,fmd,Foot-and-Mouth Disease,2025-03-24,0,0,para_vet,18.460071,76.665011,Maharashtra
LATUR,Latur,Aurangabad,Nilanga,nilapur4,cattle,lsd,Lumpy Skin Disease,2025-03-24,0,0,farmer,18.526202,76.626412,Maharashtra
LATUR,Latur,Aurangabad,Chakur,chakbudruk99,buffalo,lsd,Lumpy Skin Disease,2025-03-24,0,0,panchayat_member,18.319862,76.708255,Maharashtra
LATUR,Latur,Aurangabad,Ausa,ausatarf82,cattle,brucellosis,Brucellosis,2025-03-24,0,0,field_vet,18.440777,76.496212,Maharashtra
LATUR,Latur,Aurangabad,Shirur Anantpal,shirtarf54,buffalo,brucellosis,Brucellosis,2025-03-24,0,0,field_vet,18.429278,76.660583,Maharashtra
JALGAON,Jalgaon,Nashik,Yawal,yawanagar50,buffalo,lsd,Lumpy Skin Disease,2025-03-24,0,0,panchayat_member,20.959679,75.618731,Maharashtra
JALGAON,Jalgaon,Nashik,Chopda,choppeth58,buffalo,brucellosis,Brucellosis,2025-03-24,0,0,panchayat_member,20.936379,75.439963,Maharashtra
PUNE,Pune,Pune,Baramati,baranagar67,cattle,fmd,Foot-and-Mouth Disease,2025-03-31,0,0,livestock_inspector,18.404247,73.877325,Maharashtra
PUNE,Pune,Pune,Mulshi,mulstarf55,cattle,lsd,Lumpy Skin Disease,2025-03-31,0,0,field_vet,18.502319,73.751685,Maharashtra
PUNE,Pune,Pune,Velhe,velhpur37,buffalo,lsd,Lumpy Skin Disease,2025-03-31,0,0,para_vet,18.486769,73.904537,Maharashtra
PUNE,Pune,Pune,Ambegaon,ambebudruk55,goat,ppr,Peste des Petits Ruminants,2025-03-31,0,0,livestock_inspector,18.534816,73.888126,Maharashtra
AHMEDNAGAR,Ahmednagar,Nashik,Parner,parnpeth25,cattle,fmd,Foot-and-Mouth Disease,2025-03-31,0,0,farmer,19.105351,74.767291,Maharashtra
AHMEDNAGAR,Ahmednagar,Nashik,Kopargaon,kopagaon19,goat,ppr,Peste des Petits Ruminants,2025-03-31,0,0,farmer,18.959215,74.640467,Maharashtra
AHMEDNAGAR,Ahmednagar,Nashik,Sangamner,sangpeth28,sheep,ppr,Peste des Petits Ruminants,2025-03-31,0,0,farmer,19.04944,74.795594,Maharashtra
NASHIK,Nashik,Nashik,Malegaon,malebudruk3,buffalo,fmd,Foot-and-Mouth Disease,2025-03-31,0,0,farmer,20.040798,73.749994,Maharashtra
NASHIK,Nashik,Nashik,Dindori,dindgaon43,goat,ppr,Peste des Petits Ruminants,2025-03-31,0,0,livestock_inspector,20.092877,73.816023,Maharashtra
NASHIK,Nashik,Nashik,Yeola,yeolgaon6,sheep,ppr,Peste des Petits Ruminants,2025-03-31,0,0,farmer,19.97539,73.888641,Maharashtra
NASHIK,Nashik,Nashik,Sinnar,sinntarf77,buffalo,brucellosis,Brucellosis,2025-03-31,0,0,livestock_inspector,20.115355,73.915554,Maharashtra
NASHIK,Nashik,Nashik,Niphad,niphnagar61,poultry,ai_h5n1,Avian Influenza (H5N1),2025-03-31,0,0,panchayat_member,19.883687,73.715645,Maharashtra
KOLHAPUR,Kolhapur,Kolhapur,Panhala,panhwadi27,buffalo,fmd,Foot-and-Mouth Disease,2025-03-31,0,0,farmer,16.837723,74.378213,Maharashtra
KOLHAPUR,Kolhapur,Kolhapur,Radhanagari,radhpur3,buffalo,lsd,Lumpy Skin Disease,2025-03-31,0,0,panchayat_member,16.672337,74.108189,Maharashtra
KOLHAPUR,Kolhapur,Kolhapur,Panhala,panhpeth15,sheep,ppr,Peste des Petits Ruminants,2025-03-31,0,0,livestock_inspector,16.841308,74.154175,Maharashtra
KOLHAPUR,Kolhapur,Kolhapur,Gaganbawada,gagakhurd2,buffalo,brucellosis,Brucellosis,2025-03-31,0,0,farmer,16.827122,74.110359,Maharashtra
KOLHAPUR,Kolhapur,Kolhapur,Shirol,shirgaon94,goat,brucellosis,Brucellosis,2025-03-31,0,0,farmer,16.797863,74.186217,Maharashtra
KOLHAPUR,Kolhapur,Kolhapur,Radhanagari,radhkhurd43,poultry,ai_h5n1,Avian Influenza (H5N1),2025-03-31,0,0,field_vet,16.574341,74.256427,Maharashtra
SANGLI,Sangli,Kolhapur,Shirala,shirnagar55,buffalo,fmd,Foot-and-Mouth Disease,2025-03-31,0,0,farmer,16.775132,74.556745,Maharashtra
SANGLI,Sangli,Kolhapur,Tasgaon,tasgnagar67,goat,fmd,Foot-and-Mouth Disease,2025-03-31,0,0,farmer,16.807037,74.726743,Maharashtra
SANGLI,Sangli,Kolhapur,Jath,jathkhurd2,goat,ppr,Peste des Petits Ruminants,2025-03-31,0,0,panchayat_member,16.832195,74.710461,Maharashtra
SANGLI,Sangli,Kolhapur,Tasgaon,tasggaon72,sheep,ppr,Peste des Petits Ruminants,2025-03-31,0,0,panchayat_member,16.998631,74.655599,Maharashtra
SANGLI,Sangli,Kolhapur,Kadegaon,kadekhurd53,poultry,ai_h5n1,Avian Influenza (H5N1),2025-03-31,0,0,para_vet,16.832133,74.589289,Maharashtra
SOLAPUR,Solapur,Pune,Mangalvedhe,mangkhurd41,goat,ppr,Peste des Petits Ruminants,2025-03-31,0,0,panchayat_member,17.670538,75.797074,Maharashtra
SOLAPUR,Solapur,Pune,Madha,madhtarf95,cattle,brucellosis,Brucellosis,2025-03-31,0,0,panchayat_member,17.517291,75.765198,Maharashtra
SOLAPUR,Solapur,Pune,Madha,madhtarf51,poultry,ai_h5n1,Avian Influenza (H5N1),2025-03-31,0,0,field_vet,17.75033,75.916715,Maharashtra
NAGPUR,Nagpur,Nagpur,Kamptee,kamppur44,buffalo,lsd,Lumpy Skin Disease,2025-03-31,0,0,farmer,21.014942,79.090353,Maharashtra
NAGPUR,Nagpur,Nagpur,Kamptee,kampwadi50,cattle,brucellosis,Brucellosis,2025-03-31,0,0,para_vet,21.261731,78.942292,Maharashtra
NAGPUR,Nagpur,Nagpur,Hingna,hingbudruk23,buffalo,brucellosis,Brucellosis,2025-03-31,0,0,livestock_inspector,21.191162,79.065242,Maharashtra
NAGPUR,Nagpur,Nagpur,Saoner,saonpeth89,poultry,ai_h5n1,Avian Influenza (H5N1),2025-03-31,0,0,farmer,21.237828,79.166992,Maharashtra
LATUR,Latur,Aurangabad,Chakur,chakpeth27,buffalo,fmd,Foot-and-Mouth Disease,2025-03-31,0,0,field_vet,18.452582,76.486346,Maharashtra
LATUR,Latur,Aurangabad,Ausa,ausapeth61,cattle,brucellosis,Brucellosis,2025-03-31,0,0,field_vet,18.416157,76.411773,Maharashtra
LATUR,Latur,Aurangabad,Deoni,deonnagar99,buffalo,brucellosis,Brucellosis,2025-03-31,0,0,panchayat_member,18.427056,76.607466,Maharashtra
LATUR,Latur,Aurangabad,Ausa,ausabudruk41,poultry,ai_h5n1,Avian Influenza (H5N1),2025-03-31,0,0,farmer,18.367153,76.626619,Maharashtra
JALGAON,Jalgaon,Nashik,Pachora,pachkhurd73,buffalo,fmd,Foot-and-Mouth Disease,2025-03-31,0,0,farmer,21.066783,75.546651,Maharashtra
JALGAON,Jalgaon,Nashik,Chopda,choppur89,buffalo,lsd,Lumpy Skin Disease,2025-03-31,0,0,farmer,20.947669,75.515649,Maharashtra
JALGAON,Jalgaon,Nashik,Chopda,choppur60,goat,ppr,Peste des Petits Ruminants,2025-03-31,0,0,panchayat_member,20.937147,75.617734,Maharashtra
JALGAON,Jalgaon,Nashik,Erandol,erantarf25,sheep,ppr,Peste des Petits Ruminants,2025-03-31,0,0,farmer,21.096946,75.630065,Maharashtra
JALGAON,Jalgaon,Nashik,Raver,ravenagar46,cattle,brucellosis,Brucellosis,2025-03-31,0,0,para_vet,21.123176,75.657735,Maharashtra
PUNE,Pune,Pune,Bhor,bhorgaon86,goat,ppr,Peste des Petits Ruminants,2025-04-07,0,0,field_vet,18.619537,73.819066,Maharashtra
AHMEDNAGAR,Ahmednagar,Nashik,Pathardi,pathnagar57,sheep,fmd,Foot-and-Mouth Disease,2025-04-07,0,0,para_vet,19.14781,74.627987,Maharashtra
AHMEDNAGAR,Ahmednagar,Nashik,Nevasa,nevatarf12,buffalo,lsd,Lumpy Skin Disease,2025-04-07,0,0,field_vet,19.139864,74.615155,Maharashtra
AHMEDNAGAR,Ahmednagar,Nashik,Pathardi,pathtarf38,buffalo,brucellosis,Brucellosis,2025-04-07,0,0,panchayat_member,18.952085,74.683571,Maharashtra
NASHIK,Nashik,Nashik,Niphad,niphpeth62,cattle,fmd,Foot-and-Mouth Disease,2025-04-07,0,0,farmer,20.059761,73.672161,Maharashtra
NASHIK,Nashik,Nashik,Trimbakeshwar,trimtarf7,poultry,ai_h5n1,Avian Influenza (H5N1),2025-04-07,0,0,farmer,20.098959,73.693274,Maharashtra
KOLHAPUR,Kolhapur,Kolhapur,Hatkanangle,hatktarf8,buffalo,fmd,Foot-and-Mouth Disease,2025-04-07,0,0,para_vet,16.733334,74.2442,Maharashtra
KOLHAPUR,Kolhapur,Kolhapur,Gaganbawada,gagakhurd35,goat,fmd,Foot-and-Mouth Disease,2025-04-07,0,0,livestock_inspector,16.760453,74.231071,Maharashtra
KOLHAPUR,Kolhapur,Kolhapur,Panhala,panhpur58,cattle,lsd,Lumpy Skin Disease,2025-04-07,0,0,para_vet,16.576501,74.354704,Maharashtra
KOLHAPUR,Kolhapur,Kolhapur,Karveer,karvgaon70,buffalo,lsd,Lumpy Skin Disease,2025-04-07,0,0,field_vet,16.602905,74.094177,Maharashtra
KOLHAPUR,Kolhapur,Kolhapur,Gaganbawada,gagakhurd88,goat,ppr,Peste des Petits Ruminants,2025-04-07,0,0,farmer,16.819445,74.294936,Maharashtra
SANGLI,Sangli,Kolhapur,Miraj,miragaon80,cattle,lsd,Lumpy Skin Disease,2025-04-07,0,0,field_vet,16.941964,74.52268,Maharashtra
SANGLI,Sangli,Kolhapur,Shirala,shirgaon89,sheep,ppr,Peste des Petits Ruminants,2025-04-07,0,0,panchayat_member,16.852543,74.656525,Maharashtra
SOLAPUR,Solapur,Pune,Akkalkot,akkabudruk86,cattle,fmd,Foot-and-Mouth Disease,2025-04-07,0,0,livestock_inspector,17.798324,75.846978,Maharashtra
SOLAPUR,Solapur,Pune,Pandharpur,pandkhurd94,buffalo,fmd,Foot-and-Mouth Disease,2025-04-07,0,0,para_vet,17.510155,76.041828,Maharashtra
SOLAPUR,Solapur,Pune,Akkalkot,akkagaon48,goat,fmd,Foot-and-Mouth Disease,2025-04-07,0,0,para_vet,17.598556,75.824429,Maharashtra
SOLAPUR,Solapur,Pune,Karmala,karmnagar69,cattle,lsd,Lumpy Skin Disease,2025-04-07,0,0,panchayat_member,17.62615,75.909554,Maharashtra
SOLAPUR,Solapur,Pune,Akkalkot,akkakhurd52,goat,ppr,Peste des Petits Ruminants,2025-04-07,0,0,para_vet,17.716929,75.780027,Maharashtra
SOLAPUR,Solapur,Pune,Mangalvedhe,mangpeth22,poultry,ai_h5n1,Avian Influenza (H5N1),2025-04-07,0,0,para_vet,17.663969,75.84063,Maharashtra
NAGPUR,Nagpur,Nagpur,Narkhed,narkpeth37,sheep,fmd,Foot-and-Mouth Disease,2025-04-07,0,0,panchayat_member,21.18009,79.125485,Maharashtra
NAGPUR,Nagpur,Nagpur,Saoner,saonnagar43,cattle,lsd,Lumpy Skin Disease,2025-04-07,0,0,livestock_inspector,21.102584,79.159531,Maharashtra
NAGPUR,Nagpur,Nagpur,Kamptee,kampnagar10,buffalo,lsd,Lumpy Skin Disease,2025-04-07,0,0,livestock_inspector,21.059178,79.178437,Maharashtra
NAGPUR,Nagpur,Nagpur,Katol,katokhurd13,goat,ppr,Peste des Petits Ruminants,2025-04-07,0,0,para_vet,21.174713,79.232521,Maharashtra
NAGPUR,Nagpur,Nagpur,Narkhed,narkpur90,poultry,ai_h5n1,Avian Influenza (H5N1),2025-04-07,0,0,farmer,21.029949,79.000354,Maharashtra
LATUR,Latur,Aurangabad,Deoni,deonpur15,cattle,fmd,Foot-and-Mouth Disease,2025-04-07,0,0,livestock_inspector,18.325341,76.705501,Maharashtra
JALGAON,Jalgaon,Nashik,Pachora,pachbudruk46,sheep,fmd,Foot-and-Mouth Disease,2025-04-07,0,0,field_vet,20.887,75.474973,Maharashtra
JALGAON,Jalgaon,Nashik,Chopda,chopkhurd2,cattle,lsd,Lumpy Skin Disease,2025-04-07,0,0,livestock_inspector,21.037045,75.568995,Maharashtra
JALGAON,Jalgaon,Nashik,Bhusawal,bhuswadi72,sheep,ppr,Peste des Petits Ruminants,2025-04-07,0,0,panchayat_member,21.039306,75.465353,Maharashtra
JALGAON,Jalgaon,Nashik,Erandol,eranpeth4,goat,brucellosis,Brucellosis,2025-04-07,0,0,livestock_inspector,21.065423,75.448907,Maharashtra
PUNE,Pune,Pune,Junnar,junngaon89,cattle,fmd,Foot-and-Mouth Disease,2025-04-14,0,0,panchayat_member,18.527963,73.944274,Maharashtra
PUNE,Pune,Pune,Velhe,velhpur94,buffalo,fmd,Foot-and-Mouth Disease,2025-04-14,0,0,para_vet,18.500564,73.799262,Maharashtra
PUNE,Pune,Pune,Bhor,bhorbudruk98,goat,fmd,Foot-and-Mouth Disease,2025-04-14,0,0,panchayat_member,18.632185,73.787925,Maharashtra
PUNE,Pune,Pune,Junnar,junnkhurd97,sheep,fmd,Foot-and-Mouth Disease,2025-04-14,0,0,field_vet,18.372597,73.886977,Maharashtra
PUNE,Pune,Pune,Indapur,indatarf25,goat,ppr,Peste des Petits Ruminants,2025-04-14,0,0,panchayat_member,18.532146,73.918704,Maharashtra
PUNE,Pune,Pune,Velhe,velhtarf50,goat,brucellosis,Brucellosis,2025-04-14,0,0,field_vet,18.555351,73.761072,Maharashtra
PUNE,Pune,Pune,Bhor,bhorkhurd62,poultry,ai_h5n1,Avian Influenza (H5N1),2025-04-14,0,0,livestock_inspector,18.583737,73.836535,Maharashtra
AHMEDNAGAR,Ahmednagar,Nashik,Sangamner,sanggaon9,buffalo,fmd,Foot-and-Mouth Disease,2025-04-14,0,0,panchayat_member,19.179531,74.655562,Maharashtra
AHMEDNAGAR,Ahmednagar,Nashik,Rahuri,rahunagar55,sheep,fmd,Foot-and-Mouth Disease,2025-04-14,0,0,para_vet,19.098516,74.654346,Maharashtra
AHMEDNAGAR,Ahmednagar,Nashik,Nevasa,nevapur71,cattle,brucellosis,Brucellosis,2025-04-14,0,0,field_vet,19.047858,74.73293,Maharashtra
AHMEDNAGAR,Ahmednagar,Nashik,Parner,parntarf21,buffalo,brucellosis,Brucellosis,2025-04-14,0,0,panchayat_member,19.13488,74.878784,Maharashtra
AHMEDNAGAR,Ahmednagar,Nashik,Kopargaon,kopanagar37,poultry,ai_h5n1,Avian Influenza (H5N1),2025-04-14,0,0,field_vet,19.007659,74.778282,Maharashtra
NASHIK,Nashik,Nashik,Niphad,niphkhurd1,cattle,fmd,Foot-and-Mouth Disease,2025-04-14,0,0,farmer,20.084907,73.879451,Maharashtra
NASHIK,Nashik,Nashik,Yeola,yeolgaon59,cattle,lsd,Lumpy Skin Disease,2025-04-14,0,0,farmer,20.117955,73.899961,Maharashtra
NASHIK,Nashik,Nashik,Niphad,niphbudruk92,goat,ppr,Peste des Petits Ruminants,2025-04-14,0,0,livestock_inspector,19.887089,73.757657,Maharashtra
KOLHAPUR,Kolhapur,Kolhapur,Hatkanangle,hatknagar53,buffalo,fmd,Foot-and-Mouth Disease,2025-04-14,0,0,panchayat_member,16.792296,74.162098,Maharashtra
KOLHAPUR,Kolhapur,Kolhapur,Panhala,panhnagar10,goat,fmd,Foot-and-Mouth Disease,2025-04-14,0,0,livestock_inspector,16.804432,74.254418,Maharashtra
KOLHAPUR,Kolhapur,Kolhapur,Shirol,shirkhurd42,buffalo,brucellosis,Brucellosis,2025-04-14,0,0,panchayat_member,16.660238,74.098984,Maharashtra
KOLHAPUR,Kolhapur,Kolhapur,Gaganbawada,gagakhurd1,poultry,ai_h5n1,Avian Influenza (H5N1),2025-04-14,0,0,field_vet,16.74781,74.244415,Maharashtra
SANGLI,Sangli,Kolhapur,Kadegaon,kadebudruk52,sheep,fmd,Foot-and-Mouth Disease,2025-04-14,0,0,panchayat_member,16.936665,74.544756,Maharashtra
SOLAPUR,Solapur,Pune,Pandharpur,pandnagar60,buffalo,lsd,Lumpy Skin Disease,2025-04-14,0,0,field_vet,17.534055,75.935432,Maharashtra
SOLAPUR,Solapur,Pune,Barshi,barsnagar48,cattle,brucellosis,Brucellosis,2025-04-14,0,0,livestock_inspector,17.617021,75.908272,Maharashtra
SOLAPUR,Solapur,Pune,Madha,madhtarf84,buffalo,brucellosis,Brucellosis,2025-04-14,0,0,livestock_inspector,17.619537,75.858987,Maharashtra
NAGPUR,Nagpur,Nagpur,Hingna,hingbudruk75,buffalo,fmd,Foot-and-Mouth Disease,2025-04-14,0,0,field_vet,21.243142,78.961539,Maharashtra
NAGPUR,Nagpur,Nagpur,Umred,umrepeth94,sheep,ppr,Peste des Petits Ruminants,2025-04-14,0,0,panchayat_member,21.119283,79.139564,Maharashtra
NAGPUR,Nagpur,Nagpur,Hingna,hingwadi94,poultry,ai_h5n1,Avian Influenza (H5N1),2025-04-14,0,0,para_vet,21.168075,78.993981,Maharashtra
LATUR,Latur,Aurangabad,Nilanga,nilagaon33,buffalo,fmd,Foot-and-Mouth Disease,2025-04-14,0,0,farmer,18.365166,76.475284,Maharashtra
LATUR,Latur,Aurangabad,Renapur,renabudruk37,buffalo,lsd,Lumpy Skin Disease,2025-04-14,0,0,farmer,18.263806,76.679557,Maharashtra
LATUR,Latur,Aurangabad,Deoni,deonnagar53,sheep,ppr,Peste des Petits Ruminants,2025-04-14,0,0,field_vet,18.536501,76.669758,Maharashtra
LATUR,Latur,Aurangabad,Shirur Anantpal,shirtarf26,buffalo,brucellosis,Brucellosis,2025-04-14,0,0,field_vet,18.529011,76.701548,Maharashtra
JALGAON,Jalgaon,Nashik,Chopda,chopkhurd40,buffalo,lsd,Lumpy Skin Disease,2025-04-14,0,0,panchayat_member,21.086361,75.584182,Maharashtra
JALGAON,Jalgaon,Nashik,Pachora,pachgaon34,goat,ppr,Peste des Petits Ruminants,2025-04-14,0,0,livestock_inspector,20.914424,75.450741,Maharashtra
JALGAON,Jalgaon,Nashik,Pachora,pachgaon23,buffalo,brucellosis,Brucellosis,2025-04-14,0,0,farmer,21.012203,75.459021,Maharashtra
PUNE,Pune,Pune,Velhe,velhwadi40,cattle,fmd,Foot-and-Mouth Disease,2025-04-21,0,0,field_vet,18.373479,73.838985,Maharashtra
PUNE,Pune,Pune,Junnar,junngaon80,sheep,ppr,Peste des Petits Ruminants,2025-04-21,0,0,farmer,18.377272,73.99821,Maharashtra
PUNE,Pune,Pune,Mulshi,mulsnagar69,goat,brucellosis,Brucellosis,2025-04-21,0,0,para_vet,18.495621,73.857737,Maharashtra
AHMEDNAGAR,Ahmednagar,Nashik,Pathardi,pathpeth7,buffalo,lsd,Lumpy Skin Disease,2025-04-21,0,0,para_vet,18.99217,74.607152,Maharashtra
AHMEDNAGAR,Ahmednagar,Nashik,Shrirampur,shriwadi43,cattle,brucellosis,Brucellosis,2025-04-21,0,0,panchayat_member,19.210175,74.838853,Maharashtra
AHMEDNAGAR,Ahmednagar,Nashik,Rahuri,rahunagar46,poultry,ai_h5n1,Avian Influenza (H5N1),2025-04-21,0,0,field_vet,19.210723,74.677047,Maharashtra
NASHIK,Nashik,Nashik,Niphad,niphwadi33,cattle,fmd,Foot-and-Mouth Disease,2025-04-21,0,0,farmer,20.046669,73.931616,Maharashtra
NASHIK,Nashik,Nashik,Niphad,niphpeth68,sheep,fmd,Foot-and-Mouth Disease,2025-04-21,0,0,panchayat_member,20.134324,73.772839,Maharashtra
NASHIK,Nashik,Nashik,Yeola,yeolkhurd72,sheep,ppr,Peste des Petits Ruminants,2025-04-21,0,0,livestock_inspector,19.859036,73.723833,Maharashtra
NASHIK,Nashik,Nashik,Niphad,niphwadi28,cattle,brucellosis,Brucellosis,2025-04-21,0,0,panchayat_member,19.861303,73.738781,Maharashtra
KOLHAPUR,Kolhapur,Kolhapur,Panhala,panhwadi56,goat,brucellosis,Brucellosis,2025-04-21,0,0,panchayat_member,16.709272,74.221428,Maharashtra
SANGLI,Sangli,Kolhapur,Walwa,walwbudruk74,buffalo,fmd,Foot-and-Mouth Disease,2025-04-21,0,0,field_vet,16.951685,74.573983,Maharashtra
SANGLI,Sangli,Kolhapur,Jath,jathpeth36,cattle,lsd,Lumpy Skin Disease,2025-04-21,0,0,farmer,16.99249,74.450811,Maharashtra
SANGLI,Sangli,Kolhapur,Jath,jathgaon79,goat,ppr,Peste des Petits Ruminants,2025-04-21,0,0,panchayat_member,16.850306,74.508652,Maharashtra
SANGLI,Sangli,Kolhapur,Miraj,miranagar25,poultry,ai_h5n1,Avian Influenza (H5N1),2025-04-21,0,0,farmer,16.728158,74.652422,Maharashtra
SOLAPUR,Solapur,Pune,Mangalvedhe,mangbudruk98,cattle,fmd,Foot-and-Mouth Disease,2025-04-21,0,0,panchayat_member,17.747464,75.82089,Maharashtra
SOLAPUR,Solapur,Pune,Karmala,karmwadi10,cattle,lsd,Lumpy Skin Disease,2025-04-21,0,0,field_vet,17.77104,75.88799,Maharashtra
SOLAPUR,Solapur,Pune,Pandharpur,pandwadi45,goat,ppr,Peste des Petits Ruminants,2025-04-21,0,0,para_vet,17.685631,76.024149,Maharashtra
SOLAPUR,Solapur,Pune,Madha,madhwadi81,cattle,brucellosis,Brucellosis,2025-04-21,0,0,field_vet,17.734716,75.874926,Maharashtra
NAGPUR,Nagpur,Nagpur,Saoner,saontarf93,cattle,fmd,Foot-and-Mouth Disease,2025-04-21,0,0,para_vet,21.162925,79.196469,Maharashtra
NAGPUR,Nagpur,Nagpur,Narkhed,narktarf51,goat,fmd,Foot-and-Mouth Disease,2025-04-21,0,0,livestock_inspector,21.188204,79.018298,Maharashtra
NAGPUR,Nagpur,Nagpur,Umred,umrebudruk39,goat,ppr,Peste des Petits Ruminants,2025-04-21,0,0,farmer,21.23384,79.119405,Maharashtra
NAGPUR,Nagpur,Nagpur,Saoner,saonpur67,sheep,ppr,Peste des Petits Ruminants,2025-04-21,0,0,para_vet,21.151005,79.131428,Maharashtra
LATUR,Latur,Aurangabad,Ausa,ausatarf27,sheep,fmd,Foot-and-Mouth Disease,2025-04-21,0,0,field_vet,18.436923,76.550386,Maharashtra
LATUR,Latur,Aurangabad,Renapur,renapeth65,sheep,ppr,Peste des Petits Ruminants,2025-04-21,0,0,field_vet,18.379187,76.441559,Maharashtra
LATUR,Latur,Aurangabad,Shirur Anantpal,shirtarf84,cattle,brucellosis,Brucellosis,2025-04-21,0,0,field_vet,18.399078,76.596272,Maharashtra
LATUR,Latur,Aurangabad,Renapur,renatarf45,buffalo,brucellosis,Brucellosis,2025-04-21,0,0,panchayat_member,18.264096,76.642974,Maharashtra
JALGAON,Jalgaon,Nashik,Raver,ravenagar22,buffalo,fmd,Foot-and-Mouth Disease,2025-04-21,0,0,para_vet,20.921721,75.633419,Maharashtra
JALGAON,Jalgaon,Nashik,Yawal,yawatarf92,sheep,ppr,Peste des Petits Ruminants,2025-04-21,0,0,livestock_inspector,20.868824,75.551044,Maharashtra
JALGAON,Jalgaon,Nashik,Chopda,choppeth96,buffalo,brucellosis,Brucellosis,2025-04-21,0,0,farmer,21.139735,75.550604,Maharashtra
PUNE,Pune,Pune,Velhe,velhbudruk11,buffalo,lsd,Lumpy Skin Disease,2025-04-28,0,0,para_vet,18.439545,73.810322,Maharashtra
PUNE,Pune,Pune,Indapur,indabudruk22,goat,ppr,Peste des Petits Ruminants,2025-04-28,0,0,livestock_inspector,18.560976,73.999374,Maharashtra
AHMEDNAGAR,Ahmednagar,Nashik,Shrirampur,shritarf24,buffalo,fmd,Foot-and-Mouth Disease,2025-04-28,0,0,livestock_inspector,19.015985,74.816838,Maharashtra
AHMEDNAGAR,Ahmednagar,Nashik,Nevasa,nevanagar55,goat,fmd,Foot-and-Mouth Disease,2025-04-28,0,0,panchayat_member,18.975906,74.841074,Maharashtra
AHMEDNAGAR,Ahmednagar,Nashik,Kopargaon,kopagaon14,cattle,lsd,Lumpy Skin Disease,2025-04-28,0,0,panchayat_member,19.09157,74.790573,Maharashtra
AHMEDNAGAR,Ahmednagar,Nashik,Sangamner,sangkhurd24,sheep,ppr,Peste des Petits Ruminants,2025-04-28,0,0,field_vet,19.150732,74.693108,Maharashtra
AHMEDNAGAR,Ahmednagar,Nashik,Sangamner,sangpur8,goat,brucellosis,Brucellosis,2025-04-28,0,0,para_vet,19.110585,74.79242,Maharashtra
AHMEDNAGAR,Ahmednagar,Nashik,Parner,parnnagar66,poultry,ai_h5n1,Avian Influenza (H5N1),2025-04-28,0,0,field_vet,19.178897,74.759117,Maharashtra
NASHIK,Nashik,Nashik,Niphad,niphkhurd26,buffalo,fmd,Foot-and-Mouth Disease,2025-04-28,0,0,para_vet,19.953393,73.932433,Maharashtra
NASHIK,Nashik,Nashik,Niphad,niphtarf1,goat,ppr,Peste des Petits Ruminants,2025-04-28,0,0,livestock_inspector,19.98262,73.784834,Maharashtra
NASHIK,Nashik,Nashik,Dindori,dindpeth19,sheep,ppr,Peste des Petits Ruminants,2025-04-28,0,0,farmer,19.940882,73.797066,Maharashtra
NASHIK,Nashik,Nashik,Niphad,niphgaon52,poultry,ai_h5n1,Avian Influenza (H5N1),2025-04-28,0,0,farmer,19.95317,73.911862,Maharashtra
KOLHAPUR,Kolhapur,Kolhapur,Gaganbawada,gagawadi73,cattle,fmd,Foot-and-Mouth Disease,2025-04-28,0,0,livestock_inspector,16.748552,74.16214,Maharashtra
KOLHAPUR,Kolhapur,Kolhapur,Hatkanangle,hatkgaon25,goat,fmd,Foot-and-Mouth Disease,2025-04-28,0,0,livestock_inspector,16.853041,74.13596,Maharashtra
KOLHAPUR,Kolhapur,Kolhapur,Shirol,shirpur44,cattle,lsd,Lumpy Skin Disease,2025-04-28,0,0,para_vet,16.675459,74.094334,Maharashtra
KOLHAPUR,Kolhapur,Kolhapur,Karveer,karvpur78,goat,ppr,Peste des Petits Ruminants,2025-04-28,0,0,para_vet,16.614696,74.391396,Maharashtra
SANGLI,Sangli,Kolhapur,Kadegaon,kadekhurd25,cattle,fmd,Foot-and-Mouth Disease,2025-04-28,0,0,farmer,16.873807,74.541793,Maharashtra
SANGLI,Sangli,Kolhapur,Shirala,shirwadi25,sheep,fmd,Foot-and-Mouth Disease,2025-04-28,0,0,farmer,16.80602,74.581595,Maharashtra
SANGLI,Sangli,Kolhapur,Shirala,shirbudruk70,buffalo,lsd,Lumpy Skin Disease,2025-04-28,0,0,para_vet,16.93063,74.620859,Maharashtra
SANGLI,Sangli,Kolhapur,Kadegaon,kadepeth98,goat,ppr,Peste des Petits Ruminants,2025-04-28,0,0,livestock_inspector,16.839652,74.691201,Maharashtra
SANGLI,Sangli,Kolhapur,Tasgaon,tasgkhurd23,goat,brucellosis,Brucellosis,2025-04-28,0,0,field_vet,16.876443,74.55756,Maharashtra
SOLAPUR,Solapur,Pune,Mangalvedhe,mangwadi76,buffalo,fmd,Foot-and-Mouth Disease,2025-04-28,0,0,field_vet,17.720173,76.051366,Maharashtra
SOLAPUR,Solapur,Pune,Pandharpur,pandwadi59,sheep,fmd,Foot-and-Mouth Disease,2025-04-28,0,0,panchayat_member,17.743735,75.931503,Maharashtra
SOLAPUR,Solapur,Pune,Mangalvedhe,mangpeth51,buffalo,lsd,Lumpy Skin Disease,2025-04-28,0,0,field_vet,17.774234,75.865017,Maharashtra
SOLAPUR,Solapur,Pune,Madha,madhwadi78,cattle,brucellosis,Brucellosis,2025-04-28,0,0,panchayat_member,17.587246,75.961984,Maharashtra
NAGPUR,Nagpur,Nagpur,Katol,katopeth59,cattle,fmd,Foot-and-Mouth Disease,2025-04-28,0,0,livestock_inspector,21.174643,79.078716,Maharashtra
NAGPUR,Nagpur,Nagpur,Umred,umrepeth9,goat,fmd,Foot-and-Mouth Disease,2025-04-28,0,0,farmer,21.012352,79.069541,Maharashtra
NAGPUR,Nagpur,Nagpur,Narkhed,narknagar23,sheep,fmd,Foot-and-Mouth Disease,2025-04-28,0,0,para_vet,21.194007,78.947945,Maharashtra
NAGPUR,Nagpur,Nagpur,Hingna,hingkhurd7,cattle,lsd,Lumpy Skin Disease,2025-04-28,0,0,para_vet,21.060503,79.115016,Maharashtra
NAGPUR,Nagpur,Nagpur,Katol,katowadi49,buffalo,lsd,Lumpy Skin Disease,2025-04-28,0,0,panchayat_member,21.291273,79.015777,Maharashtra
NAGPUR,Nagpur,Nagpur,Saoner,saonpeth69,goat,ppr,Peste des Petits Ruminants,2025-04-28,0,0,livestock_inspector,21.092736,78.980372,Maharashtra
NAGPUR,Nagpur,Nagpur,Narkhed,narkwadi33,goat,brucellosis,Brucellosis,2025-04-28,0,0,para_vet,21.104433,79.227126,Maharashtra
NAGPUR,Nagpur,Nagpur,Hingna,hingpeth53,poultry,ai_h5n1,Avian Influenza (H5N1),2025-04-28,0,0,field_vet,21.286987,79.047749,Maharashtra
LATUR,Latur,Aurangabad,Nilanga,nilagaon62,goat,fmd,Foot-and-Mouth Disease,2025-04-28,0,0,farmer,18.529389,76.438309,Maharashtra
LATUR,Latur,Aurangabad,Ausa,ausapur68,poultry,ai_h5n1,Avian Influenza (H5N1),2025-04-28,0,0,livestock_inspector,18.352466,76.615832,Maharashtra
JALGAON,Jalgaon,Nashik,Yawal,yawanagar54,sheep,fmd,Foot-and-Mouth Disease,2025-04-28,0,0,para_vet,21.120034,75.508461,Maharashtra
JALGAON,Jalgaon,Nashik,Pachora,pachwadi55,buffalo,brucellosis,Brucellosis,2025-04-28,0,0,farmer,21.096386,75.671929,Maharashtra
PUNE,Pune,Pune,Mulshi,mulsnagar64,cattle,fmd,Foot-and-Mouth Disease,2025-05-05,0,0,panchayat_member,18.664765,73.999329,Maharashtra
PUNE,Pune,Pune,Mulshi,mulspur6,buffalo,fmd,Foot-and-Mouth Disease,2025-05-05,0,0,farmer,18.624916,73.753121,Maharashtra
PUNE,Pune,Pune,Velhe,velhpeth75,sheep,fmd,Foot-and-Mouth Disease,2025-05-05,0,0,field_vet,18.522056,73.884717,Maharashtra
PUNE,Pune,Pune,Velhe,velhgaon23,goat,brucellosis,Brucellosis,2025-05-05,0,0,field_vet,18.566341,73.992441,Maharashtra
AHMEDNAGAR,Ahmednagar,Nashik,Sangamner,sangkhurd81,buffalo,fmd,Foot-and-Mouth Disease,2025-05-05,0,0,field_vet,19.202778,74.784791,Maharashtra
AHMEDNAGAR,Ahmednagar,Nashik,Shrirampur,shriwadi98,cattle,lsd,Lumpy Skin Disease,2025-05-05,0,0,para_vet,19.025863,74.758182,Maharashtra
AHMEDNAGAR,Ahmednagar,Nashik,Nevasa,nevanagar7,buffalo,lsd,Lumpy Skin Disease,2025-05-05,0,0,farmer,19.161098,74.768287,Maharashtra
AHMEDNAGAR,Ahmednagar,Nashik,Shrirampur,shriwadi29,cattle,brucellosis,Brucellosis,2025-05-05,0,0,livestock_inspector,19.179367,74.667279,Maharashtra
NASHIK,Nashik,Nashik,Sinnar,sinntarf54,cattle,fmd,Foot-and-Mouth Disease,2025-05-05,0,0,panchayat_member,20.147198,73.643824,Maharashtra
NASHIK,Nashik,Nashik,Niphad,niphkhurd28,buffalo,fmd,Foot-and-Mouth Disease,2025-05-05,0,0,field_vet,20.039546,73.935516,Maharashtra
KOLHAPUR,Kolhapur,Kolhapur,Hatkanangle,hatkpur83,cattle,fmd,Foot-and-Mouth Disease,2025-05-05,0,0,para_vet,16.592482,74.279073,Maharashtra
KOLHAPUR,Kolhapur,Kolhapur,Radhanagari,radhpur89,cattle,lsd,Lumpy Skin Disease,2025-05-05,0,0,field_vet,16.607355,74.233943,Maharashtra
KOLHAPUR,Kolhapur,Kolhapur,Gaganbawada,gagagaon29,buffalo,lsd,Lumpy Skin Disease,2025-05-05,0,0,para_vet,16.560908,74.237721,Maharashtra
KOLHAPUR,Kolhapur,Kolhapur,Panhala,panhnagar40,goat,ppr,Peste des Petits Ruminants,2025-05-05,0,0,farmer,16.80854,74.139058,Maharashtra
KOLHAPUR,Kolhapur,Kolhapur,Gaganbawada,gagatarf25,sheep,ppr,Peste des Petits Ruminants,2025-05-05,0,0,livestock_inspector,16.602185,74.165818,Maharashtra
KOLHAPUR,Kolhapur,Kolhapur,Panhala,panhtarf13,cattle,brucellosis,Brucellosis,2025-05-05,0,0,farmer,16.701242,74.120232,Maharashtra
SANGLI,Sangli,Kolhapur,Kadegaon,kadepur48,cattle,fmd,Foot-and-Mouth Disease,2025-05-05,0,0,field_vet,16.959155,74.470979,Maharashtra
SANGLI,Sangli,Kolhapur,Shirala,shirgaon76,buffalo,fmd,Foot-and-Mouth Disease,2025-05-05,0,0,farmer,16.955744,74.678189,Maharashtra
SANGLI,Sangli,Kolhapur,Jath,jathpeth97,cattle,lsd,Lumpy Skin Disease,2025-05-05,0,0,field_vet,16.809783,74.716318,Maharashtra
SANGLI,Sangli,Kolhapur,Shirala,shirpur10,sheep,ppr,Peste des Petits Ruminants,2025-05-05,0,0,panchayat_member,16.89954,74.699033,Maharashtra
SANGLI,Sangli,Kolhapur,Shirala,shirgaon41,cattle,brucellosis,Brucellosis,2025-05-05,0,0,farmer,16.789149,74.44792,Maharashtra
SANGLI,Sangli,Kolhapur,Tasgaon,tasgkhurd89,goat,brucellosis,Brucellosis,2025-05-05,0,0,livestock_inspector,16.709594,74.711481,Maharashtra
SANGLI,Sangli,Kolhapur,Miraj,miragaon37,poultry,ai_h5n1,Avian Influenza (H5N1),2025-05-05,0,0,livestock_inspector,16.92222,74.686374,Maharashtra
SOLAPUR,Solapur,Pune,Pandharpur,pandgaon50,buffalo,fmd,Foot-and-Mouth Disease,2025-05-05,0,0,para_vet,17.676359,75.790565,Maharashtra
SOLAPUR,Solapur,Pune,Pandharpur,pandpur1,goat,ppr,Peste des Petits Ruminants,2025-05-05,0,0,panchayat_member,17.543578,75.957029,Maharashtra
SOLAPUR,Solapur,Pune,Akkalkot,akkawadi69,cattle,brucellosis,Brucellosis,2025-05-05,0,0,para_vet,17.524815,75.876503,Maharashtra
NAGPUR,Nagpur,Nagpur,Katol,katobudruk46,goat,fmd,Foot-and-Mouth Disease,2025-05-05,0,0,livestock_inspector,21.00943,79.138851,Maharashtra
NAGPUR,Nagpur,Nagpur,Saoner,saonkhurd97,sheep,fmd,Foot-and-Mouth Disease,2025-05-05,0,0,farmer,21.146934,79.213032,Maharashtra
NAGPUR,Nagpur,Nagpur,Saoner,saontarf55,cattle,lsd,Lumpy Skin Disease,2025-05-05,0,0,field_vet,21.223327,79.002378,Maharashtra
NAGPUR,Nagpur,Nagpur,Saoner,saonbudruk44,buffalo,brucellosis,Brucellosis,2025-05-05,0,0,field_vet,21.002933,78.955541,Maharashtra
LATUR,Latur,Aurangabad,Nilanga,nilawadi26,buffalo,fmd,Foot-and-Mouth Disease,2025-05-05,0,0,field_vet,18.333419,76.476328,Maharashtra
LATUR,Latur,Aurangabad,Ausa,ausapeth89,sheep,fmd,Foot-and-Mouth Disease,2025-05-05,0,0,field_vet,18.290707,76.707877,Maharashtra
JALGAON,Jalgaon,Nashik,Raver,ravepeth68,goat,fmd,Foot-and-Mouth Disease,2025-05-05,0,0,panchayat_member,20.945874,75.495223,Maharashtra
JALGAON,Jalgaon,Nashik,Chopda,chopbudruk47,cattle,brucellosis,Brucellosis,2025-05-05,0,0,farmer,20.925609,75.434702,Maharashtra
JALGAON,Jalgaon,Nashik,Yawal,yawagaon78,goat,brucellosis,Brucellosis,2025-05-05,0,0,para_vet,21.058561,75.535229,Maharashtra
PUNE,Pune,Pune,Mulshi,mulspur94,cattle,fmd,Foot-and-Mouth Disease,2025-05-12,0,0,field_vet,18.6245,73.82021,Maharashtra
PUNE,Pune,Pune,Haveli,havekhurd34,goat,fmd,Foot-and-Mouth Disease,2025-05-12,0,0,farmer,18.454671,73.766101,Maharashtra
PUNE,Pune,Pune,Ambegaon,ambegaon57,buffalo,lsd,Lumpy Skin Disease,2025-05-12,0,0,panchayat_member,18.570955,73.799615,Maharashtra
PUNE,Pune,Pune,Haveli,havenagar59,goat,ppr,Peste des Petits Ruminants,2025-05-12,0,0,farmer,18.459174,73.951958,Maharashtra
PUNE,Pune,Pune,Mulshi,mulsbudruk46,sheep,ppr,Peste des Petits Ruminants,2025-05-12,0,0,livestock_inspector,18.45193,73.84884,Maharashtra
PUNE,Pune,Pune,Velhe,velhkhurd58,buffalo,brucellosis,Brucellosis,2025-05-12,0,0,field_vet,18.447881,73.894916,Maharashtra
PUNE,Pune,Pune,Mulshi,mulskhurd51,goat,brucellosis,Brucellosis,2025-05-12,0,0,panchayat_member,18.457079,73.762447,Maharashtra
PUNE,Pune,Pune,Baramati,barawadi29,poultry,ai_h5n1,Avian Influenza (H5N1),2025-05-12,0,0,para_vet,18.498388,73.949419,Maharashtra
AHMEDNAGAR,Ahmednagar,Nashik,Parner,parnwadi11,buffalo,fmd,Foot-and-Mouth Disease,2025-05-12,0,0,farmer,19.243735,74.778768,Maharashtra
AHMEDNAGAR,Ahmednagar,Nashik,Rahuri,rahunagar37,goat,fmd,Foot-and-Mouth Disease,2025-05-12,0,0,farmer,18.96323,74.730244,Maharashtra
AHMEDNAGAR,Ahmednagar,Nashik,Rahuri,rahukhurd52,buffalo,lsd,Lumpy Skin Disease,2025-05-12,0,0,farmer,18.952406,74.614067,Maharashtra
AHMEDNAGAR,Ahmednagar,Nashik,Rahuri,rahupeth14,buffalo,brucellosis,Brucellosis,2025-05-12,0,0,panchayat_member,19.155845,74.724937,Maharashtra
AHMEDNAGAR,Ahmednagar,Nashik,Sangamner,sangbudruk12,goat,brucellosis,Brucellosis,2025-05-12,0,0,field_vet,19.045056,74.775575,Maharashtra
AHMEDNAGAR,Ahmednagar,Nashik,Pathardi,pathbudruk85,poultry,ai_h5n1,Avian Influenza (H5N1),2025-05-12,0,0,panchayat_member,19.163923,74.893478,Maharashtra
NASHIK,Nashik,Nashik,Malegaon,malewadi28,cattle,fmd,Foot-and-Mouth Disease,2025-05-12,0,0,para_vet,19.964358,73.912061,Maharashtra
NASHIK,Nashik,Nashik,Yeola,yeolpeth83,sheep,fmd,Foot-and-Mouth Disease,2025-05-12,0,0,livestock_inspector,19.926907,73.938335,Maharashtra
NASHIK,Nashik,Nashik,Malegaon,malepeth78,goat,brucellosis,Brucellosis,2025-05-12,0,0,livestock_inspector,19.988396,73.650013,Maharashtra
KOLHAPUR,Kolhapur,Kolhapur,Radhanagari,radhgaon50,cattle,fmd,Foot-and-Mouth Disease,2025-05-12,0,0,para_vet,16.6567,74.21126,Maharashtra
KOLHAPUR,Kolhapur,Kolhapur,Hatkanangle,hatkbudruk51,buffalo,fmd,Foot-and-Mouth Disease,2025-05-12,0,0,field_vet,16.675193,74.339183,Maharashtra
KOLHAPUR,Kolhapur,Kolhapur,Radhanagari,radhgaon93,cattle,lsd,Lumpy Skin Disease,2025-05-12,0,0,panchayat_member,16.850669,74.21256,Maharashtra
KOLHAPUR,Kolhapur,Kolhapur,Radhanagari,radhgaon15,sheep,ppr,Peste des Petits Ruminants,2025-05-12,0,0,farmer,16.579949,74.191311,Maharashtra
KOLHAPUR,Kolhapur,Kolhapur,Hatkanangle,hatkgaon18,cattle,brucellosis,Brucellosis,2025-05-12,0,0,farmer,16.811625,74.093662,Maharashtra
KOLHAPUR,Kolhapur,Kolhapur,Panhala,panhbudruk86,buffalo,brucellosis,Brucellosis,2025-05-12,0,0,livestock_inspector,16.804662,74.280648,Maharashtra
SANGLI,Sangli,Kolhapur,Miraj,mirapur18,sheep,fmd,Foot-and-Mouth Disease,2025-05-12,0,0,farmer,16.825598,74.656696,Maharashtra
SANGLI,Sangli,Kolhapur,Kadegaon,kadegaon92,buffalo,brucellosis,Brucellosis,2025-05-12,0,0,panchayat_member,16.922652,74.629077,Maharashtra
SOLAPUR,Solapur,Pune,Karmala,karmbudruk98,goat,fmd,Foot-and-Mouth Disease,2025-05-12,0,0,para_vet,17.75033,75.980498,Maharashtra
SOLAPUR,Solapur,Pune,Mangalvedhe,mangwadi42,buffalo,lsd,Lumpy Skin Disease,2025-05-12,0,0,panchayat_member,17.659805,75.781952,Maharashtra
SOLAPUR,Solapur,Pune,Karmala,karmgaon89,cattle,brucellosis,Brucellosis,2025-05-12,0,0,para_vet,17.514643,75.975321,Maharashtra
NAGPUR,Nagpur,Nagpur,Katol,katobudruk88,cattle,lsd,Lumpy Skin Disease,2025-05-12,0,0,farmer,21.017847,79.082045,Maharashtra
NAGPUR,Nagpur,Nagpur,Hingna,hingtarf72,sheep,ppr,Peste des Petits Ruminants,2025-05-12,0,0,field_vet,21.214885,78.98631,Maharashtra
NAGPUR,Nagpur,Nagpur,Katol,katokhurd22,goat,brucellosis,Brucellosis,2025-05-12,0,0,farmer,21.007595,79.079711,Maharashtra
NAGPUR,Nagpur,Nagpur,Umred,umrepeth30,poultry,ai_h5n1,Avian Influenza (H5N1),2025-05-12,0,0,livestock_inspector,21.290277,79.166949,Maharashtra
LATUR,Latur,Aurangabad,Shirur Anantpal,shirpeth3,cattle,fmd,Foot-and-Mouth Disease,2025-05-12,0,0,panchayat_member,18.347278,76.573831,Maharashtra
LATUR,Latur,Aurangabad,Chakur,chaktarf9,goat,fmd,Foot-and-Mouth Disease,2025-05-12,0,0,para_vet,18.446212,76.629599,Maharashtra
LATUR,Latur,Aurangabad,Ausa,ausapeth18,goat,ppr,Peste des Petits Ruminants,2025-05-12,0,0,para_vet,18.330988,76.421886,Maharashtra
LATUR,Latur,Aurangabad,Nilanga,nilabudruk88,sheep,ppr,Peste des Petits Ruminants,2025-05-12,0,0,para_vet,18.521947,76.602323,Maharashtra
LATUR,Latur,Aurangabad,Chakur,chaknagar79,goat,brucellosis,Brucellosis,2025-05-12,0,0,livestock_inspector,18.509645,76.551774,Maharashtra
LATUR,Latur,Aurangabad,Ausa,ausabudruk48,poultry,ai_h5n1,Avian Influenza (H5N1),2025-05-12,0,0,field_vet,18.531764,76.429683,Maharashtra
JALGAON,Jalgaon,Nashik,Bhusawal,bhusbudruk38,cattle,fmd,Foot-and-Mouth Disease,2025-05-12,0,0,field_vet,21.023396,75.442556,Maharashtra
JALGAON,Jalgaon,Nashik,Raver,ravebudruk13,goat,fmd,Foot-and-Mouth Disease,2025-05-12,0,0,farmer,20.965299,75.507955,Maharashtra
JALGAON,Jalgaon,Nashik,Yawal,yawawadi90,cattle,brucellosis,Brucellosis,2025-05-12,0,0,field_vet,21.006783,75.533978,Maharashtra
PUNE,Pune,Pune,Indapur,indakhurd3,goat,brucellosis,Brucellosis,2025-05-19,0,0,field_vet,18.597979,73.847021,Maharashtra
PUNE,Pune,Pune,Mulshi,mulsgaon50,poultry,ai_h5n1,Avian Influenza (H5N1),2025-05-19,0,0,farmer,18.535248,74.000372,Maharashtra
AHMEDNAGAR,Ahmednagar,Nashik,Parner,parngaon45,cattle,fmd,Foot-and-Mouth Disease,2025-05-19,0,0,para_vet,18.99926,74.830976,Maharashtra
NASHIK,Nashik,Nashik,Igatpuri,igatpeth51,buffalo,fmd,Foot-and-Mouth Disease,2025-05-19,0,0,para_vet,19.871645,73.91281,Maharashtra
NASHIK,Nashik,Nashik,Niphad,niphbudruk36,goat,fmd,Foot-and-Mouth Disease,2025-05-19,0,0,field_vet,19.995066,73.910197,Maharashtra
KOLHAPUR,Kolhapur,Kolhapur,Radhanagari,radhkhurd41,buffalo,lsd,Lumpy Skin Disease,2025-05-19,0,0,farmer,16.747576,74.094084,Maharashtra
KOLHAPUR,Kolhapur,Kolhapur,Radhanagari,radhtarf37,goat,ppr,Peste des Petits Ruminants,2025-05-19,0,0,farmer,16.625889,74.150027,Maharashtra
KOLHAPUR,Kolhapur,Kolhapur,Gaganbawada,gagatarf88,sheep,ppr,Peste des Petits Ruminants,2025-05-19,0,0,farmer,16.773414,74.160562,Maharashtra
KOLHAPUR,Kolhapur,Kolhapur,Gaganbawada,gagawadi25,goat,brucellosis,Brucellosis,2025-05-19,0,0,para_vet,16.845574,74.167,Maharashtra
SANGLI,Sangli,Kolhapur,Tasgaon,tasgnagar40,goat,fmd,Foot-and-Mouth Disease,2025-05-19,0,0,field_vet,16.983505,74.66939,Maharashtra
SANGLI,Sangli,Kolhapur,Tasgaon,tasgkhurd84,sheep,ppr,Peste des Petits Ruminants,2025-05-19,0,0,farmer,16.811803,74.520312,Maharashtra
SANGLI,Sangli,Kolhapur,Walwa,walwtarf44,cattle,brucellosis,Brucellosis,2025-05-19,0,0,panchayat_member,16.80229,74.469321,Maharashtra
SANGLI,Sangli,Kolhapur,Shirala,shirkhurd74,poultry,ai_h5n1,Avian Influenza (H5N1),2025-05-19,0,0,panchayat_member,16.720915,74.635012,Maharashtra
SOLAPUR,Solapur,Pune,Mangalvedhe,mangnagar93,cattle,fmd,Foot-and-Mouth Disease,2025-05-19,0,0,para_vet,17.794312,75.883627,Maharashtra
SOLAPUR,Solapur,Pune,Karmala,karmgaon23,cattle,lsd,Lumpy Skin Disease,2025-05-19,0,0,farmer,17.526645,75.931606,Maharashtra
SOLAPUR,Solapur,Pune,Pandharpur,pandpeth21,buffalo,lsd,Lumpy Skin Disease,2025-05-19,0,0,farmer,17.624618,75.974835,Maharashtra
SOLAPUR,Solapur,Pune,Akkalkot,akkagaon95,goat,ppr,Peste des Petits Ruminants,2025-05-19,0,0,panchayat_member,17.557165,76.032359,Maharashtra
SOLAPUR,Solapur,Pune,Karmala,karmkhurd4,sheep,ppr,Peste des Petits Ruminants,2025-05-19,0,0,livestock_inspector,17.535412,75.808401,Maharashtra
SOLAPUR,Solapur,Pune,Madha,madhpeth57,cattle,brucellosis,Brucellosis,2025-05-19,0,0,field_vet,17.564449,75.990221,Maharashtra
SOLAPUR,Solapur,Pune,Akkalkot,akkawadi11,poultry,ai_h5n1,Avian Influenza (H5N1),2025-05-19,0,0,para_vet,17.636317,75.929476,Maharashtra
NAGPUR,Nagpur,Nagpur,Katol,katowadi73,buffalo,fmd,Foot-and-Mouth Disease,2025-05-19,0,0,livestock_inspector,21.241342,79.184775,Maharashtra
NAGPUR,Nagpur,Nagpur,Kamptee,kampbudruk54,buffalo,lsd,Lumpy Skin Disease,2025-05-19,0,0,field_vet,21.139365,79.075644,Maharashtra
NAGPUR,Nagpur,Nagpur,Saoner,saonpur52,sheep,ppr,Peste des Petits Ruminants,2025-05-19,0,0,panchayat_member,21.014189,79.117822,Maharashtra
NAGPUR,Nagpur,Nagpur,Umred,umrenagar33,cattle,brucellosis,Brucellosis,2025-05-19,0,0,farmer,21.127064,78.938593,Maharashtra
LATUR,Latur,Aurangabad,Shirur Anantpal,shirkhurd16,buffalo,fmd,Foot-and-Mouth Disease,2025-05-19,0,0,para_vet,18.487091,76.709413,Maharashtra
LATUR,Latur,Aurangabad,Shirur Anantpal,shirgaon79,sheep,fmd,Foot-and-Mouth Disease,2025-05-19,0,0,panchayat_member,18.463074,76.577249,Maharashtra
LATUR,Latur,Aurangabad,Ausa,ausapeth37,goat,ppr,Peste des Petits Ruminants,2025-05-19,0,0,farmer,18.344294,76.477881,Maharashtra
LATUR,Latur,Aurangabad,Ausa,ausawadi7,buffalo,brucellosis,Brucellosis,2025-05-19,0,0,livestock_inspector,18.274099,76.442241,Maharashtra
LATUR,Latur,Aurangabad,Renapur,renabudruk73,goat,brucellosis,Brucellosis,2025-05-19,0,0,livestock_inspector,18.307842,76.63918,Maharashtra
JALGAON,Jalgaon,Nashik,Chopda,chopnagar37,goat,ppr,Peste des Petits Ruminants,2025-05-19,0,0,farmer,20.962467,75.62824,Maharashtra
JALGAON,Jalgaon,Nashik,Pachora,pachkhurd57,cattle,brucellosis,Brucellosis,2025-05-19,0,0,livestock_inspector,21.096566,75.531241,Maharashtra
PUNE,Pune,Pune,Ambegaon,ambenagar22,goat,fmd,Foot-and-Mouth Disease,2025-05-26,0,0,field_vet,18.590741,73.908852,Maharashtra
PUNE,Pune,Pune,Baramati,barakhurd24,sheep,fmd,Foot-and-Mouth Disease,2025-05-26,0,0,field_vet,18.482566,73.779746,Maharashtra
PUNE,Pune,Pune,Haveli,havetarf89,cattle,lsd,Lumpy Skin Disease,2025-05-26,0,0,farmer,18.659048,73.781786,Maharashtra
PUNE,Pune,Pune,Ambegaon,ambenagar16,goat,ppr,Peste des Petits Ruminants,2025-05-26,0,0,panchayat_member,18.570203,73.722395,Maharashtra
PUNE,Pune,Pune,Junnar,junnwadi98,sheep,ppr,Peste des Petits Ruminants,2025-05-26,0,0,farmer,18.635825,73.751039,Maharashtra
AHMEDNAGAR,Ahmednagar,Nashik,Pathardi,pathbudruk78,cattle,fmd,Foot-and-Mouth Disease,2025-05-26,0,0,panchayat_member,19.028812,74.689514,Maharashtra
AHMEDNAGAR,Ahmednagar,Nashik,Kopargaon,kopagaon62,buffalo,fmd,Foot-and-Mouth Disease,2025-05-26,0,0,panchayat_member,19.220455,74.802658,Maharashtra
AHMEDNAGAR,Ahmednagar,Nashik,Rahuri,rahupur93,cattle,brucellosis,Brucellosis,2025-05-26,0,0,panchayat_member,19.242137,74.893116,Maharashtra
AHMEDNAGAR,Ahmednagar,Nashik,Sangamner,sangnagar24,buffalo,brucellosis,Brucellosis,2025-05-26,0,0,livestock_inspector,19.044661,74.895314,Maharashtra
AHMEDNAGAR,Ahmednagar,Nashik,Nevasa,nevabudruk38,poultry,ai_h5n1,Avian Influenza (H5N1),2025-05-26,0,0,livestock_inspector,19.126013,74.72458,Maharashtra
NASHIK,Nashik,Nashik,Igatpuri,igatkhurd8,buffalo,fmd,Foot-and-Mouth Disease,2025-05-26,0,0,livestock_inspector,19.864767,73.765666,Maharashtra
NASHIK,Nashik,Nashik,Dindori,dindpur91,goat,fmd,Foot-and-Mouth Disease,2025-05-26,0,0,para_vet,19.991153,73.917141,Maharashtra
NASHIK,Nashik,Nashik,Dindori,dindgaon17,goat,ppr,Peste des Petits Ruminants,2025-05-26,0,0,farmer,19.919212,73.849559,Maharashtra
NASHIK,Nashik,Nashik,Yeola,yeolbudruk45,cattle,brucellosis,Brucellosis,2025-05-26,0,0,panchayat_member,20.11483,73.739399,Maharashtra
KOLHAPUR,Kolhapur,Kolhapur,Panhala,panhwadi32,cattle,lsd,Lumpy Skin Disease,2025-05-26,0,0,farmer,16.755955,74.345221,Maharashtra
KOLHAPUR,Kolhapur,Kolhapur,Panhala,panhwadi27,goat,ppr,Peste des Petits Ruminants,2025-05-26,0,0,livestock_inspector,16.838394,74.250186,Maharashtra
KOLHAPUR,Kolhapur,Kolhapur,Gaganbawada,gagapeth58,goat,brucellosis,Brucellosis,2025-05-26,0,0,panchayat_member,16.622949,74.173891,Maharashtra
KOLHAPUR,Kolhapur,Kolhapur,Panhala,panhkhurd29,poultry,ai_h5n1,Avian Influenza (H5N1),2025-05-26,0,0,field_vet,16.746318,74.197388,Maharashtra
SANGLI,Sangli,Kolhapur,Jath,jathpur58,buffalo,fmd,Foot-and-Mouth Disease,2025-05-26,0,0,livestock_inspector,16.895695,74.661631,Maharashtra
SOLAPUR,Solapur,Pune,Pandharpur,pandtarf49,cattle,fmd,Foot-and-Mouth Disease,2025-05-26,0,0,panchayat_member,17.512948,76.045573,Maharashtra
SOLAPUR,Solapur,Pune,Karmala,karmwadi63,sheep,ppr,Peste des Petits Ruminants,2025-05-26,0,0,livestock_inspector,17.517109,75.922948,Maharashtra
SOLAPUR,Solapur,Pune,Madha,madhwadi89,cattle,brucellosis,Brucellosis,2025-05-26,0,0,farmer,17.582297,76.039997,Maharashtra
SOLAPUR,Solapur,Pune,Mangalvedhe,mangwadi15,poultry,ai_h5n1,Avian Influenza (H5N1),2025-05-26,0,0,field_vet,17.755483,75.818412,Maharashtra
NAGPUR,Nagpur,Nagpur,Umred,umrepeth63,cattle,fmd,Foot-and-Mouth Disease,2025-05-26,0,0,para_vet,21.149248,79.076442,Maharashtra
NAGPUR,Nagpur,Nagpur,Kamptee,kampkhurd80,sheep,ppr,Peste des Petits Ruminants,2025-05-26,0,0,field_vet,21.278418,79.145104,Maharashtra
LATUR,Latur,Aurangabad,Deoni,deonpur61,buffalo,fmd,Foot-and-Mouth Disease,2025-05-26,0,0,livestock_inspector,18.48831,76.674912,Maharashtra
LATUR,Latur,Aurangabad,Deoni,deonpur75,buffalo,lsd,Lumpy Skin Disease,2025-05-26,0,0,para_vet,18.558401,76.541352,Maharashtra
LATUR,Latur,Aurangabad,Deoni,deongaon71,goat,ppr,Peste des Petits Ruminants,2025-05-26,0,0,farmer,18.367309,76.659536,Maharashtra
JALGAON,Jalgaon,Nashik,Pachora,pachtarf61,cattle,fmd,Foot-and-Mouth Disease,2025-05-26,0,0,farmer,20.918339,75.592848,Maharashtra
JALGAON,Jalgaon,Nashik,Erandol,erannagar70,buffalo,fmd,Foot-and-Mouth Disease,2025-05-26,0,0,livestock_inspector,20.883855,75.560671,Maharashtra
JALGAON,Jalgaon,Nashik,Yawal,yawanagar72,buffalo,brucellosis,Brucellosis,2025-05-26,0,0,para_vet,20.88593,75.70033,Maharashtra
JALGAON,Jalgaon,Nashik,Yawal,yawagaon62,goat,brucellosis,Brucellosis,2025-05-26,0,0,farmer,20.861104,75.609158,Maharashtra
JALGAON,Jalgaon,Nashik,Chopda,choppeth38,poultry,ai_h5n1,Avian Influenza (H5N1),2025-05-26,0,0,farmer,20.954018,75.672642,Maharashtra
PUNE,Pune,Pune,Ambegaon,ambenagar4,buffalo,fmd,Foot-and-Mouth Disease,2025-06-02,0,0,livestock_inspector,18.393384,73.97501,Maharashtra
PUNE,Pune,Pune,Indapur,indagaon12,buffalo,lsd,Lumpy Skin Disease,2025-06-02,0,0,farmer,18.465037,73.973344,Maharashtra
PUNE,Pune,Pune,Velhe,velhkhurd89,goat,brucellosis,Brucellosis,2025-06-02,0,0,livestock_inspector,18.38818,73.854646,Maharashtra
AHMEDNAGAR,Ahmednagar,Nashik,Sangamner,sangkhurd4,buffalo,fmd,Foot-and-Mouth Disease,2025-06-02,0,0,livestock_inspector,19.046094,74.758355,Maharashtra
AHMEDNAGAR,Ahmednagar,Nashik,Sangamner,sangwadi74,sheep,fmd,Foot-and-Mouth Disease,2025-06-02,0,0,livestock_inspector,19.000751,74.75538,Maharashtra
AHMEDNAGAR,Ahmednagar,Nashik,Sangamner,sangpur97,sheep,ppr,Peste des Petits Ruminants,2025-06-02,0,0,para_vet,19.07331,74.760798,Maharashtra
AHMEDNAGAR,Ahmednagar,Nashik,Rahuri,rahuwadi34,buffalo,brucellosis,Brucellosis,2025-06-02,0,0,para_vet,19.068158,74.729693,Maharashtra
AHMEDNAGAR,Ahmednagar,Nashik,Shrirampur,shripeth99,poultry,ai_h5n1,Avian Influenza (H5N1),2025-06-02,0,0,farmer,18.983881,74.718097,Maharashtra
NASHIK,Nashik,Nashik,Trimbakeshwar,trimkhurd90,sheep,fmd,Foot-and-Mouth Disease,2025-06-02,0,0,livestock_inspector,20.12379,73.661807,Maharashtra
KOLHAPUR,Kolhapur,Kolhapur,Karveer,karvgaon12,buffalo,fmd,Foot-and-Mouth Disease,2025-06-02,0,0,panchayat_member,16.841584,74.286359,Maharashtra
KOLHAPUR,Kolhapur,Kolhapur,Panhala,panhgaon84,sheep,fmd,Foot-and-Mouth Disease,2025-06-02,0,0,livestock_inspector,16.778123,74.334176,Maharashtra
SANGLI,Sangli,Kolhapur,Kadegaon,kadenagar55,goat,fmd,Foot-and-Mouth Disease,2025-06-02,0,0,panchayat_member,16.801191,74.472956,Maharashtra
SANGLI,Sangli,Kolhapur,Shirala,shirgaon83,buffalo,lsd,Lumpy Skin Disease,2025-06-02,0,0,livestock_inspector,16.763808,74.52331,Maharashtra
SANGLI,Sangli,Kolhapur,Walwa,walwgaon53,goat,ppr,Peste des Petits Ruminants,2025-06-02,0,0,para_vet,16.867641,74.678494,Maharashtra
SANGLI,Sangli,Kolhapur,Shirala,shirwadi60,cattle,brucellosis,Brucellosis,2025-06-02,0,0,panchayat_member,16.992187,74.462532,Maharashtra
SANGLI,Sangli,Kolhapur,Walwa,walwbudruk72,goat,brucellosis,Brucellosis,2025-06-02,0,0,field_vet,16.729359,74.707801,Maharashtra
SOLAPUR,Solapur,Pune,Mangalvedhe,mangkhurd82,cattle,fmd,Foot-and-Mouth Disease,2025-06-02,0,0,para_vet,17.654918,75.958751,Maharashtra
SOLAPUR,Solapur,Pune,Madha,madhnagar42,goat,fmd,Foot-and-Mouth Disease,2025-06-02,0,0,livestock_inspector,17.592076,75.893303,Maharashtra
SOLAPUR,Solapur,Pune,Mangalvedhe,mangpur94,sheep,fmd,Foot-and-Mouth Disease,2025-06-02,0,0,farmer,17.760638,76.015991,Maharashtra
SOLAPUR,Solapur,Pune,Akkalkot,akkagaon15,buffalo,lsd,Lumpy Skin Disease,2025-06-02,0,0,livestock_inspector,17.545678,75.846609,Maharashtra
SOLAPUR,Solapur,Pune,Mangalvedhe,mangkhurd8,goat,ppr,Peste des Petits Ruminants,2025-06-02,0,0,panchayat_member,17.647143,75.996473,Maharashtra
SOLAPUR,Solapur,Pune,Akkalkot,akkapeth59,goat,brucellosis,Brucellosis,2025-06-02,0,0,farmer,17.526852,75.924495,Maharashtra
NAGPUR,Nagpur,Nagpur,Narkhed,narknagar47,sheep,fmd,Foot-and-Mouth Disease,2025-06-02,0,0,para_vet,21.160594,79.002702,Maharashtra
LATUR,Latur,Aurangabad,Shirur Anantpal,shirbudruk77,cattle,fmd,Foot-and-Mouth Disease,2025-06-02,0,0,para_vet,18.460516,76.617869,Maharashtra
LATUR,Latur,Aurangabad,Renapur,renanagar41,sheep,fmd,Foot-and-Mouth Disease,2025-06-02,0,0,livestock_inspector,18.29877,76.551667,Maharashtra
LATUR,Latur,Aurangabad,Chakur,chakpur51,sheep,ppr,Peste des Petits Ruminants,2025-06-02,0,0,panchayat_member,18.556309,76.47813,Maharashtra
LATUR,Latur,Aurangabad,Nilanga,nilatarf57,cattle,brucellosis,Brucellosis,2025-06-02,0,0,para_vet,18.331257,76.593936,Maharashtra
JALGAON,Jalgaon,Nashik,Yawal,yawakhurd62,cattle,fmd,Foot-and-Mouth Disease,2025-06-02,0,0,panchayat_member,21.035766,75.420017,Maharashtra
JALGAON,Jalgaon,Nashik,Raver,ravepeth56,goat,fmd,Foot-and-Mouth Disease,2025-06-02,0,0,para_vet,20.92283,75.489962,Maharashtra
JALGAON,Jalgaon,Nashik,Raver,ravepeth99,goat,ppr,Peste des Petits Ruminants,2025-06-02,0,0,farmer,20.859772,75.620478,Maharashtra
JALGAON,Jalgaon,Nashik,Chopda,chopkhurd96,sheep,ppr,Peste des Petits Ruminants,2025-06-02,0,0,livestock_inspector,20.861042,75.471854,Maharashtra
JALGAON,Jalgaon,Nashik,Erandol,erangaon17,buffalo,brucellosis,Brucellosis,2025-06-02,0,0,field_vet,21.051401,75.679856,Maharashtra
PUNE,Pune,Pune,Indapur,indakhurd83,buffalo,lsd,Lumpy Skin Disease,2025-06-09,0,0,panchayat_member,18.499003,73.865496,Maharashtra
PUNE,Pune,Pune,Indapur,indapeth87,sheep,ppr,Peste des Petits Ruminants,2025-06-09,0,0,panchayat_member,18.629153,73.910016,Maharashtra
PUNE,Pune,Pune,Ambegaon,ambewadi51,goat,brucellosis,Brucellosis,2025-06-09,0,0,livestock_inspector,18.50072,73.980153,Maharashtra
AHMEDNAGAR,Ahmednagar,Nashik,Sangamner,sangpur40,sheep,fmd,Foot-and-Mouth Disease,2025-06-09,0,0,para_vet,19.201755,74.71234,Maharashtra
NASHIK,Nashik,Nashik,Yeola,yeolpur22,buffalo,fmd,Foot-and-Mouth Disease,2025-06-09,0,0,para_vet,19.941824,73.791498,Maharashtra
NASHIK,Nashik,Nashik,Dindori,dindbudruk71,sheep,fmd,Foot-and-Mouth Disease,2025-06-09,0,0,panchayat_member,19.985537,73.855999,Maharashtra
NASHIK,Nashik,Nashik,Trimbakeshwar,trimbudruk97,cattle,lsd,Lumpy Skin Disease,2025-06-09,0,0,livestock_inspector,20.088365,73.807286,Maharashtra
NASHIK,Nashik,Nashik,Malegaon,maletarf82,cattle,brucellosis,Brucellosis,2025-06-09,0,0,panchayat_member,19.888533,73.725669,Maharashtra
NASHIK,Nashik,Nashik,Sinnar,sinnwadi96,poultry,ai_h5n1,Avian Influenza (H5N1),2025-06-09,0,0,field_vet,19.89553,73.923015,Maharashtra
KOLHAPUR,Kolhapur,Kolhapur,Panhala,panhpeth70,cattle,fmd,Foot-and-Mouth Disease,2025-06-09,0,0,field_vet,16.777045,74.226063,Maharashtra
KOLHAPUR,Kolhapur,Kolhapur,Shirol,shirtarf80,goat,fmd,Foot-and-Mouth Disease,2025-06-09,0,0,para_vet,16.706009,74.211821,Maharashtra
KOLHAPUR,Kolhapur,Kolhapur,Gaganbawada,gaganagar36,sheep,fmd,Foot-and-Mouth Disease,2025-06-09,0,0,livestock_inspector,16.795665,74.378991,Maharashtra
KOLHAPUR,Kolhapur,Kolhapur,Karveer,karvpur14,buffalo,lsd,Lumpy Skin Disease,2025-06-09,0,0,field_vet,16.671663,74.340063,Maharashtra
KOLHAPUR,Kolhapur,Kolhapur,Karveer,karvtarf6,goat,brucellosis,Brucellosis,2025-06-09,0,0,para_vet,16.773107,74.338144,Maharashtra
SANGLI,Sangli,Kolhapur,Shirala,shirtarf5,goat,brucellosis,Brucellosis,2025-06-09,0,0,field_vet,16.803213,74.604176,Maharashtra
SOLAPUR,Solapur,Pune,Barshi,barsbudruk79,buffalo,fmd,Foot-and-Mouth Disease,2025-06-09,0,0,para_vet,17.689134,75.817602,Maharashtra
SOLAPUR,Solapur,Pune,Mangalvedhe,mangkhurd27,cattle,lsd,Lumpy Skin Disease,2025-06-09,0,0,para_vet,17.532168,75.814814,Maharashtra
SOLAPUR,Solapur,Pune,Mangalvedhe,mangbudruk6,buffalo,lsd,Lumpy Skin Disease,2025-06-09,0,0,farmer,17.793001,76.004453,Maharashtra
SOLAPUR,Solapur,Pune,Pandharpur,pandtarf10,goat,brucellosis,Brucellosis,2025-06-09,0,0,livestock_inspector,17.6053,75.958532,Maharashtra
NAGPUR,Nagpur,Nagpur,Saoner,saontarf75,goat,fmd,Foot-and-Mouth Disease,2025-06-09,0,0,panchayat_member,21.226496,79.112443,Maharashtra
NAGPUR,Nagpur,Nagpur,Kamptee,kampkhurd55,cattle,brucellosis,Brucellosis,2025-06-09,0,0,farmer,21.15146,79.059684,Maharashtra
NAGPUR,Nagpur,Nagpur,Narkhed,narkpeth14,poultry,ai_h5n1,Avian Influenza (H5N1),2025-06-09,0,0,field_vet,21.007242,79.170526,Maharashtra
LATUR,Latur,Aurangabad,Deoni,deontarf65,buffalo,fmd,Foot-and-Mouth Disease,2025-06-09,0,0,farmer,18.382991,76.449911,Maharashtra
LATUR,Latur,Aurangabad,Shirur Anantpal,shirtarf74,goat,fmd,Foot-and-Mouth Disease,2025-06-09,0,0,farmer,18.404933,76.452898,Maharashtra
LATUR,Latur,Aurangabad,Shirur Anantpal,shirwadi38,sheep,fmd,Foot-and-Mouth Disease,2025-06-09,0,0,panchayat_member,18.366526,76.689374,Maharashtra
LATUR,Latur,Aurangabad,Deoni,deonbudruk59,cattle,lsd,Lumpy Skin Disease,2025-06-09,0,0,livestock_inspector,18.484625,76.591846,Maharashtra
LATUR,Latur,Aurangabad,Ausa,ausanagar37,buffalo,lsd,Lumpy Skin Disease,2025-06-09,0,0,livestock_inspector,18.300495,76.704523,Maharashtra
LATUR,Latur,Aurangabad,Deoni,deonnagar17,sheep,ppr,Peste des Petits Ruminants,2025-06-09,0,0,panchayat_member,18.500791,76.697594,Maharashtra
JALGAON,Jalgaon,Nashik,Chopda,choptarf64,buffalo,fmd,Foot-and-Mouth Disease,2025-06-09,0,0,para_vet,20.919585,75.62764,Maharashtra
JALGAON,Jalgaon,Nashik,Bhusawal,bhusnagar5,goat,fmd,Foot-and-Mouth Disease,2025-06-09,0,0,farmer,21.014,75.636137,Maharashtra
JALGAON,Jalgaon,Nashik,Raver,ravewadi81,cattle,lsd,Lumpy Skin Disease,2025-06-09,0,0,field_vet,21.130158,75.681728,Maharashtra
JALGAON,Jalgaon,Nashik,Chopda,chopbudruk48,buffalo,lsd,Lumpy Skin Disease,2025-06-09,0,0,livestock_inspector,20.862697,75.596386,Maharashtra
JALGAON,Jalgaon,Nashik,Bhusawal,bhusgaon1,goat,ppr,Peste des Petits Ruminants,2025-06-09,0,0,panchayat_member,20.883259,75.456665,Maharashtra
JALGAON,Jalgaon,Nashik,Bhusawal,bhuskhurd93,sheep,ppr,Peste des Petits Ruminants,2025-06-09,0,0,farmer,21.095549,75.495749,Maharashtra
JALGAON,Jalgaon,Nashik,Bhusawal,bhuskhurd88,buffalo,brucellosis,Brucellosis,2025-06-09,0,0,livestock_inspector,21.120485,75.557114,Maharashtra
JALGAON,Jalgaon,Nashik,Chopda,chopnagar68,goat,brucellosis,Brucellosis,2025-06-09,0,0,para_vet,20.926126,75.477703,Maharashtra
PUNE,Pune,Pune,Baramati,barapur40,cattle,fmd,Foot-and-Mouth Disease,2025-06-16,0,0,para_vet,18.662427,73.809841,Maharashtra
PUNE,Pune,Pune,Ambegaon,ambekhurd42,goat,ppr,Peste des Petits Ruminants,2025-06-16,0,0,farmer,18.390683,73.846482,Maharashtra
PUNE,Pune,Pune,Haveli,havetarf6,sheep,ppr,Peste des Petits Ruminants,2025-06-16,0,0,para_vet,18.44593,73.816357,Maharashtra
PUNE,Pune,Pune,Junnar,junnpeth51,cattle,brucellosis,Brucellosis,2025-06-16,0,0,livestock_inspector,18.500944,73.981225,Maharashtra
AHMEDNAGAR,Ahmednagar,Nashik,Parner,parnpur51,buffalo,fmd,Foot-and-Mouth Disease,2025-06-16,0,0,para_vet,18.973385,74.794452,Maharashtra
AHMEDNAGAR,Ahmednagar,Nashik,Parner,parnnagar40,cattle,lsd,Lumpy Skin Disease,2025-06-16,0,0,field_vet,19.157148,74.691567,Maharashtra
AHMEDNAGAR,Ahmednagar,Nashik,Nevasa,nevapeth22,sheep,ppr,Peste des Petits Ruminants,2025-06-16,0,0,panchayat_member,19.074441,74.782579,Maharashtra
NASHIK,Nashik,Nashik,Niphad,niphpur64,buffalo,fmd,Foot-and-Mouth Disease,2025-06-16,0,0,panchayat_member,19.932838,73.776903,Maharashtra
NASHIK,Nashik,Nashik,Igatpuri,igatpur24,sheep,fmd,Foot-and-Mouth Disease,2025-06-16,0,0,para_vet,20.117583,73.736448,Maharashtra
NASHIK,Nashik,Nashik,Dindori,dindbudruk94,cattle,lsd,Lumpy Skin Disease,2025-06-16,0,0,panchayat_member,19.921803,73.758903,Maharashtra
NASHIK,Nashik,Nashik,Niphad,niphpur16,cattle,brucellosis,Brucellosis,2025-06-16,0,0,para_vet,20.092533,73.833506,Maharashtra
NASHIK,Nashik,Nashik,Trimbakeshwar,trimkhurd77,poultry,ai_h5n1,Avian Influenza (H5N1),2025-06-16,0,0,para_vet,19.915568,73.643328,Maharashtra
KOLHAPUR,Kolhapur,Kolhapur,Hatkanangle,hatkkhurd44,sheep,fmd,Foot-and-Mouth Disease,2025-06-16,0,0,panchayat_member,16.798412,74.176435,Maharashtra
KOLHAPUR,Kolhapur,Kolhapur,Hatkanangle,hatkpur16,buffalo,lsd,Lumpy Skin Disease,2025-06-16,0,0,farmer,16.816875,74.318108,Maharashtra
KOLHAPUR,Kolhapur,Kolhapur,Karveer,karvkhurd64,goat,brucellosis,Brucellosis,2025-06-16,0,0,panchayat_member,16.781412,74.369719,Maharashtra
KOLHAPUR,Kolhapur,Kolhapur,Radhanagari,radhnagar44,poultry,ai_h5n1,Avian Influenza (H5N1),2025-06-16,0,0,panchayat_member,16.703963,74.239958,Maharashtra
SANGLI,Sangli,Kolhapur,Kadegaon,kadenagar10,cattle,fmd,Foot-and-Mouth Disease,2025-06-16,0,0,para_vet,16.952435,74.52408,Maharashtra
SANGLI,Sangli,Kolhapur,Walwa,walwkhurd72,buffalo,fmd,Foot-and-Mouth Disease,2025-06-16,0,0,farmer,16.99038,74.627207,Maharashtra
SANGLI,Sangli,Kolhapur,Kadegaon,kadewadi87,goat,fmd,Foot-and-Mouth Disease,2025-06-16,0,0,livestock_inspector,16.957257,74.465994,Maharashtra
SANGLI,Sangli,Kolhapur,Tasgaon,tasggaon43,sheep,fmd,Foot-and-Mouth Disease,2025-06-16,0,0,field_vet,16.860107,74.431567,Maharashtra
SANGLI,Sangli,Kolhapur,Shirala,shirbudruk59,goat,ppr,Peste des Petits Ruminants,2025-06-16,0,0,panchayat_member,16.707964,74.683274,Maharashtra
SANGLI,Sangli,Kolhapur,Tasgaon,tasgpeth24,poultry,ai_h5n1,Avian Influenza (H5N1),2025-06-16,0,0,livestock_inspector,16.794066,74.633888,Maharashtra
SOLAPUR,Solapur,Pune,Mangalvedhe,mangnagar66,goat,ppr,Peste des Petits Ruminants,2025-06-16,0,0,field_vet,17.63179,75.921947,Maharashtra
SOLAPUR,Solapur,Pune,Madha,madhkhurd53,goat,brucellosis,Brucellosis,2025-06-16,0,0,field_vet,17.591363,75.905255,Maharashtra
NAGPUR,Nagpur,Nagpur,Saoner,saonpeth84,buffalo,fmd,Foot-and-Mouth Disease,2025-06-16,0,0,livestock_inspector,21.111303,79.015985,Maharashtra
NAGPUR,Nagpur,Nagpur,Katol,katobudruk41,sheep,fmd,Foot-and-Mouth Disease,2025-06-16,0,0,farmer,21.21087,78.977113,Maharashtra
NAGPUR,Nagpur,Nagpur,Kamptee,kampkhurd57,goat,ppr,Peste des Petits Ruminants,2025-06-16,0,0,field_vet,21.079697,79.19827,Maharashtra
NAGPUR,Nagpur,Nagpur,Saoner,saonwadi61,goat,brucellosis,Brucellosis,2025-06-16,0,0,para_vet,21.133379,78.954809,Maharashtra
LATUR,Latur,Aurangabad,Ausa,ausatarf14,cattle,fmd,Foot-and-Mouth Disease,2025-06-16,0,0,farmer,18.49945,76.67425,Maharashtra
LATUR,Latur,Aurangabad,Chakur,chaknagar96,sheep,fmd,Foot-and-Mouth Disease,2025-06-16,0,0,farmer,18.333092,76.665629,Maharashtra
LATUR,Latur,Aurangabad,Ausa,ausabudruk9,buffalo,lsd,Lumpy Skin Disease,2025-06-16,0,0,farmer,18.521938,76.416744,Maharashtra
LATUR,Latur,Aurangabad,Shirur Anantpal,shirbudruk76,sheep,ppr,Peste des Petits Ruminants,2025-06-16,0,0,livestock_inspector,18.401533,76.600554,Maharashtra
JALGAON,Jalgaon,Nashik,Erandol,eranwadi93,cattle,fmd,Foot-and-Mouth Disease,2025-06-16,0,0,livestock_inspector,21.115915,75.553711,Maharashtra
JALGAON,Jalgaon,Nashik,Raver,ravepeth53,goat,ppr,Peste des Petits Ruminants,2025-06-16,0,0,panchayat_member,20.991468,75.51294,Maharashtra
JALGAON,Jalgaon,Nashik,Pachora,pachgaon98,sheep,ppr,Peste des Petits Ruminants,2025-06-16,0,0,farmer,21.046091,75.638751,Maharashtra
JALGAON,Jalgaon,Nashik,Erandol,eranwadi59,cattle,brucellosis,Brucellosis,2025-06-16,0,0,panchayat_member,20.919195,75.573953,Maharashtra
AHMEDNAGAR,Ahmednagar,Nashik,Rahuri,rahukhurd4,goat,fmd,Foot-and-Mouth Disease,2025-06-23,0,0,livestock_inspector,19.123973,74.775951,Maharashtra
AHMEDNAGAR,Ahmednagar,Nashik,Shrirampur,shritarf28,cattle,lsd,Lumpy Skin Disease,2025-06-23,0,0,farmer,19.112328,74.874416,Maharashtra
AHMEDNAGAR,Ahmednagar,Nashik,Pathardi,pathpur90,buffalo,lsd,Lumpy Skin Disease,2025-06-23,0,0,farmer,19.172219,74.80586,Maharashtra
AHMEDNAGAR,Ahmednagar,Nashik,Kopargaon,kopakhurd67,cattle,brucellosis,Brucellosis,2025-06-23,0,0,field_vet,19.07784,74.845366,Maharashtra
AHMEDNAGAR,Ahmednagar,Nashik,Parner,parngaon69,poultry,ai_h5n1,Avian Influenza (H5N1),2025-06-23,0,0,para_vet,19.090606,74.855869,Maharashtra
NASHIK,Nashik,Nashik,Trimbakeshwar,trimpur47,buffalo,fmd,Foot-and-Mouth Disease,2025-06-23,0,0,field_vet,20.050256,73.845668,Maharashtra
NASHIK,Nashik,Nashik,Niphad,niphbudruk75,goat,ppr,Peste des Petits Ruminants,2025-06-23,0,0,farmer,20.121733,73.893592,Maharashtra
NASHIK,Nashik,Nashik,Trimbakeshwar,trimbudruk53,sheep,ppr,Peste des Petits Ruminants,2025-06-23,0,0,field_vet,19.868621,73.915235,Maharashtra
NASHIK,Nashik,Nashik,Malegaon,malepur85,goat,brucellosis,Brucellosis,2025-06-23,0,0,para_vet,19.990291,73.872789,Maharashtra
KOLHAPUR,Kolhapur,Kolhapur,Shirol,shirpur37,buffalo,fmd,Foot-and-Mouth Disease,2025-06-23,0,0,panchayat_member,16.79867,74.167796,Maharashtra
KOLHAPUR,Kolhapur,Kolhapur,Hatkanangle,hatktarf77,goat,fmd,Foot-and-Mouth Disease,2025-06-23,0,0,field_vet,16.719226,74.186462,Maharashtra
KOLHAPUR,Kolhapur,Kolhapur,Gaganbawada,gagatarf54,cattle,lsd,Lumpy Skin Disease,2025-06-23,0,0,livestock_inspector,16.590224,74.192268,Maharashtra
KOLHAPUR,Kolhapur,Kolhapur,Panhala,panhpeth56,buffalo,lsd,Lumpy Skin Disease,2025-06-23,0,0,livestock_inspector,16.634052,74.313571,Maharashtra
KOLHAPUR,Kolhapur,Kolhapur,Radhanagari,radhkhurd36,cattle,brucellosis,Brucellosis,2025-06-23,0,0,farmer,16.703931,74.371967,Maharashtra
KOLHAPUR,Kolhapur,Kolhapur,Hatkanangle,hatktarf72,buffalo,brucellosis,Brucellosis,2025-06-23,0,0,para_vet,16.792092,74.199258,Maharashtra
SANGLI,Sangli,Kolhapur,Jath,jathgaon4,goat,fmd,Foot-and-Mouth Disease,2025-06-23,0,0,panchayat_member,16.827613,74.646762,Maharashtra
SANGLI,Sangli,Kolhapur,Walwa,walwpeth72,sheep,fmd,Foot-and-Mouth Disease,2025-06-23,0,0,field_vet,16.932188,74.459547,Maharashtra
SANGLI,Sangli,Kolhapur,Miraj,miratarf27,buffalo,brucellosis,Brucellosis,2025-06-23,0,0,para_vet,16.715513,74.553269,Maharashtra
SANGLI,Sangli,Kolhapur,Tasgaon,tasgnagar32,goat,brucellosis,Brucellosis,2025-06-23,0,0,livestock_inspector,16.878631,74.486982,Maharashtra
SANGLI,Sangli,Kolhapur,Kadegaon,kadepeth67,poultry,ai_h5n1,Avian Influenza (H5N1),2025-06-23,0,0,para_vet,16.985491,74.729785,Maharashtra
SOLAPUR,Solapur,Pune,Pandharpur,pandbudruk36,buffalo,lsd,Lumpy Skin Disease,2025-06-23,0,0,farmer,17.587197,75.950873,Maharashtra
SOLAPUR,Solapur,Pune,Pandharpur,pandpeth85,buffalo,brucellosis,Brucellosis,2025-06-23,0,0,farmer,17.601687,76.041362,Maharashtra
NAGPUR,Nagpur,Nagpur,Hingna,hingnagar75,cattle,fmd,Foot-and-Mouth Disease,2025-06-23,0,0,farmer,21.249867,79.219823,Maharashtra
NAGPUR,Nagpur,Nagpur,Hingna,hingpur32,sheep,fmd,Foot-and-Mouth Disease,2025-06-23,0,0,para_vet,21.075687,79.106255,Maharashtra
LATUR,Latur,Aurangabad,Chakur,chakkhurd22,goat,fmd,Foot-and-Mouth Disease,2025-06-23,0,0,livestock_inspector,18.269726,76.533726,Maharashtra
LATUR,Latur,Aurangabad,Renapur,renabudruk23,sheep,fmd,Foot-and-Mouth Disease,2025-06-23,0,0,farmer,18.277236,76.455678,Maharashtra
LATUR,Latur,Aurangabad,Renapur,renapur7,cattle,lsd,Lumpy Skin Disease,2025-06-23,0,0,para_vet,18.356539,76.599872,Maharashtra
LATUR,Latur,Aurangabad,Nilanga,nilatarf71,goat,ppr,Peste des Petits Ruminants,2025-06-23,0,0,field_vet,18.273699,76.436677,Maharashtra
LATUR,Latur,Aurangabad,Nilanga,nilapeth55,sheep,ppr,Peste des Petits Ruminants,2025-06-23,0,0,livestock_inspector,18.471865,76.471844,Maharashtra
LATUR,Latur,Aurangabad,Nilanga,nilakhurd71,cattle,brucellosis,Brucellosis,2025-06-23,0,0,farmer,18.259269,76.422567,Maharashtra
LATUR,Latur,Aurangabad,Ausa,ausabudruk45,goat,brucellosis,Brucellosis,2025-06-23,0,0,livestock_inspector,18.528854,76.606694,Maharashtra
JALGAON,Jalgaon,Nashik,Raver,ravepur14,buffalo,lsd,Lumpy Skin Disease,2025-06-23,0,0,livestock_inspector,21.022628,75.549332,Maharashtra
JALGAON,Jalgaon,Nashik,Raver,ravegaon79,sheep,ppr,Peste des Petits Ruminants,2025-06-23,0,0,para_vet,20.990741,75.487273,Maharashtra
JALGAON,Jalgaon,Nashik,Raver,ravekhurd52,cattle,brucellosis,Brucellosis,2025-06-23,0,0,farmer,21.128998,75.703007,Maharashtra
